STARTFONT 2.1
COMMENT
COMMENT Converted from OpenType font "FSEX302.ttf" by "otf2bdf 3.0".
COMMENT
FONT -FreeType-Fixedsys Excelsior-Medium-R-Normal--16-120-96-96-M-78-ISO10646-1
SIZE 12 96 96
FONTBOUNDINGBOX 74 17 -14 -4
STARTPROPERTIES 19
FOUNDRY "FreeType"
FAMILY_NAME "Fixedsys Excelsior"
WEIGHT_NAME "Medium"
SLANT "R"
SETWIDTH_NAME "Normal"
ADD_STYLE_NAME ""
PIXEL_SIZE 16
POINT_SIZE 120
RESOLUTION_X 96
RESOLUTION_Y 96
SPACING "M"
AVERAGE_WIDTH 78
CHARSET_REGISTRY "ISO10646"
CHARSET_ENCODING "1"
FONT_ASCENT 13
FONT_DESCENT 3
COPYRIGHT "-FreeType-Fixedsys Excelsior-Medium-R-Normal--16-120-96-96-M-78-ISO10646-1"
_OTF_FONTFILE "FSEX302.ttf"
_OTF_PSNAME "FixedsysExcelsiorIIIb"
ENDPROPERTIES
CHARS 5997
STARTCHAR 0000
ENCODING 0
SWIDTH 500 0
DWIDTH 8 0
BBX 6 9 1 0
BITMAP
FC
FC
FC
FC
FC
FC
FC
FC
FC
ENDCHAR
STARTCHAR 0001
ENCODING 1
SWIDTH 500 0
DWIDTH 8 0
BBX 6 9 1 0
BITMAP
FC
FC
FC
FC
FC
FC
FC
FC
FC
ENDCHAR
STARTCHAR 0002
ENCODING 2
SWIDTH 500 0
DWIDTH 8 0
BBX 7 14 1 -2
BITMAP
66
88
88
66
00
FE
FE
86
92
86
92
86
FE
FE
ENDCHAR
STARTCHAR 0003
ENCODING 3
SWIDTH 500 0
DWIDTH 8 0
BBX 7 14 1 -2
BITMAP
66
88
88
66
00
FE
FE
C6
92
9E
92
C6
FE
FE
ENDCHAR
STARTCHAR 0004
ENCODING 4
SWIDTH 500 0
DWIDTH 8 0
BBX 6 9 1 0
BITMAP
FC
FC
FC
FC
FC
FC
FC
FC
FC
ENDCHAR
STARTCHAR 0005
ENCODING 5
SWIDTH 500 0
DWIDTH 8 0
BBX 6 9 1 0
BITMAP
FC
FC
FC
FC
FC
FC
FC
FC
FC
ENDCHAR
STARTCHAR 0006
ENCODING 6
SWIDTH 500 0
DWIDTH 8 0
BBX 6 9 1 0
BITMAP
FC
FC
FC
FC
FC
FC
FC
FC
FC
ENDCHAR
STARTCHAR 0007
ENCODING 7
SWIDTH 500 0
DWIDTH 8 0
BBX 6 9 1 0
BITMAP
FC
FC
FC
FC
FC
FC
FC
FC
FC
ENDCHAR
STARTCHAR 0008
ENCODING 8
SWIDTH 500 0
DWIDTH 8 0
BBX 6 9 1 0
BITMAP
FC
FC
FC
FC
FC
FC
FC
FC
FC
ENDCHAR
STARTCHAR 0009
ENCODING 9
SWIDTH 500 0
DWIDTH 8 0
BBX 6 9 1 0
BITMAP
FC
FC
FC
FC
FC
FC
FC
FC
FC
ENDCHAR
STARTCHAR 000A
ENCODING 10
SWIDTH 500 0
DWIDTH 8 0
BBX 6 9 1 0
BITMAP
FC
FC
FC
FC
FC
FC
FC
FC
FC
ENDCHAR
STARTCHAR 000B
ENCODING 11
SWIDTH 500 0
DWIDTH 8 0
BBX 6 9 1 0
BITMAP
FC
FC
FC
FC
FC
FC
FC
FC
FC
ENDCHAR
STARTCHAR 000C
ENCODING 12
SWIDTH 500 0
DWIDTH 8 0
BBX 6 9 1 0
BITMAP
FC
FC
FC
FC
FC
FC
FC
FC
FC
ENDCHAR
STARTCHAR 000D
ENCODING 13
SWIDTH 500 0
DWIDTH 8 0
BBX 6 9 1 0
BITMAP
FC
FC
FC
FC
FC
FC
FC
FC
FC
ENDCHAR
STARTCHAR 000E
ENCODING 14
SWIDTH 500 0
DWIDTH 8 0
BBX 6 9 1 0
BITMAP
FC
FC
FC
FC
FC
FC
FC
FC
FC
ENDCHAR
STARTCHAR 000F
ENCODING 15
SWIDTH 500 0
DWIDTH 8 0
BBX 7 14 1 -2
BITMAP
66
88
88
66
00
FE
FE
C6
92
92
92
C6
FE
FE
ENDCHAR
STARTCHAR 0010
ENCODING 16
SWIDTH 500 0
DWIDTH 8 0
BBX 6 9 1 0
BITMAP
FC
FC
FC
FC
FC
FC
FC
FC
FC
ENDCHAR
STARTCHAR 0011
ENCODING 17
SWIDTH 500 0
DWIDTH 8 0
BBX 6 9 1 0
BITMAP
FC
FC
FC
FC
FC
FC
FC
FC
FC
ENDCHAR
STARTCHAR 0012
ENCODING 18
SWIDTH 500 0
DWIDTH 8 0
BBX 6 9 1 0
BITMAP
FC
FC
FC
FC
FC
FC
FC
FC
FC
ENDCHAR
STARTCHAR 0013
ENCODING 19
SWIDTH 500 0
DWIDTH 8 0
BBX 6 9 1 0
BITMAP
FC
FC
FC
FC
FC
FC
FC
FC
FC
ENDCHAR
STARTCHAR 0014
ENCODING 20
SWIDTH 500 0
DWIDTH 8 0
BBX 6 9 1 0
BITMAP
FC
FC
FC
FC
FC
FC
FC
FC
FC
ENDCHAR
STARTCHAR 0015
ENCODING 21
SWIDTH 500 0
DWIDTH 8 0
BBX 6 9 1 0
BITMAP
FC
FC
FC
FC
FC
FC
FC
FC
FC
ENDCHAR
STARTCHAR 0016
ENCODING 22
SWIDTH 500 0
DWIDTH 8 0
BBX 7 14 1 -2
BITMAP
66
88
88
66
00
FE
FE
86
92
86
92
92
FE
FE
ENDCHAR
STARTCHAR 0017
ENCODING 23
SWIDTH 500 0
DWIDTH 8 0
BBX 6 9 1 0
BITMAP
FC
FC
FC
FC
FC
FC
FC
FC
FC
ENDCHAR
STARTCHAR 0018
ENCODING 24
SWIDTH 500 0
DWIDTH 8 0
BBX 6 9 1 0
BITMAP
FC
FC
FC
FC
FC
FC
FC
FC
FC
ENDCHAR
STARTCHAR 0019
ENCODING 25
SWIDTH 500 0
DWIDTH 8 0
BBX 6 9 1 0
BITMAP
FC
FC
FC
FC
FC
FC
FC
FC
FC
ENDCHAR
STARTCHAR 001A
ENCODING 26
SWIDTH 500 0
DWIDTH 8 0
BBX 6 9 1 0
BITMAP
FC
FC
FC
FC
FC
FC
FC
FC
FC
ENDCHAR
STARTCHAR 001B
ENCODING 27
SWIDTH 500 0
DWIDTH 8 0
BBX 6 9 1 0
BITMAP
FC
FC
FC
FC
FC
FC
FC
FC
FC
ENDCHAR
STARTCHAR 001C
ENCODING 28
SWIDTH 500 0
DWIDTH 8 0
BBX 6 9 1 0
BITMAP
FC
FC
FC
FC
FC
FC
FC
FC
FC
ENDCHAR
STARTCHAR 001D
ENCODING 29
SWIDTH 500 0
DWIDTH 8 0
BBX 6 9 1 0
BITMAP
FC
FC
FC
FC
FC
FC
FC
FC
FC
ENDCHAR
STARTCHAR 001E
ENCODING 30
SWIDTH 500 0
DWIDTH 8 0
BBX 6 9 1 0
BITMAP
FC
FC
FC
FC
FC
FC
FC
FC
FC
ENDCHAR
STARTCHAR 001F
ENCODING 31
SWIDTH 500 0
DWIDTH 8 0
BBX 7 14 1 -2
BITMAP
66
88
88
66
00
FE
FE
92
92
92
92
C6
FE
FE
ENDCHAR
STARTCHAR 0020
ENCODING 32
SWIDTH 500 0
DWIDTH 8 0
BBX 0 0 0 0
BITMAP
ENDCHAR
STARTCHAR 0021
ENCODING 33
SWIDTH 500 0
DWIDTH 8 0
BBX 4 9 2 0
BITMAP
60
F0
F0
F0
60
60
00
60
60
ENDCHAR
STARTCHAR 0022
ENCODING 34
SWIDTH 500 0
DWIDTH 8 0
BBX 6 3 1 6
BITMAP
CC
CC
CC
ENDCHAR
STARTCHAR 0023
ENCODING 35
SWIDTH 500 0
DWIDTH 8 0
BBX 7 9 1 0
BITMAP
6C
6C
FE
6C
6C
6C
FE
6C
6C
ENDCHAR
STARTCHAR 0024
ENCODING 36
SWIDTH 500 0
DWIDTH 8 0
BBX 6 13 1 -2
BITMAP
30
30
78
CC
C0
60
30
18
0C
CC
78
30
30
ENDCHAR
STARTCHAR 0025
ENCODING 37
SWIDTH 500 0
DWIDTH 8 0
BBX 8 11 0 -1
BITMAP
70
D8
DA
76
0C
18
30
6E
5B
1B
0E
ENDCHAR
STARTCHAR 0026
ENCODING 38
SWIDTH 500 0
DWIDTH 8 0
BBX 7 9 1 0
BITMAP
70
D8
D8
70
C0
DE
CC
CC
76
ENDCHAR
STARTCHAR 0027
ENCODING 39
SWIDTH 500 0
DWIDTH 8 0
BBX 2 3 3 6
BITMAP
C0
C0
C0
ENDCHAR
STARTCHAR 0028
ENCODING 40
SWIDTH 500 0
DWIDTH 8 0
BBX 4 11 2 -2
BITMAP
30
60
60
C0
C0
C0
C0
C0
60
60
30
ENDCHAR
STARTCHAR 0029
ENCODING 41
SWIDTH 500 0
DWIDTH 8 0
BBX 4 11 2 -2
BITMAP
C0
60
60
30
30
30
30
30
60
60
C0
ENDCHAR
STARTCHAR 002A
ENCODING 42
SWIDTH 500 0
DWIDTH 8 0
BBX 7 5 1 2
BITMAP
6C
38
FE
38
6C
ENDCHAR
STARTCHAR 002B
ENCODING 43
SWIDTH 500 0
DWIDTH 8 0
BBX 6 5 1 2
BITMAP
30
30
FC
30
30
ENDCHAR
STARTCHAR 002C
ENCODING 44
SWIDTH 500 0
DWIDTH 8 0
BBX 3 4 3 -2
BITMAP
E0
E0
60
C0
ENDCHAR
STARTCHAR 002D
ENCODING 45
SWIDTH 500 0
DWIDTH 8 0
BBX 6 1 1 4
BITMAP
FC
ENDCHAR
STARTCHAR 002E
ENCODING 46
SWIDTH 500 0
DWIDTH 8 0
BBX 3 2 3 0
BITMAP
E0
E0
ENDCHAR
STARTCHAR 002F
ENCODING 47
SWIDTH 500 0
DWIDTH 8 0
BBX 6 10 1 -1
BITMAP
0C
0C
18
18
30
30
60
60
C0
C0
ENDCHAR
STARTCHAR 0030
ENCODING 48
SWIDTH 500 0
DWIDTH 8 0
BBX 6 9 1 0
BITMAP
78
CC
DC
DC
CC
EC
EC
CC
78
ENDCHAR
STARTCHAR 0031
ENCODING 49
SWIDTH 500 0
DWIDTH 8 0
BBX 5 9 1 0
BITMAP
18
38
F8
18
18
18
18
18
18
ENDCHAR
STARTCHAR 0032
ENCODING 50
SWIDTH 500 0
DWIDTH 8 0
BBX 6 9 1 0
BITMAP
78
CC
CC
0C
18
30
60
C0
FC
ENDCHAR
STARTCHAR 0033
ENCODING 51
SWIDTH 500 0
DWIDTH 8 0
BBX 6 9 1 0
BITMAP
78
CC
CC
0C
38
0C
CC
CC
78
ENDCHAR
STARTCHAR 0034
ENCODING 52
SWIDTH 500 0
DWIDTH 8 0
BBX 7 9 1 0
BITMAP
60
60
6C
6C
6C
CC
FE
0C
0C
ENDCHAR
STARTCHAR 0035
ENCODING 53
SWIDTH 500 0
DWIDTH 8 0
BBX 6 9 1 0
BITMAP
FC
C0
C0
C0
F8
0C
0C
18
F0
ENDCHAR
STARTCHAR 0036
ENCODING 54
SWIDTH 500 0
DWIDTH 8 0
BBX 6 9 1 0
BITMAP
38
30
60
F8
CC
CC
CC
CC
78
ENDCHAR
STARTCHAR 0037
ENCODING 55
SWIDTH 500 0
DWIDTH 8 0
BBX 6 9 1 0
BITMAP
FC
0C
18
18
30
30
60
60
60
ENDCHAR
STARTCHAR 0038
ENCODING 56
SWIDTH 500 0
DWIDTH 8 0
BBX 6 9 1 0
BITMAP
78
CC
CC
EC
78
DC
CC
CC
78
ENDCHAR
STARTCHAR 0039
ENCODING 57
SWIDTH 500 0
DWIDTH 8 0
BBX 6 9 1 0
BITMAP
78
CC
CC
CC
CC
7C
18
30
70
ENDCHAR
STARTCHAR 003A
ENCODING 58
SWIDTH 500 0
DWIDTH 8 0
BBX 3 7 3 0
BITMAP
E0
E0
00
00
00
E0
E0
ENDCHAR
STARTCHAR 003B
ENCODING 59
SWIDTH 500 0
DWIDTH 8 0
BBX 3 9 3 -2
BITMAP
E0
E0
00
00
00
E0
E0
60
C0
ENDCHAR
STARTCHAR 003C
ENCODING 60
SWIDTH 500 0
DWIDTH 8 0
BBX 6 9 1 0
BITMAP
0C
18
30
60
C0
60
30
18
0C
ENDCHAR
STARTCHAR 003D
ENCODING 61
SWIDTH 500 0
DWIDTH 8 0
BBX 6 3 1 3
BITMAP
FC
00
FC
ENDCHAR
STARTCHAR 003E
ENCODING 62
SWIDTH 500 0
DWIDTH 8 0
BBX 6 9 1 0
BITMAP
C0
60
30
18
0C
18
30
60
C0
ENDCHAR
STARTCHAR 003F
ENCODING 63
SWIDTH 500 0
DWIDTH 8 0
BBX 6 9 1 0
BITMAP
78
CC
CC
18
30
30
00
30
30
ENDCHAR
STARTCHAR 0040
ENCODING 64
SWIDTH 500 0
DWIDTH 8 0
BBX 8 9 0 0
BITMAP
7E
C3
C3
CF
DB
DB
CF
C0
7F
ENDCHAR
STARTCHAR 0041
ENCODING 65
SWIDTH 500 0
DWIDTH 8 0
BBX 6 9 1 0
BITMAP
30
78
CC
CC
CC
FC
CC
CC
CC
ENDCHAR
STARTCHAR 0042
ENCODING 66
SWIDTH 500 0
DWIDTH 8 0
BBX 6 9 1 0
BITMAP
F8
CC
CC
CC
F8
CC
CC
CC
F8
ENDCHAR
STARTCHAR 0043
ENCODING 67
SWIDTH 500 0
DWIDTH 8 0
BBX 6 9 1 0
BITMAP
78
CC
CC
C0
C0
C0
CC
CC
78
ENDCHAR
STARTCHAR 0044
ENCODING 68
SWIDTH 500 0
DWIDTH 8 0
BBX 6 9 1 0
BITMAP
F0
D8
CC
CC
CC
CC
CC
D8
F0
ENDCHAR
STARTCHAR 0045
ENCODING 69
SWIDTH 500 0
DWIDTH 8 0
BBX 6 9 1 0
BITMAP
FC
C0
C0
C0
F8
C0
C0
C0
FC
ENDCHAR
STARTCHAR 0046
ENCODING 70
SWIDTH 500 0
DWIDTH 8 0
BBX 6 9 1 0
BITMAP
FC
C0
C0
C0
F8
C0
C0
C0
C0
ENDCHAR
STARTCHAR 0047
ENCODING 71
SWIDTH 500 0
DWIDTH 8 0
BBX 6 9 1 0
BITMAP
78
CC
CC
C0
C0
DC
CC
CC
7C
ENDCHAR
STARTCHAR 0048
ENCODING 72
SWIDTH 500 0
DWIDTH 8 0
BBX 6 9 1 0
BITMAP
CC
CC
CC
CC
FC
CC
CC
CC
CC
ENDCHAR
STARTCHAR 0049
ENCODING 73
SWIDTH 500 0
DWIDTH 8 0
BBX 4 9 2 0
BITMAP
F0
60
60
60
60
60
60
60
F0
ENDCHAR
STARTCHAR 004A
ENCODING 74
SWIDTH 500 0
DWIDTH 8 0
BBX 6 9 1 0
BITMAP
0C
0C
0C
0C
0C
0C
CC
CC
78
ENDCHAR
STARTCHAR 004B
ENCODING 75
SWIDTH 500 0
DWIDTH 8 0
BBX 6 9 1 0
BITMAP
CC
CC
D8
D8
F0
D8
D8
CC
CC
ENDCHAR
STARTCHAR 004C
ENCODING 76
SWIDTH 500 0
DWIDTH 8 0
BBX 6 9 1 0
BITMAP
C0
C0
C0
C0
C0
C0
C0
C0
FC
ENDCHAR
STARTCHAR 004D
ENCODING 77
SWIDTH 500 0
DWIDTH 8 0
BBX 7 9 1 0
BITMAP
C6
C6
EE
D6
D6
D6
C6
C6
C6
ENDCHAR
STARTCHAR 004E
ENCODING 78
SWIDTH 500 0
DWIDTH 8 0
BBX 7 9 1 0
BITMAP
C6
C6
E6
F6
DE
CE
C6
C6
C6
ENDCHAR
STARTCHAR 004F
ENCODING 79
SWIDTH 500 0
DWIDTH 8 0
BBX 6 9 1 0
BITMAP
78
CC
CC
CC
CC
CC
CC
CC
78
ENDCHAR
STARTCHAR 0050
ENCODING 80
SWIDTH 500 0
DWIDTH 8 0
BBX 6 9 1 0
BITMAP
F8
CC
CC
CC
F8
C0
C0
C0
C0
ENDCHAR
STARTCHAR 0051
ENCODING 81
SWIDTH 500 0
DWIDTH 8 0
BBX 6 11 1 -2
BITMAP
78
CC
CC
CC
CC
CC
CC
CC
78
18
0C
ENDCHAR
STARTCHAR 0052
ENCODING 82
SWIDTH 500 0
DWIDTH 8 0
BBX 6 9 1 0
BITMAP
F8
CC
CC
CC
F8
D8
CC
CC
CC
ENDCHAR
STARTCHAR 0053
ENCODING 83
SWIDTH 500 0
DWIDTH 8 0
BBX 6 9 1 0
BITMAP
78
CC
C0
60
30
18
0C
CC
78
ENDCHAR
STARTCHAR 0054
ENCODING 84
SWIDTH 500 0
DWIDTH 8 0
BBX 6 9 1 0
BITMAP
FC
30
30
30
30
30
30
30
30
ENDCHAR
STARTCHAR 0055
ENCODING 85
SWIDTH 500 0
DWIDTH 8 0
BBX 6 9 1 0
BITMAP
CC
CC
CC
CC
CC
CC
CC
CC
78
ENDCHAR
STARTCHAR 0056
ENCODING 86
SWIDTH 500 0
DWIDTH 8 0
BBX 6 9 1 0
BITMAP
CC
CC
CC
CC
CC
CC
CC
78
30
ENDCHAR
STARTCHAR 0057
ENCODING 87
SWIDTH 500 0
DWIDTH 8 0
BBX 7 9 1 0
BITMAP
C6
C6
C6
D6
D6
D6
6C
6C
6C
ENDCHAR
STARTCHAR 0058
ENCODING 88
SWIDTH 500 0
DWIDTH 8 0
BBX 6 9 1 0
BITMAP
CC
CC
68
30
30
58
CC
CC
CC
ENDCHAR
STARTCHAR 0059
ENCODING 89
SWIDTH 500 0
DWIDTH 8 0
BBX 6 9 1 0
BITMAP
CC
CC
CC
CC
78
30
30
30
30
ENDCHAR
STARTCHAR 005A
ENCODING 90
SWIDTH 500 0
DWIDTH 8 0
BBX 6 9 1 0
BITMAP
FC
0C
0C
18
30
60
C0
C0
FC
ENDCHAR
STARTCHAR 005B
ENCODING 91
SWIDTH 500 0
DWIDTH 8 0
BBX 4 12 2 -3
BITMAP
F0
C0
C0
C0
C0
C0
C0
C0
C0
C0
C0
F0
ENDCHAR
STARTCHAR 005C
ENCODING 92
SWIDTH 500 0
DWIDTH 8 0
BBX 6 10 1 -1
BITMAP
C0
C0
60
60
30
30
18
18
0C
0C
ENDCHAR
STARTCHAR 005D
ENCODING 93
SWIDTH 500 0
DWIDTH 8 0
BBX 4 12 2 -3
BITMAP
F0
30
30
30
30
30
30
30
30
30
30
F0
ENDCHAR
STARTCHAR 005E
ENCODING 94
SWIDTH 500 0
DWIDTH 8 0
BBX 6 3 1 8
BITMAP
30
78
CC
ENDCHAR
STARTCHAR 005F
ENCODING 95
SWIDTH 500 0
DWIDTH 8 0
BBX 8 1 0 -3
BITMAP
FF
ENDCHAR
STARTCHAR 0060
ENCODING 96
SWIDTH 500 0
DWIDTH 8 0
BBX 4 3 2 8
BITMAP
E0
60
30
ENDCHAR
STARTCHAR 0061
ENCODING 97
SWIDTH 500 0
DWIDTH 8 0
BBX 6 7 1 0
BITMAP
78
0C
0C
7C
CC
CC
7C
ENDCHAR
STARTCHAR 0062
ENCODING 98
SWIDTH 500 0
DWIDTH 8 0
BBX 6 9 1 0
BITMAP
C0
C0
F8
CC
CC
CC
CC
CC
F8
ENDCHAR
STARTCHAR 0063
ENCODING 99
SWIDTH 500 0
DWIDTH 8 0
BBX 6 7 1 0
BITMAP
78
CC
C0
C0
C0
CC
78
ENDCHAR
STARTCHAR 0064
ENCODING 100
SWIDTH 500 0
DWIDTH 8 0
BBX 6 9 1 0
BITMAP
0C
0C
7C
CC
CC
CC
CC
CC
7C
ENDCHAR
STARTCHAR 0065
ENCODING 101
SWIDTH 500 0
DWIDTH 8 0
BBX 6 7 1 0
BITMAP
78
CC
CC
FC
C0
C0
78
ENDCHAR
STARTCHAR 0066
ENCODING 102
SWIDTH 500 0
DWIDTH 8 0
BBX 6 9 1 0
BITMAP
3C
60
60
60
FC
60
60
60
60
ENDCHAR
STARTCHAR 0067
ENCODING 103
SWIDTH 500 0
DWIDTH 8 0
BBX 6 10 1 -3
BITMAP
7C
CC
CC
CC
CC
CC
7C
0C
0C
F8
ENDCHAR
STARTCHAR 0068
ENCODING 104
SWIDTH 500 0
DWIDTH 8 0
BBX 6 9 1 0
BITMAP
C0
C0
F8
CC
CC
CC
CC
CC
CC
ENDCHAR
STARTCHAR 0069
ENCODING 105
SWIDTH 500 0
DWIDTH 8 0
BBX 6 10 1 0
BITMAP
30
30
00
F0
30
30
30
30
30
FC
ENDCHAR
STARTCHAR 006A
ENCODING 106
SWIDTH 500 0
DWIDTH 8 0
BBX 5 13 1 -3
BITMAP
18
18
00
78
18
18
18
18
18
18
18
18
F0
ENDCHAR
STARTCHAR 006B
ENCODING 107
SWIDTH 500 0
DWIDTH 8 0
BBX 6 9 1 0
BITMAP
C0
C0
CC
CC
D8
F0
D8
CC
CC
ENDCHAR
STARTCHAR 006C
ENCODING 108
SWIDTH 500 0
DWIDTH 8 0
BBX 6 9 1 0
BITMAP
F0
30
30
30
30
30
30
30
FC
ENDCHAR
STARTCHAR 006D
ENCODING 109
SWIDTH 500 0
DWIDTH 8 0
BBX 7 7 1 0
BITMAP
FC
D6
D6
D6
D6
D6
C6
ENDCHAR
STARTCHAR 006E
ENCODING 110
SWIDTH 500 0
DWIDTH 8 0
BBX 6 7 1 0
BITMAP
F8
CC
CC
CC
CC
CC
CC
ENDCHAR
STARTCHAR 006F
ENCODING 111
SWIDTH 500 0
DWIDTH 8 0
BBX 6 7 1 0
BITMAP
78
CC
CC
CC
CC
CC
78
ENDCHAR
STARTCHAR 0070
ENCODING 112
SWIDTH 500 0
DWIDTH 8 0
BBX 6 10 1 -3
BITMAP
F8
CC
CC
CC
CC
CC
F8
C0
C0
C0
ENDCHAR
STARTCHAR 0071
ENCODING 113
SWIDTH 500 0
DWIDTH 8 0
BBX 6 10 1 -3
BITMAP
7C
CC
CC
CC
CC
CC
7C
0C
0C
0C
ENDCHAR
STARTCHAR 0072
ENCODING 114
SWIDTH 500 0
DWIDTH 8 0
BBX 6 7 1 0
BITMAP
CC
DC
E0
C0
C0
C0
C0
ENDCHAR
STARTCHAR 0073
ENCODING 115
SWIDTH 500 0
DWIDTH 8 0
BBX 6 7 1 0
BITMAP
7C
C0
C0
78
0C
0C
F8
ENDCHAR
STARTCHAR 0074
ENCODING 116
SWIDTH 500 0
DWIDTH 8 0
BBX 6 9 1 0
BITMAP
60
60
FC
60
60
60
60
60
3C
ENDCHAR
STARTCHAR 0075
ENCODING 117
SWIDTH 500 0
DWIDTH 8 0
BBX 6 7 1 0
BITMAP
CC
CC
CC
CC
CC
CC
7C
ENDCHAR
STARTCHAR 0076
ENCODING 118
SWIDTH 500 0
DWIDTH 8 0
BBX 6 7 1 0
BITMAP
CC
CC
CC
CC
CC
78
30
ENDCHAR
STARTCHAR 0077
ENCODING 119
SWIDTH 500 0
DWIDTH 8 0
BBX 7 7 1 0
BITMAP
C6
D6
D6
D6
D6
6C
6C
ENDCHAR
STARTCHAR 0078
ENCODING 120
SWIDTH 500 0
DWIDTH 8 0
BBX 6 7 1 0
BITMAP
CC
CC
78
30
78
CC
CC
ENDCHAR
STARTCHAR 0079
ENCODING 121
SWIDTH 500 0
DWIDTH 8 0
BBX 7 10 0 -3
BITMAP
66
66
66
66
66
66
3C
0C
18
F0
ENDCHAR
STARTCHAR 007A
ENCODING 122
SWIDTH 500 0
DWIDTH 8 0
BBX 6 7 1 0
BITMAP
FC
0C
18
30
60
C0
FC
ENDCHAR
STARTCHAR 007B
ENCODING 123
SWIDTH 500 0
DWIDTH 8 0
BBX 5 11 1 -2
BITMAP
18
30
30
30
60
C0
60
30
30
30
18
ENDCHAR
STARTCHAR 007C
ENCODING 124
SWIDTH 500 0
DWIDTH 8 0
BBX 2 12 3 -3
BITMAP
C0
C0
C0
C0
C0
C0
C0
C0
C0
C0
C0
C0
ENDCHAR
STARTCHAR 007D
ENCODING 125
SWIDTH 500 0
DWIDTH 8 0
BBX 5 11 2 -2
BITMAP
C0
60
60
60
30
18
30
60
60
60
C0
ENDCHAR
STARTCHAR 007E
ENCODING 126
SWIDTH 500 0
DWIDTH 8 0
BBX 8 3 0 6
BITMAP
71
DB
8E
ENDCHAR
STARTCHAR 007F
ENCODING 127
SWIDTH 500 0
DWIDTH 8 0
BBX 6 9 1 0
BITMAP
FC
FC
FC
FC
FC
FC
FC
FC
FC
ENDCHAR
STARTCHAR 0080
ENCODING 128
SWIDTH 500 0
DWIDTH 8 0
BBX 6 9 1 0
BITMAP
FC
FC
FC
FC
FC
FC
FC
FC
FC
ENDCHAR
STARTCHAR 0081
ENCODING 129
SWIDTH 500 0
DWIDTH 8 0
BBX 6 9 1 0
BITMAP
FC
FC
FC
FC
FC
FC
FC
FC
FC
ENDCHAR
STARTCHAR 0082
ENCODING 130
SWIDTH 500 0
DWIDTH 8 0
BBX 6 9 1 0
BITMAP
FC
FC
FC
FC
FC
FC
FC
FC
FC
ENDCHAR
STARTCHAR 0083
ENCODING 131
SWIDTH 500 0
DWIDTH 8 0
BBX 6 9 1 0
BITMAP
FC
FC
FC
FC
FC
FC
FC
FC
FC
ENDCHAR
STARTCHAR 0084
ENCODING 132
SWIDTH 500 0
DWIDTH 8 0
BBX 6 9 1 0
BITMAP
FC
FC
FC
FC
FC
FC
FC
FC
FC
ENDCHAR
STARTCHAR 0085
ENCODING 133
SWIDTH 500 0
DWIDTH 8 0
BBX 6 9 1 0
BITMAP
FC
FC
FC
FC
FC
FC
FC
FC
FC
ENDCHAR
STARTCHAR 0086
ENCODING 134
SWIDTH 500 0
DWIDTH 8 0
BBX 6 9 1 0
BITMAP
FC
FC
FC
FC
FC
FC
FC
FC
FC
ENDCHAR
STARTCHAR 0087
ENCODING 135
SWIDTH 500 0
DWIDTH 8 0
BBX 6 9 1 0
BITMAP
FC
FC
FC
FC
FC
FC
FC
FC
FC
ENDCHAR
STARTCHAR 0088
ENCODING 136
SWIDTH 500 0
DWIDTH 8 0
BBX 6 9 1 0
BITMAP
FC
FC
FC
FC
FC
FC
FC
FC
FC
ENDCHAR
STARTCHAR 0089
ENCODING 137
SWIDTH 500 0
DWIDTH 8 0
BBX 6 9 1 0
BITMAP
FC
FC
FC
FC
FC
FC
FC
FC
FC
ENDCHAR
STARTCHAR 008A
ENCODING 138
SWIDTH 500 0
DWIDTH 8 0
BBX 6 9 1 0
BITMAP
FC
FC
FC
FC
FC
FC
FC
FC
FC
ENDCHAR
STARTCHAR 008B
ENCODING 139
SWIDTH 500 0
DWIDTH 8 0
BBX 6 9 1 0
BITMAP
FC
FC
FC
FC
FC
FC
FC
FC
FC
ENDCHAR
STARTCHAR 008C
ENCODING 140
SWIDTH 500 0
DWIDTH 8 0
BBX 6 9 1 0
BITMAP
FC
FC
FC
FC
FC
FC
FC
FC
FC
ENDCHAR
STARTCHAR 008D
ENCODING 141
SWIDTH 500 0
DWIDTH 8 0
BBX 6 9 1 0
BITMAP
FC
FC
FC
FC
FC
FC
FC
FC
FC
ENDCHAR
STARTCHAR 008E
ENCODING 142
SWIDTH 500 0
DWIDTH 8 0
BBX 6 9 1 0
BITMAP
FC
FC
FC
FC
FC
FC
FC
FC
FC
ENDCHAR
STARTCHAR 008F
ENCODING 143
SWIDTH 500 0
DWIDTH 8 0
BBX 6 9 1 0
BITMAP
FC
FC
FC
FC
FC
FC
FC
FC
FC
ENDCHAR
STARTCHAR 0090
ENCODING 144
SWIDTH 500 0
DWIDTH 8 0
BBX 6 9 1 0
BITMAP
FC
FC
FC
FC
FC
FC
FC
FC
FC
ENDCHAR
STARTCHAR 0091
ENCODING 145
SWIDTH 500 0
DWIDTH 8 0
BBX 3 4 3 5
BITMAP
60
C0
E0
E0
ENDCHAR
STARTCHAR 0092
ENCODING 146
SWIDTH 500 0
DWIDTH 8 0
BBX 3 4 3 5
BITMAP
E0
E0
60
C0
ENDCHAR
STARTCHAR 0093
ENCODING 147
SWIDTH 500 0
DWIDTH 8 0
BBX 6 9 1 0
BITMAP
FC
FC
FC
FC
FC
FC
FC
FC
FC
ENDCHAR
STARTCHAR 0094
ENCODING 148
SWIDTH 500 0
DWIDTH 8 0
BBX 6 9 1 0
BITMAP
FC
FC
FC
FC
FC
FC
FC
FC
FC
ENDCHAR
STARTCHAR 0095
ENCODING 149
SWIDTH 500 0
DWIDTH 8 0
BBX 6 9 1 0
BITMAP
FC
FC
FC
FC
FC
FC
FC
FC
FC
ENDCHAR
STARTCHAR 0096
ENCODING 150
SWIDTH 500 0
DWIDTH 8 0
BBX 6 9 1 0
BITMAP
FC
FC
FC
FC
FC
FC
FC
FC
FC
ENDCHAR
STARTCHAR 0097
ENCODING 151
SWIDTH 500 0
DWIDTH 8 0
BBX 6 9 1 0
BITMAP
FC
FC
FC
FC
FC
FC
FC
FC
FC
ENDCHAR
STARTCHAR 0098
ENCODING 152
SWIDTH 500 0
DWIDTH 8 0
BBX 6 9 1 0
BITMAP
FC
FC
FC
FC
FC
FC
FC
FC
FC
ENDCHAR
STARTCHAR 0099
ENCODING 153
SWIDTH 500 0
DWIDTH 8 0
BBX 6 9 1 0
BITMAP
FC
FC
FC
FC
FC
FC
FC
FC
FC
ENDCHAR
STARTCHAR 009A
ENCODING 154
SWIDTH 500 0
DWIDTH 8 0
BBX 6 9 1 0
BITMAP
FC
FC
FC
FC
FC
FC
FC
FC
FC
ENDCHAR
STARTCHAR 009B
ENCODING 155
SWIDTH 500 0
DWIDTH 8 0
BBX 6 9 1 0
BITMAP
FC
FC
FC
FC
FC
FC
FC
FC
FC
ENDCHAR
STARTCHAR 009C
ENCODING 156
SWIDTH 500 0
DWIDTH 8 0
BBX 6 9 1 0
BITMAP
FC
FC
FC
FC
FC
FC
FC
FC
FC
ENDCHAR
STARTCHAR 009D
ENCODING 157
SWIDTH 500 0
DWIDTH 8 0
BBX 6 9 1 0
BITMAP
FC
FC
FC
FC
FC
FC
FC
FC
FC
ENDCHAR
STARTCHAR 009E
ENCODING 158
SWIDTH 500 0
DWIDTH 8 0
BBX 6 9 1 0
BITMAP
FC
FC
FC
FC
FC
FC
FC
FC
FC
ENDCHAR
STARTCHAR 009F
ENCODING 159
SWIDTH 500 0
DWIDTH 8 0
BBX 6 9 1 0
BITMAP
FC
FC
FC
FC
FC
FC
FC
FC
FC
ENDCHAR
STARTCHAR 00A0
ENCODING 160
SWIDTH 500 0
DWIDTH 8 0
BBX 0 0 0 0
BITMAP
ENDCHAR
STARTCHAR 00A1
ENCODING 161
SWIDTH 500 0
DWIDTH 8 0
BBX 4 9 2 -3
BITMAP
60
60
00
60
60
F0
F0
F0
60
ENDCHAR
STARTCHAR 00A2
ENCODING 162
SWIDTH 500 0
DWIDTH 8 0
BBX 6 10 1 -1
BITMAP
30
30
78
CC
C0
C0
CC
78
30
30
ENDCHAR
STARTCHAR 00A3
ENCODING 163
SWIDTH 500 0
DWIDTH 8 0
BBX 7 9 0 0
BITMAP
3C
66
60
60
FC
60
60
C0
FE
ENDCHAR
STARTCHAR 00A4
ENCODING 164
SWIDTH 500 0
DWIDTH 8 0
BBX 6 6 1 2
BITMAP
CC
78
CC
CC
78
CC
ENDCHAR
STARTCHAR 00A5
ENCODING 165
SWIDTH 500 0
DWIDTH 8 0
BBX 6 9 1 0
BITMAP
CC
CC
CC
78
FC
30
FC
30
30
ENDCHAR
STARTCHAR 00A6
ENCODING 166
SWIDTH 500 0
DWIDTH 8 0
BBX 2 12 3 -3
BITMAP
C0
C0
C0
C0
C0
00
00
C0
C0
C0
C0
C0
ENDCHAR
STARTCHAR 00A7
ENCODING 167
SWIDTH 500 0
DWIDTH 8 0
BBX 6 12 1 -3
BITMAP
78
CC
C0
70
78
CC
CC
78
38
0C
CC
78
ENDCHAR
STARTCHAR 00A8
ENCODING 168
SWIDTH 500 0
DWIDTH 8 0
BBX 6 2 1 8
BITMAP
CC
CC
ENDCHAR
STARTCHAR 00A9
ENCODING 169
SWIDTH 500 0
DWIDTH 8 0
BBX 8 9 0 0
BITMAP
7E
C3
99
A5
A1
A5
99
C3
7E
ENDCHAR
STARTCHAR 00AA
ENCODING 170
SWIDTH 500 0
DWIDTH 8 0
BBX 6 7 1 2
BITMAP
78
0C
7C
CC
7C
00
FC
ENDCHAR
STARTCHAR 00AB
ENCODING 171
SWIDTH 500 0
DWIDTH 8 0
BBX 8 5 0 0
BITMAP
33
66
CC
66
33
ENDCHAR
STARTCHAR 00AC
ENCODING 172
SWIDTH 500 0
DWIDTH 8 0
BBX 6 3 1 2
BITMAP
FC
0C
0C
ENDCHAR
STARTCHAR 00AD
ENCODING 173
SWIDTH 500 0
DWIDTH 8 0
BBX 6 1 1 4
BITMAP
FC
ENDCHAR
STARTCHAR 00AE
ENCODING 174
SWIDTH 500 0
DWIDTH 8 0
BBX 8 9 0 0
BITMAP
7E
C3
B9
A5
A5
B9
A5
C3
7E
ENDCHAR
STARTCHAR 00AF
ENCODING 175
SWIDTH 500 0
DWIDTH 8 0
BBX 8 1 0 11
BITMAP
FF
ENDCHAR
STARTCHAR 00B0
ENCODING 176
SWIDTH 500 0
DWIDTH 8 0
BBX 6 4 1 6
BITMAP
78
CC
CC
78
ENDCHAR
STARTCHAR 00B1
ENCODING 177
SWIDTH 500 0
DWIDTH 8 0
BBX 6 7 1 0
BITMAP
30
30
FC
30
30
00
FC
ENDCHAR
STARTCHAR 00B2
ENCODING 178
SWIDTH 500 0
DWIDTH 8 0
BBX 4 5 2 4
BITMAP
E0
30
60
C0
F0
ENDCHAR
STARTCHAR 00B3
ENCODING 179
SWIDTH 500 0
DWIDTH 8 0
BBX 4 5 2 4
BITMAP
E0
30
60
30
E0
ENDCHAR
STARTCHAR 00B4
ENCODING 180
SWIDTH 500 0
DWIDTH 8 0
BBX 4 3 2 8
BITMAP
70
60
C0
ENDCHAR
STARTCHAR 00B5
ENCODING 181
SWIDTH 500 0
DWIDTH 8 0
BBX 8 10 0 -3
BITMAP
66
66
66
66
66
66
7B
60
60
C0
ENDCHAR
STARTCHAR 00B6
ENCODING 182
SWIDTH 500 0
DWIDTH 8 0
BBX 7 12 1 -3
BITMAP
3E
7C
FC
FC
FC
7C
3C
0C
0C
0C
0C
0C
ENDCHAR
STARTCHAR 00B7
ENCODING 183
SWIDTH 500 0
DWIDTH 8 0
BBX 3 2 3 4
BITMAP
E0
E0
ENDCHAR
STARTCHAR 00B8
ENCODING 184
SWIDTH 500 0
DWIDTH 8 0
BBX 4 3 2 -3
BITMAP
60
30
E0
ENDCHAR
STARTCHAR 00B9
ENCODING 185
SWIDTH 500 0
DWIDTH 8 0
BBX 3 5 2 4
BITMAP
60
E0
60
60
60
ENDCHAR
STARTCHAR 00BA
ENCODING 186
SWIDTH 500 0
DWIDTH 8 0
BBX 6 7 1 2
BITMAP
78
CC
CC
CC
78
00
FC
ENDCHAR
STARTCHAR 00BB
ENCODING 187
SWIDTH 500 0
DWIDTH 8 0
BBX 8 5 0 0
BITMAP
CC
66
33
66
CC
ENDCHAR
STARTCHAR 00BC
ENCODING 188
SWIDTH 500 0
DWIDTH 8 0
BBX 8 11 0 -1
BITMAP
60
E0
63
66
6C
18
37
6F
DB
1F
03
ENDCHAR
STARTCHAR 00BD
ENCODING 189
SWIDTH 500 0
DWIDTH 8 0
BBX 8 11 0 -1
BITMAP
60
E0
63
66
6C
18
3E
63
C6
0C
0F
ENDCHAR
STARTCHAR 00BE
ENCODING 190
SWIDTH 500 0
DWIDTH 8 0
BBX 8 11 0 -1
BITMAP
E0
30
63
36
EC
18
37
6F
DB
1F
03
ENDCHAR
STARTCHAR 00BF
ENCODING 191
SWIDTH 500 0
DWIDTH 8 0
BBX 6 9 1 -3
BITMAP
30
30
00
30
30
60
CC
CC
78
ENDCHAR
STARTCHAR 00C0
ENCODING 192
SWIDTH 500 0
DWIDTH 8 0
BBX 6 12 1 0
BITMAP
60
30
00
30
78
CC
CC
CC
FC
CC
CC
CC
ENDCHAR
STARTCHAR 00C1
ENCODING 193
SWIDTH 500 0
DWIDTH 8 0
BBX 6 12 1 0
BITMAP
18
30
00
30
78
CC
CC
CC
FC
CC
CC
CC
ENDCHAR
STARTCHAR 00C2
ENCODING 194
SWIDTH 500 0
DWIDTH 8 0
BBX 6 13 1 0
BITMAP
30
78
CC
00
30
78
CC
CC
CC
FC
CC
CC
CC
ENDCHAR
STARTCHAR 00C3
ENCODING 195
SWIDTH 500 0
DWIDTH 8 0
BBX 7 12 1 0
BITMAP
76
DC
00
30
78
CC
CC
CC
FC
CC
CC
CC
ENDCHAR
STARTCHAR 00C4
ENCODING 196
SWIDTH 500 0
DWIDTH 8 0
BBX 6 12 1 0
BITMAP
CC
CC
00
30
78
CC
CC
CC
FC
CC
CC
CC
ENDCHAR
STARTCHAR 00C5
ENCODING 197
SWIDTH 500 0
DWIDTH 8 0
BBX 6 13 1 0
BITMAP
78
CC
78
00
30
78
CC
CC
CC
FC
CC
CC
CC
ENDCHAR
STARTCHAR 00C6
ENCODING 198
SWIDTH 500 0
DWIDTH 8 0
BBX 7 9 1 0
BITMAP
3E
78
D8
D8
DE
F8
D8
D8
DE
ENDCHAR
STARTCHAR 00C7
ENCODING 199
SWIDTH 500 0
DWIDTH 8 0
BBX 6 12 1 -3
BITMAP
78
CC
CC
C0
C0
C0
CC
CC
78
30
18
70
ENDCHAR
STARTCHAR 00C8
ENCODING 200
SWIDTH 500 0
DWIDTH 8 0
BBX 6 12 1 0
BITMAP
60
30
00
FC
C0
C0
C0
F8
C0
C0
C0
FC
ENDCHAR
STARTCHAR 00C9
ENCODING 201
SWIDTH 500 0
DWIDTH 8 0
BBX 6 12 1 0
BITMAP
18
30
00
FC
C0
C0
C0
F8
C0
C0
C0
FC
ENDCHAR
STARTCHAR 00CA
ENCODING 202
SWIDTH 500 0
DWIDTH 8 0
BBX 6 13 1 0
BITMAP
30
78
CC
00
FC
C0
C0
C0
F8
C0
C0
C0
FC
ENDCHAR
STARTCHAR 00CB
ENCODING 203
SWIDTH 500 0
DWIDTH 8 0
BBX 6 12 1 0
BITMAP
CC
CC
00
FC
C0
C0
C0
F8
C0
C0
C0
FC
ENDCHAR
STARTCHAR 00CC
ENCODING 204
SWIDTH 500 0
DWIDTH 8 0
BBX 4 12 2 0
BITMAP
C0
60
00
F0
60
60
60
60
60
60
60
F0
ENDCHAR
STARTCHAR 00CD
ENCODING 205
SWIDTH 500 0
DWIDTH 8 0
BBX 4 12 2 0
BITMAP
30
60
00
F0
60
60
60
60
60
60
60
F0
ENDCHAR
STARTCHAR 00CE
ENCODING 206
SWIDTH 500 0
DWIDTH 8 0
BBX 6 13 1 0
BITMAP
30
78
CC
00
78
30
30
30
30
30
30
30
78
ENDCHAR
STARTCHAR 00CF
ENCODING 207
SWIDTH 500 0
DWIDTH 8 0
BBX 6 12 1 0
BITMAP
CC
CC
00
78
30
30
30
30
30
30
30
78
ENDCHAR
STARTCHAR 00D0
ENCODING 208
SWIDTH 500 0
DWIDTH 8 0
BBX 7 9 0 0
BITMAP
78
6C
66
66
F6
66
66
6C
78
ENDCHAR
STARTCHAR 00D1
ENCODING 209
SWIDTH 500 0
DWIDTH 8 0
BBX 7 12 1 0
BITMAP
76
DC
00
C6
C6
E6
F6
DE
CE
C6
C6
C6
ENDCHAR
STARTCHAR 00D2
ENCODING 210
SWIDTH 500 0
DWIDTH 8 0
BBX 6 12 1 0
BITMAP
60
30
00
78
CC
CC
CC
CC
CC
CC
CC
78
ENDCHAR
STARTCHAR 00D3
ENCODING 211
SWIDTH 500 0
DWIDTH 8 0
BBX 6 12 1 0
BITMAP
18
30
00
78
CC
CC
CC
CC
CC
CC
CC
78
ENDCHAR
STARTCHAR 00D4
ENCODING 212
SWIDTH 500 0
DWIDTH 8 0
BBX 6 13 1 0
BITMAP
30
78
CC
00
78
CC
CC
CC
CC
CC
CC
CC
78
ENDCHAR
STARTCHAR 00D5
ENCODING 213
SWIDTH 500 0
DWIDTH 8 0
BBX 7 12 1 0
BITMAP
76
DC
00
78
CC
CC
CC
CC
CC
CC
CC
78
ENDCHAR
STARTCHAR 00D6
ENCODING 214
SWIDTH 500 0
DWIDTH 8 0
BBX 6 12 1 0
BITMAP
CC
CC
00
78
CC
CC
CC
CC
CC
CC
CC
78
ENDCHAR
STARTCHAR 00D7
ENCODING 215
SWIDTH 500 0
DWIDTH 8 0
BBX 6 7 1 1
BITMAP
84
CC
78
30
78
CC
84
ENDCHAR
STARTCHAR 00D8
ENCODING 216
SWIDTH 500 0
DWIDTH 8 0
BBX 6 9 1 0
BITMAP
7C
CC
DC
DC
FC
EC
EC
CC
F8
ENDCHAR
STARTCHAR 00D9
ENCODING 217
SWIDTH 500 0
DWIDTH 8 0
BBX 6 12 1 0
BITMAP
60
30
00
CC
CC
CC
CC
CC
CC
CC
CC
78
ENDCHAR
STARTCHAR 00DA
ENCODING 218
SWIDTH 500 0
DWIDTH 8 0
BBX 6 12 1 0
BITMAP
18
30
00
CC
CC
CC
CC
CC
CC
CC
CC
78
ENDCHAR
STARTCHAR 00DB
ENCODING 219
SWIDTH 500 0
DWIDTH 8 0
BBX 6 13 1 0
BITMAP
30
78
CC
00
CC
CC
CC
CC
CC
CC
CC
CC
78
ENDCHAR
STARTCHAR 00DC
ENCODING 220
SWIDTH 500 0
DWIDTH 8 0
BBX 6 12 1 0
BITMAP
CC
CC
00
CC
CC
CC
CC
CC
CC
CC
CC
78
ENDCHAR
STARTCHAR 00DD
ENCODING 221
SWIDTH 500 0
DWIDTH 8 0
BBX 6 12 1 0
BITMAP
18
30
00
CC
CC
CC
CC
78
30
30
30
30
ENDCHAR
STARTCHAR 00DE
ENCODING 222
SWIDTH 500 0
DWIDTH 8 0
BBX 6 9 1 0
BITMAP
C0
C0
F8
CC
CC
CC
F8
C0
C0
ENDCHAR
STARTCHAR 00DF
ENCODING 223
SWIDTH 500 0
DWIDTH 8 0
BBX 6 9 1 0
BITMAP
70
D8
D8
D8
CC
CC
CC
CC
D8
ENDCHAR
STARTCHAR 00E0
ENCODING 224
SWIDTH 500 0
DWIDTH 8 0
BBX 6 11 1 0
BITMAP
E0
60
30
00
78
0C
0C
7C
CC
CC
7C
ENDCHAR
STARTCHAR 00E1
ENCODING 225
SWIDTH 500 0
DWIDTH 8 0
BBX 6 11 1 0
BITMAP
1C
18
30
00
78
0C
0C
7C
CC
CC
7C
ENDCHAR
STARTCHAR 00E2
ENCODING 226
SWIDTH 500 0
DWIDTH 8 0
BBX 6 11 1 0
BITMAP
30
78
CC
00
78
0C
0C
7C
CC
CC
7C
ENDCHAR
STARTCHAR 00E3
ENCODING 227
SWIDTH 500 0
DWIDTH 8 0
BBX 7 10 1 0
BITMAP
76
DC
00
78
0C
0C
7C
CC
CC
7C
ENDCHAR
STARTCHAR 00E4
ENCODING 228
SWIDTH 500 0
DWIDTH 8 0
BBX 6 10 1 0
BITMAP
CC
CC
00
78
0C
0C
7C
CC
CC
7C
ENDCHAR
STARTCHAR 00E5
ENCODING 229
SWIDTH 500 0
DWIDTH 8 0
BBX 6 11 1 0
BITMAP
78
CC
78
00
78
0C
0C
7C
CC
CC
7C
ENDCHAR
STARTCHAR 00E6
ENCODING 230
SWIDTH 500 0
DWIDTH 8 0
BBX 8 7 0 0
BITMAP
6E
1B
1B
7F
D8
D8
77
ENDCHAR
STARTCHAR 00E7
ENCODING 231
SWIDTH 500 0
DWIDTH 8 0
BBX 6 10 1 -3
BITMAP
78
CC
C0
C0
C0
CC
78
30
18
70
ENDCHAR
STARTCHAR 00E8
ENCODING 232
SWIDTH 500 0
DWIDTH 8 0
BBX 6 11 1 0
BITMAP
E0
60
30
00
78
CC
CC
FC
C0
C0
78
ENDCHAR
STARTCHAR 00E9
ENCODING 233
SWIDTH 500 0
DWIDTH 8 0
BBX 6 11 1 0
BITMAP
1C
18
30
00
78
CC
CC
FC
C0
C0
78
ENDCHAR
STARTCHAR 00EA
ENCODING 234
SWIDTH 500 0
DWIDTH 8 0
BBX 6 11 1 0
BITMAP
30
78
CC
00
78
CC
CC
FC
C0
C0
78
ENDCHAR
STARTCHAR 00EB
ENCODING 235
SWIDTH 500 0
DWIDTH 8 0
BBX 6 10 1 0
BITMAP
CC
CC
00
78
CC
CC
FC
C0
C0
78
ENDCHAR
STARTCHAR 00EC
ENCODING 236
SWIDTH 500 0
DWIDTH 8 0
BBX 6 11 1 0
BITMAP
E0
60
30
00
F0
30
30
30
30
30
FC
ENDCHAR
STARTCHAR 00ED
ENCODING 237
SWIDTH 500 0
DWIDTH 8 0
BBX 6 11 1 0
BITMAP
1C
18
30
00
F0
30
30
30
30
30
FC
ENDCHAR
STARTCHAR 00EE
ENCODING 238
SWIDTH 500 0
DWIDTH 8 0
BBX 6 11 1 0
BITMAP
30
78
CC
00
F0
30
30
30
30
30
FC
ENDCHAR
STARTCHAR 00EF
ENCODING 239
SWIDTH 500 0
DWIDTH 8 0
BBX 6 10 1 0
BITMAP
CC
CC
00
F0
30
30
30
30
30
FC
ENDCHAR
STARTCHAR 00F0
ENCODING 240
SWIDTH 500 0
DWIDTH 8 0
BBX 6 9 1 0
BITMAP
6C
30
D8
3C
CC
CC
CC
CC
78
ENDCHAR
STARTCHAR 00F1
ENCODING 241
SWIDTH 500 0
DWIDTH 8 0
BBX 7 10 1 0
BITMAP
76
DC
00
F8
CC
CC
CC
CC
CC
CC
ENDCHAR
STARTCHAR 00F2
ENCODING 242
SWIDTH 500 0
DWIDTH 8 0
BBX 6 11 1 0
BITMAP
E0
60
30
00
78
CC
CC
CC
CC
CC
78
ENDCHAR
STARTCHAR 00F3
ENCODING 243
SWIDTH 500 0
DWIDTH 8 0
BBX 6 11 1 0
BITMAP
1C
18
30
00
78
CC
CC
CC
CC
CC
78
ENDCHAR
STARTCHAR 00F4
ENCODING 244
SWIDTH 500 0
DWIDTH 8 0
BBX 6 11 1 0
BITMAP
30
78
CC
00
78
CC
CC
CC
CC
CC
78
ENDCHAR
STARTCHAR 00F5
ENCODING 245
SWIDTH 500 0
DWIDTH 8 0
BBX 7 10 1 0
BITMAP
76
DC
00
78
CC
CC
CC
CC
CC
78
ENDCHAR
STARTCHAR 00F6
ENCODING 246
SWIDTH 500 0
DWIDTH 8 0
BBX 6 10 1 0
BITMAP
CC
CC
00
78
CC
CC
CC
CC
CC
78
ENDCHAR
STARTCHAR 00F7
ENCODING 247
SWIDTH 500 0
DWIDTH 8 0
BBX 6 7 1 1
BITMAP
30
30
00
FC
00
30
30
ENDCHAR
STARTCHAR 00F8
ENCODING 248
SWIDTH 500 0
DWIDTH 8 0
BBX 6 7 1 0
BITMAP
7C
CC
DC
FC
EC
CC
F8
ENDCHAR
STARTCHAR 00F9
ENCODING 249
SWIDTH 500 0
DWIDTH 8 0
BBX 6 11 1 0
BITMAP
E0
60
30
00
CC
CC
CC
CC
CC
CC
7C
ENDCHAR
STARTCHAR 00FA
ENCODING 250
SWIDTH 500 0
DWIDTH 8 0
BBX 6 11 1 0
BITMAP
1C
18
30
00
CC
CC
CC
CC
CC
CC
7C
ENDCHAR
STARTCHAR 00FB
ENCODING 251
SWIDTH 500 0
DWIDTH 8 0
BBX 6 11 1 0
BITMAP
30
78
CC
00
CC
CC
CC
CC
CC
CC
7C
ENDCHAR
STARTCHAR 00FC
ENCODING 252
SWIDTH 500 0
DWIDTH 8 0
BBX 6 10 1 0
BITMAP
CC
CC
00
CC
CC
CC
CC
CC
CC
7C
ENDCHAR
STARTCHAR 00FD
ENCODING 253
SWIDTH 500 0
DWIDTH 8 0
BBX 7 14 0 -3
BITMAP
0E
0C
18
00
66
66
66
66
66
66
3C
0C
18
F0
ENDCHAR
STARTCHAR 00FE
ENCODING 254
SWIDTH 500 0
DWIDTH 8 0
BBX 6 12 1 -3
BITMAP
C0
C0
F8
CC
CC
CC
CC
CC
F8
C0
C0
C0
ENDCHAR
STARTCHAR 00FF
ENCODING 255
SWIDTH 500 0
DWIDTH 8 0
BBX 7 13 0 -3
BITMAP
66
66
00
66
66
66
66
66
66
3C
0C
18
F0
ENDCHAR
STARTCHAR 0100
ENCODING 256
SWIDTH 500 0
DWIDTH 8 0
BBX 6 11 1 0
BITMAP
FC
00
30
78
CC
CC
CC
FC
CC
CC
CC
ENDCHAR
STARTCHAR 0101
ENCODING 257
SWIDTH 500 0
DWIDTH 8 0
BBX 6 9 1 0
BITMAP
FC
00
78
0C
0C
7C
CC
CC
7C
ENDCHAR
STARTCHAR 0102
ENCODING 258
SWIDTH 500 0
DWIDTH 8 0
BBX 6 12 1 0
BITMAP
CC
78
00
30
78
CC
CC
CC
FC
CC
CC
CC
ENDCHAR
STARTCHAR 0103
ENCODING 259
SWIDTH 500 0
DWIDTH 8 0
BBX 6 10 1 0
BITMAP
CC
78
00
78
0C
0C
7C
CC
CC
7C
ENDCHAR
STARTCHAR 0104
ENCODING 260
SWIDTH 500 0
DWIDTH 8 0
BBX 7 12 1 -3
BITMAP
30
78
CC
CC
CC
FC
CC
CC
CC
18
18
0E
ENDCHAR
STARTCHAR 0105
ENCODING 261
SWIDTH 500 0
DWIDTH 8 0
BBX 7 10 1 -3
BITMAP
78
0C
0C
7C
CC
CC
7C
18
18
0E
ENDCHAR
STARTCHAR 0106
ENCODING 262
SWIDTH 500 0
DWIDTH 8 0
BBX 6 12 1 0
BITMAP
18
30
00
78
CC
CC
C0
C0
C0
CC
CC
78
ENDCHAR
STARTCHAR 0107
ENCODING 263
SWIDTH 500 0
DWIDTH 8 0
BBX 6 11 1 0
BITMAP
1C
18
30
00
78
CC
C0
C0
C0
CC
78
ENDCHAR
STARTCHAR 0108
ENCODING 264
SWIDTH 500 0
DWIDTH 8 0
BBX 6 13 1 0
BITMAP
30
78
CC
00
78
CC
CC
C0
C0
C0
CC
CC
78
ENDCHAR
STARTCHAR 0109
ENCODING 265
SWIDTH 500 0
DWIDTH 8 0
BBX 6 11 1 0
BITMAP
30
78
CC
00
78
CC
C0
C0
C0
CC
78
ENDCHAR
STARTCHAR 010A
ENCODING 266
SWIDTH 500 0
DWIDTH 8 0
BBX 6 12 1 0
BITMAP
30
30
00
78
CC
CC
C0
C0
C0
CC
CC
78
ENDCHAR
STARTCHAR 010B
ENCODING 267
SWIDTH 500 0
DWIDTH 8 0
BBX 6 10 1 0
BITMAP
30
30
00
78
CC
C0
C0
C0
CC
78
ENDCHAR
STARTCHAR 010C
ENCODING 268
SWIDTH 500 0
DWIDTH 8 0
BBX 6 13 1 0
BITMAP
CC
78
30
00
78
CC
CC
C0
C0
C0
CC
CC
78
ENDCHAR
STARTCHAR 010D
ENCODING 269
SWIDTH 500 0
DWIDTH 8 0
BBX 6 11 1 0
BITMAP
CC
78
30
00
78
CC
C0
C0
C0
CC
78
ENDCHAR
STARTCHAR 010E
ENCODING 270
SWIDTH 500 0
DWIDTH 8 0
BBX 6 13 1 0
BITMAP
CC
78
30
00
F0
D8
CC
CC
CC
CC
CC
D8
F0
ENDCHAR
STARTCHAR 010F
ENCODING 271
SWIDTH 500 0
DWIDTH 8 0
BBX 7 9 1 0
BITMAP
1A
1A
7A
D8
D8
D8
D8
D8
78
ENDCHAR
STARTCHAR 0110
ENCODING 272
SWIDTH 500 0
DWIDTH 8 0
BBX 7 9 0 0
BITMAP
78
6C
66
66
F6
66
66
6C
78
ENDCHAR
STARTCHAR 0111
ENCODING 273
SWIDTH 500 0
DWIDTH 8 0
BBX 7 10 1 0
BITMAP
0C
3E
0C
7C
CC
CC
CC
CC
CC
7C
ENDCHAR
STARTCHAR 0112
ENCODING 274
SWIDTH 500 0
DWIDTH 8 0
BBX 6 11 1 0
BITMAP
FC
00
FC
C0
C0
C0
F8
C0
C0
C0
FC
ENDCHAR
STARTCHAR 0113
ENCODING 275
SWIDTH 500 0
DWIDTH 8 0
BBX 6 9 1 0
BITMAP
FC
00
78
CC
CC
FC
C0
C0
78
ENDCHAR
STARTCHAR 0114
ENCODING 276
SWIDTH 500 0
DWIDTH 8 0
BBX 6 12 1 0
BITMAP
CC
78
00
FC
C0
C0
C0
F8
C0
C0
C0
FC
ENDCHAR
STARTCHAR 0115
ENCODING 277
SWIDTH 500 0
DWIDTH 8 0
BBX 6 10 1 0
BITMAP
CC
78
00
78
CC
CC
FC
C0
C0
78
ENDCHAR
STARTCHAR 0116
ENCODING 278
SWIDTH 500 0
DWIDTH 8 0
BBX 6 12 1 0
BITMAP
30
30
00
FC
C0
C0
C0
F8
C0
C0
C0
FC
ENDCHAR
STARTCHAR 0117
ENCODING 279
SWIDTH 500 0
DWIDTH 8 0
BBX 6 10 1 0
BITMAP
30
30
00
78
CC
CC
FC
C0
C0
78
ENDCHAR
STARTCHAR 0118
ENCODING 280
SWIDTH 500 0
DWIDTH 8 0
BBX 7 12 1 -3
BITMAP
FC
C0
C0
C0
F8
C0
C0
C0
FC
18
18
0E
ENDCHAR
STARTCHAR 0119
ENCODING 281
SWIDTH 500 0
DWIDTH 8 0
BBX 7 10 1 -3
BITMAP
78
CC
CC
FC
C0
C4
78
18
18
0E
ENDCHAR
STARTCHAR 011A
ENCODING 282
SWIDTH 500 0
DWIDTH 8 0
BBX 6 13 1 0
BITMAP
CC
78
30
00
FC
C0
C0
C0
F8
C0
C0
C0
FC
ENDCHAR
STARTCHAR 011B
ENCODING 283
SWIDTH 500 0
DWIDTH 8 0
BBX 6 11 1 0
BITMAP
CC
78
30
00
78
CC
CC
FC
C0
C0
78
ENDCHAR
STARTCHAR 011C
ENCODING 284
SWIDTH 500 0
DWIDTH 8 0
BBX 6 13 1 0
BITMAP
30
78
CC
00
78
CC
CC
C0
C0
DC
CC
CC
7C
ENDCHAR
STARTCHAR 011D
ENCODING 285
SWIDTH 500 0
DWIDTH 8 0
BBX 6 14 1 -3
BITMAP
30
78
CC
00
7C
CC
CC
CC
CC
CC
7C
0C
0C
F8
ENDCHAR
STARTCHAR 011E
ENCODING 286
SWIDTH 500 0
DWIDTH 8 0
BBX 6 12 1 0
BITMAP
CC
78
00
78
CC
CC
C0
C0
DC
CC
CC
7C
ENDCHAR
STARTCHAR 011F
ENCODING 287
SWIDTH 500 0
DWIDTH 8 0
BBX 6 13 1 -3
BITMAP
CC
78
00
7C
CC
CC
CC
CC
CC
7C
0C
0C
F8
ENDCHAR
STARTCHAR 0120
ENCODING 288
SWIDTH 500 0
DWIDTH 8 0
BBX 6 12 1 0
BITMAP
30
30
00
78
CC
CC
C0
C0
DC
CC
CC
7C
ENDCHAR
STARTCHAR 0121
ENCODING 289
SWIDTH 500 0
DWIDTH 8 0
BBX 6 13 1 -3
BITMAP
30
30
00
7C
CC
CC
CC
CC
CC
7C
0C
0C
F8
ENDCHAR
STARTCHAR 0122
ENCODING 290
SWIDTH 500 0
DWIDTH 8 0
BBX 6 12 1 -3
BITMAP
78
CC
CC
C0
C0
DC
CC
CC
7C
00
30
60
ENDCHAR
STARTCHAR 0123
ENCODING 291
SWIDTH 500 0
DWIDTH 8 0
BBX 6 14 1 -3
BITMAP
18
30
30
00
7C
CC
CC
CC
CC
CC
7C
0C
0C
F8
ENDCHAR
STARTCHAR 0124
ENCODING 292
SWIDTH 500 0
DWIDTH 8 0
BBX 6 13 1 0
BITMAP
30
78
CC
00
CC
CC
CC
CC
FC
CC
CC
CC
CC
ENDCHAR
STARTCHAR 0125
ENCODING 293
SWIDTH 500 0
DWIDTH 8 0
BBX 6 13 1 0
BITMAP
30
78
CC
00
C0
C0
F8
CC
CC
CC
CC
CC
CC
ENDCHAR
STARTCHAR 0126
ENCODING 294
SWIDTH 500 0
DWIDTH 8 0
BBX 8 9 0 0
BITMAP
66
66
FF
66
7E
66
66
66
66
ENDCHAR
STARTCHAR 0127
ENCODING 295
SWIDTH 500 0
DWIDTH 8 0
BBX 7 10 0 0
BITMAP
60
F8
60
7C
66
66
66
66
66
66
ENDCHAR
STARTCHAR 0128
ENCODING 296
SWIDTH 500 0
DWIDTH 8 0
BBX 7 12 1 0
BITMAP
76
DC
00
78
30
30
30
30
30
30
30
78
ENDCHAR
STARTCHAR 0129
ENCODING 297
SWIDTH 500 0
DWIDTH 8 0
BBX 7 10 0 0
BITMAP
76
DC
00
78
18
18
18
18
18
7E
ENDCHAR
STARTCHAR 012A
ENCODING 298
SWIDTH 500 0
DWIDTH 8 0
BBX 6 11 1 0
BITMAP
FC
00
78
30
30
30
30
30
30
30
78
ENDCHAR
STARTCHAR 012B
ENCODING 299
SWIDTH 500 0
DWIDTH 8 0
BBX 6 9 1 0
BITMAP
F8
00
F0
30
30
30
30
30
FC
ENDCHAR
STARTCHAR 012C
ENCODING 300
SWIDTH 500 0
DWIDTH 8 0
BBX 6 12 1 0
BITMAP
CC
78
00
78
30
30
30
30
30
30
30
78
ENDCHAR
STARTCHAR 012D
ENCODING 301
SWIDTH 500 0
DWIDTH 8 0
BBX 6 10 1 0
BITMAP
CC
78
00
F0
30
30
30
30
30
FC
ENDCHAR
STARTCHAR 012E
ENCODING 302
SWIDTH 500 0
DWIDTH 8 0
BBX 5 12 2 -3
BITMAP
F0
60
60
60
60
60
60
60
F0
60
60
38
ENDCHAR
STARTCHAR 012F
ENCODING 303
SWIDTH 500 0
DWIDTH 8 0
BBX 6 13 1 -3
BITMAP
30
30
00
F0
30
30
30
30
30
FC
30
30
1C
ENDCHAR
STARTCHAR 0130
ENCODING 304
SWIDTH 500 0
DWIDTH 8 0
BBX 4 12 2 0
BITMAP
60
60
00
F0
60
60
60
60
60
60
60
F0
ENDCHAR
STARTCHAR 0131
ENCODING 305
SWIDTH 500 0
DWIDTH 8 0
BBX 6 7 1 0
BITMAP
F0
30
30
30
30
30
FC
ENDCHAR
STARTCHAR 0132
ENCODING 306
SWIDTH 500 0
DWIDTH 8 0
BBX 8 9 0 0
BITMAP
C3
C3
C3
C3
C3
C3
DB
DB
CE
ENDCHAR
STARTCHAR 0133
ENCODING 307
SWIDTH 500 0
DWIDTH 8 0
BBX 7 13 1 -3
BITMAP
66
66
00
EE
66
66
66
66
66
F6
06
06
3C
ENDCHAR
STARTCHAR 0134
ENCODING 308
SWIDTH 500 0
DWIDTH 8 0
BBX 7 13 1 0
BITMAP
18
3C
66
00
0C
0C
0C
0C
0C
0C
CC
CC
78
ENDCHAR
STARTCHAR 0135
ENCODING 309
SWIDTH 500 0
DWIDTH 8 0
BBX 6 14 1 -3
BITMAP
30
78
CC
00
78
18
18
18
18
18
18
18
18
F0
ENDCHAR
STARTCHAR 0136
ENCODING 310
SWIDTH 500 0
DWIDTH 8 0
BBX 6 12 1 -3
BITMAP
CC
CC
D8
D8
F0
D8
D8
CC
CC
00
30
60
ENDCHAR
STARTCHAR 0137
ENCODING 311
SWIDTH 500 0
DWIDTH 8 0
BBX 6 12 1 -3
BITMAP
C0
C0
CC
CC
D8
F0
D8
CC
CC
00
30
60
ENDCHAR
STARTCHAR 0138
ENCODING 312
SWIDTH 500 0
DWIDTH 8 0
BBX 6 7 1 0
BITMAP
CC
CC
D8
F0
D8
CC
CC
ENDCHAR
STARTCHAR 0139
ENCODING 313
SWIDTH 500 0
DWIDTH 8 0
BBX 6 12 1 0
BITMAP
30
60
00
C0
C0
C0
C0
C0
C0
C0
C0
FC
ENDCHAR
STARTCHAR 013A
ENCODING 314
SWIDTH 500 0
DWIDTH 8 0
BBX 6 12 1 0
BITMAP
18
30
00
F0
30
30
30
30
30
30
30
FC
ENDCHAR
STARTCHAR 013B
ENCODING 315
SWIDTH 500 0
DWIDTH 8 0
BBX 6 12 1 -3
BITMAP
C0
C0
C0
C0
C0
C0
C0
C0
FC
00
30
60
ENDCHAR
STARTCHAR 013C
ENCODING 316
SWIDTH 500 0
DWIDTH 8 0
BBX 6 12 1 -3
BITMAP
F0
30
30
30
30
30
30
30
FC
00
30
60
ENDCHAR
STARTCHAR 013D
ENCODING 317
SWIDTH 500 0
DWIDTH 8 0
BBX 6 9 1 0
BITMAP
CC
CC
C4
C8
C0
C0
C0
C0
FC
ENDCHAR
STARTCHAR 013E
ENCODING 318
SWIDTH 500 0
DWIDTH 8 0
BBX 7 9 1 0
BITMAP
F6
36
32
34
30
30
30
30
FC
ENDCHAR
STARTCHAR 013F
ENCODING 319
SWIDTH 500 0
DWIDTH 8 0
BBX 6 9 1 0
BITMAP
C0
C0
CC
CC
C0
C0
C0
C0
FC
ENDCHAR
STARTCHAR 0140
ENCODING 320
SWIDTH 500 0
DWIDTH 8 0
BBX 7 9 1 0
BITMAP
F0
30
30
36
36
30
30
30
FC
ENDCHAR
STARTCHAR 0141
ENCODING 321
SWIDTH 500 0
DWIDTH 8 0
BBX 7 9 0 0
BITMAP
60
68
78
70
60
E0
E0
60
7E
ENDCHAR
STARTCHAR 0142
ENCODING 322
SWIDTH 500 0
DWIDTH 8 0
BBX 6 9 1 0
BITMAP
F0
34
3C
38
70
F0
B0
30
FC
ENDCHAR
STARTCHAR 0143
ENCODING 323
SWIDTH 500 0
DWIDTH 8 0
BBX 7 12 1 0
BITMAP
18
30
00
C6
C6
E6
F6
DE
CE
C6
C6
C6
ENDCHAR
STARTCHAR 0144
ENCODING 324
SWIDTH 500 0
DWIDTH 8 0
BBX 6 11 1 0
BITMAP
1C
18
30
00
F8
CC
CC
CC
CC
CC
CC
ENDCHAR
STARTCHAR 0145
ENCODING 325
SWIDTH 500 0
DWIDTH 8 0
BBX 7 12 1 -3
BITMAP
C6
C6
E6
F6
DE
CE
C6
C6
C6
00
18
30
ENDCHAR
STARTCHAR 0146
ENCODING 326
SWIDTH 500 0
DWIDTH 8 0
BBX 6 10 1 -3
BITMAP
F8
CC
CC
CC
CC
CC
CC
00
30
60
ENDCHAR
STARTCHAR 0147
ENCODING 327
SWIDTH 500 0
DWIDTH 8 0
BBX 7 13 1 0
BITMAP
66
3C
18
00
C6
C6
E6
F6
DE
CE
C6
C6
C6
ENDCHAR
STARTCHAR 0148
ENCODING 328
SWIDTH 500 0
DWIDTH 8 0
BBX 6 11 1 0
BITMAP
CC
78
30
00
F8
CC
CC
CC
CC
CC
CC
ENDCHAR
STARTCHAR 0149
ENCODING 329
SWIDTH 500 0
DWIDTH 8 0
BBX 8 9 0 0
BITMAP
C0
C0
7E
B3
33
33
33
33
33
ENDCHAR
STARTCHAR 014A
ENCODING 330
SWIDTH 500 0
DWIDTH 8 0
BBX 6 12 1 -3
BITMAP
F8
CC
CC
CC
CC
CC
CC
CC
CC
0C
0C
78
ENDCHAR
STARTCHAR 014B
ENCODING 331
SWIDTH 500 0
DWIDTH 8 0
BBX 6 10 1 -3
BITMAP
F8
CC
CC
CC
CC
CC
CC
0C
0C
38
ENDCHAR
STARTCHAR 014C
ENCODING 332
SWIDTH 500 0
DWIDTH 8 0
BBX 6 11 1 0
BITMAP
FC
00
78
CC
CC
CC
CC
CC
CC
CC
78
ENDCHAR
STARTCHAR 014D
ENCODING 333
SWIDTH 500 0
DWIDTH 8 0
BBX 6 9 1 0
BITMAP
FC
00
78
CC
CC
CC
CC
CC
78
ENDCHAR
STARTCHAR 014E
ENCODING 334
SWIDTH 500 0
DWIDTH 8 0
BBX 6 12 1 0
BITMAP
CC
78
00
78
CC
CC
CC
CC
CC
CC
CC
78
ENDCHAR
STARTCHAR 014F
ENCODING 335
SWIDTH 500 0
DWIDTH 8 0
BBX 6 10 1 0
BITMAP
CC
78
00
78
CC
CC
CC
CC
CC
78
ENDCHAR
STARTCHAR 0150
ENCODING 336
SWIDTH 500 0
DWIDTH 8 0
BBX 7 12 1 0
BITMAP
66
CC
00
78
CC
CC
CC
CC
CC
CC
CC
78
ENDCHAR
STARTCHAR 0151
ENCODING 337
SWIDTH 500 0
DWIDTH 8 0
BBX 7 10 1 0
BITMAP
66
CC
00
78
CC
CC
CC
CC
CC
78
ENDCHAR
STARTCHAR 0152
ENCODING 338
SWIDTH 500 0
DWIDTH 8 0
BBX 7 9 1 0
BITMAP
7E
D8
D8
D8
DE
D8
D8
D8
7E
ENDCHAR
STARTCHAR 0153
ENCODING 339
SWIDTH 500 0
DWIDTH 8 0
BBX 8 7 0 0
BITMAP
6E
DB
DB
DF
D8
D8
77
ENDCHAR
STARTCHAR 0154
ENCODING 340
SWIDTH 500 0
DWIDTH 8 0
BBX 6 12 1 0
BITMAP
18
30
00
F8
CC
CC
CC
F8
D8
CC
CC
CC
ENDCHAR
STARTCHAR 0155
ENCODING 341
SWIDTH 500 0
DWIDTH 8 0
BBX 6 11 1 0
BITMAP
1C
18
30
00
CC
DC
E0
C0
C0
C0
C0
ENDCHAR
STARTCHAR 0156
ENCODING 342
SWIDTH 500 0
DWIDTH 8 0
BBX 6 12 1 -3
BITMAP
F8
CC
CC
CC
F8
D8
CC
CC
CC
00
30
60
ENDCHAR
STARTCHAR 0157
ENCODING 343
SWIDTH 500 0
DWIDTH 8 0
BBX 6 10 1 -3
BITMAP
CC
DC
E0
C0
C0
C0
C0
00
60
C0
ENDCHAR
STARTCHAR 0158
ENCODING 344
SWIDTH 500 0
DWIDTH 8 0
BBX 6 13 1 0
BITMAP
CC
78
30
00
F8
CC
CC
CC
F8
D8
CC
CC
CC
ENDCHAR
STARTCHAR 0159
ENCODING 345
SWIDTH 500 0
DWIDTH 8 0
BBX 6 11 1 0
BITMAP
CC
78
30
00
CC
DC
E0
C0
C0
C0
C0
ENDCHAR
STARTCHAR 015A
ENCODING 346
SWIDTH 500 0
DWIDTH 8 0
BBX 6 12 1 0
BITMAP
18
30
00
78
CC
C0
60
30
18
0C
CC
78
ENDCHAR
STARTCHAR 015B
ENCODING 347
SWIDTH 500 0
DWIDTH 8 0
BBX 6 11 1 0
BITMAP
1C
18
30
00
7C
C0
C0
78
0C
0C
F8
ENDCHAR
STARTCHAR 015C
ENCODING 348
SWIDTH 500 0
DWIDTH 8 0
BBX 6 13 1 0
BITMAP
30
78
CC
00
78
CC
C0
60
30
18
0C
CC
78
ENDCHAR
STARTCHAR 015D
ENCODING 349
SWIDTH 500 0
DWIDTH 8 0
BBX 6 11 1 0
BITMAP
30
78
CC
00
7C
C0
C0
78
0C
0C
F8
ENDCHAR
STARTCHAR 015E
ENCODING 350
SWIDTH 500 0
DWIDTH 8 0
BBX 6 12 1 -3
BITMAP
78
CC
C0
60
30
18
0C
CC
78
30
18
70
ENDCHAR
STARTCHAR 015F
ENCODING 351
SWIDTH 500 0
DWIDTH 8 0
BBX 6 10 1 -3
BITMAP
7C
C0
C0
78
0C
0C
F8
30
18
70
ENDCHAR
STARTCHAR 0160
ENCODING 352
SWIDTH 500 0
DWIDTH 8 0
BBX 6 13 1 0
BITMAP
CC
78
30
00
78
CC
C0
60
30
18
0C
CC
78
ENDCHAR
STARTCHAR 0161
ENCODING 353
SWIDTH 500 0
DWIDTH 8 0
BBX 6 11 1 0
BITMAP
CC
78
30
00
7C
C0
C0
78
0C
0C
F8
ENDCHAR
STARTCHAR 0162
ENCODING 354
SWIDTH 500 0
DWIDTH 8 0
BBX 6 12 1 -3
BITMAP
FC
30
30
30
30
30
30
30
30
30
18
70
ENDCHAR
STARTCHAR 0163
ENCODING 355
SWIDTH 500 0
DWIDTH 8 0
BBX 6 12 1 -3
BITMAP
60
60
FC
60
60
60
60
60
3C
30
18
70
ENDCHAR
STARTCHAR 0164
ENCODING 356
SWIDTH 500 0
DWIDTH 8 0
BBX 6 13 1 0
BITMAP
CC
78
30
00
FC
30
30
30
30
30
30
30
30
ENDCHAR
STARTCHAR 0165
ENCODING 357
SWIDTH 500 0
DWIDTH 8 0
BBX 8 9 0 0
BITMAP
63
63
F9
62
60
60
60
60
38
ENDCHAR
STARTCHAR 0166
ENCODING 358
SWIDTH 500 0
DWIDTH 8 0
BBX 6 9 1 0
BITMAP
FC
30
30
30
78
30
30
30
30
ENDCHAR
STARTCHAR 0167
ENCODING 359
SWIDTH 500 0
DWIDTH 8 0
BBX 6 9 1 0
BITMAP
60
60
FC
60
F8
60
60
60
3C
ENDCHAR
STARTCHAR 0168
ENCODING 360
SWIDTH 500 0
DWIDTH 8 0
BBX 7 12 1 0
BITMAP
76
DC
00
CC
CC
CC
CC
CC
CC
CC
CC
78
ENDCHAR
STARTCHAR 0169
ENCODING 361
SWIDTH 500 0
DWIDTH 8 0
BBX 7 10 1 0
BITMAP
76
DC
00
CC
CC
CC
CC
CC
CC
7C
ENDCHAR
STARTCHAR 016A
ENCODING 362
SWIDTH 500 0
DWIDTH 8 0
BBX 6 11 1 0
BITMAP
FC
00
CC
CC
CC
CC
CC
CC
CC
CC
78
ENDCHAR
STARTCHAR 016B
ENCODING 363
SWIDTH 500 0
DWIDTH 8 0
BBX 6 9 1 0
BITMAP
FC
00
CC
CC
CC
CC
CC
CC
7C
ENDCHAR
STARTCHAR 016C
ENCODING 364
SWIDTH 500 0
DWIDTH 8 0
BBX 6 12 1 0
BITMAP
CC
78
00
CC
CC
CC
CC
CC
CC
CC
CC
78
ENDCHAR
STARTCHAR 016D
ENCODING 365
SWIDTH 500 0
DWIDTH 8 0
BBX 6 10 1 0
BITMAP
CC
78
00
CC
CC
CC
CC
CC
CC
7C
ENDCHAR
STARTCHAR 016E
ENCODING 366
SWIDTH 500 0
DWIDTH 8 0
BBX 6 13 1 0
BITMAP
78
CC
78
00
CC
CC
CC
CC
CC
CC
CC
CC
78
ENDCHAR
STARTCHAR 016F
ENCODING 367
SWIDTH 500 0
DWIDTH 8 0
BBX 6 11 1 0
BITMAP
78
CC
78
00
CC
CC
CC
CC
CC
CC
7C
ENDCHAR
STARTCHAR 0170
ENCODING 368
SWIDTH 500 0
DWIDTH 8 0
BBX 7 12 1 0
BITMAP
66
CC
00
CC
CC
CC
CC
CC
CC
CC
CC
78
ENDCHAR
STARTCHAR 0171
ENCODING 369
SWIDTH 500 0
DWIDTH 8 0
BBX 7 10 1 0
BITMAP
66
CC
00
CC
CC
CC
CC
CC
CC
7C
ENDCHAR
STARTCHAR 0172
ENCODING 370
SWIDTH 500 0
DWIDTH 8 0
BBX 6 12 1 -3
BITMAP
CC
CC
CC
CC
CC
CC
CC
CC
78
30
30
1C
ENDCHAR
STARTCHAR 0173
ENCODING 371
SWIDTH 500 0
DWIDTH 8 0
BBX 7 10 1 -3
BITMAP
CC
CC
CC
CC
CC
CC
7C
18
18
0E
ENDCHAR
STARTCHAR 0174
ENCODING 372
SWIDTH 500 0
DWIDTH 8 0
BBX 7 13 1 0
BITMAP
30
78
CC
00
C6
C6
C6
D6
D6
D6
6C
6C
6C
ENDCHAR
STARTCHAR 0175
ENCODING 373
SWIDTH 500 0
DWIDTH 8 0
BBX 7 11 1 0
BITMAP
30
78
CC
00
C6
D6
D6
D6
D6
6C
6C
ENDCHAR
STARTCHAR 0176
ENCODING 374
SWIDTH 500 0
DWIDTH 8 0
BBX 6 13 1 0
BITMAP
30
78
CC
00
CC
CC
CC
CC
78
30
30
30
30
ENDCHAR
STARTCHAR 0177
ENCODING 375
SWIDTH 500 0
DWIDTH 8 0
BBX 7 14 0 -3
BITMAP
18
3C
66
00
66
66
66
66
66
66
3C
0C
18
F0
ENDCHAR
STARTCHAR 0178
ENCODING 376
SWIDTH 500 0
DWIDTH 8 0
BBX 6 12 1 0
BITMAP
CC
CC
00
CC
CC
CC
CC
78
30
30
30
30
ENDCHAR
STARTCHAR 0179
ENCODING 377
SWIDTH 500 0
DWIDTH 8 0
BBX 6 12 1 0
BITMAP
18
30
00
FC
0C
0C
18
30
60
C0
C0
FC
ENDCHAR
STARTCHAR 017A
ENCODING 378
SWIDTH 500 0
DWIDTH 8 0
BBX 6 11 1 0
BITMAP
1C
18
30
00
FC
0C
18
30
60
C0
FC
ENDCHAR
STARTCHAR 017B
ENCODING 379
SWIDTH 500 0
DWIDTH 8 0
BBX 6 12 1 0
BITMAP
30
30
00
FC
0C
0C
18
30
60
C0
C0
FC
ENDCHAR
STARTCHAR 017C
ENCODING 380
SWIDTH 500 0
DWIDTH 8 0
BBX 6 10 1 0
BITMAP
30
30
00
FC
0C
18
30
60
C0
FC
ENDCHAR
STARTCHAR 017D
ENCODING 381
SWIDTH 500 0
DWIDTH 8 0
BBX 6 13 1 0
BITMAP
CC
78
30
00
FC
0C
0C
18
30
60
C0
C0
FC
ENDCHAR
STARTCHAR 017E
ENCODING 382
SWIDTH 500 0
DWIDTH 8 0
BBX 6 11 1 0
BITMAP
CC
78
30
00
FC
0C
18
30
60
C0
FC
ENDCHAR
STARTCHAR 017F
ENCODING 383
SWIDTH 500 0
DWIDTH 8 0
BBX 6 9 2 0
BITMAP
3C
60
60
60
E0
60
60
60
60
ENDCHAR
STARTCHAR 0180
ENCODING 384
SWIDTH 500 0
DWIDTH 8 0
BBX 7 10 0 0
BITMAP
60
F8
60
7C
66
66
66
66
66
7C
ENDCHAR
STARTCHAR 0181
ENCODING 385
SWIDTH 500 0
DWIDTH 8 0
BBX 8 12 -1 0
BITMAP
E0
30
30
3E
33
33
33
3E
33
33
33
3E
ENDCHAR
STARTCHAR 0182
ENCODING 386
SWIDTH 500 0
DWIDTH 8 0
BBX 6 9 1 0
BITMAP
FC
C0
C0
C0
F8
CC
CC
CC
F8
ENDCHAR
STARTCHAR 0183
ENCODING 387
SWIDTH 500 0
DWIDTH 8 0
BBX 6 9 1 0
BITMAP
F8
C0
F8
CC
CC
CC
CC
CC
F8
ENDCHAR
STARTCHAR 0184
ENCODING 388
SWIDTH 500 0
DWIDTH 8 0
BBX 7 9 0 0
BITMAP
60
E0
60
60
7C
66
66
66
7C
ENDCHAR
STARTCHAR 0185
ENCODING 389
SWIDTH 500 0
DWIDTH 8 0
BBX 7 9 0 0
BITMAP
60
E0
7C
66
66
66
66
66
3C
ENDCHAR
STARTCHAR 0186
ENCODING 390
SWIDTH 500 0
DWIDTH 8 0
BBX 6 9 1 0
BITMAP
78
CC
CC
0C
0C
0C
CC
CC
78
ENDCHAR
STARTCHAR 0187
ENCODING 391
SWIDTH 500 0
DWIDTH 8 0
BBX 7 11 1 0
BITMAP
06
0C
7C
CC
CC
C0
C0
C0
CC
CC
78
ENDCHAR
STARTCHAR 0188
ENCODING 392
SWIDTH 500 0
DWIDTH 8 0
BBX 7 9 1 0
BITMAP
06
0C
7C
CC
C0
C0
C0
CC
78
ENDCHAR
STARTCHAR 0189
ENCODING 393
SWIDTH 500 0
DWIDTH 8 0
BBX 7 9 0 0
BITMAP
78
6C
66
66
F6
66
66
6C
78
ENDCHAR
STARTCHAR 018A
ENCODING 394
SWIDTH 500 0
DWIDTH 8 0
BBX 9 11 -2 0
BITMAP
7000
D800
1E00
1B00
1980
1980
1980
1980
1980
1B00
1E00
ENDCHAR
STARTCHAR 018B
ENCODING 395
SWIDTH 500 0
DWIDTH 8 0
BBX 6 9 1 0
BITMAP
7C
0C
0C
0C
7C
CC
CC
CC
7C
ENDCHAR
STARTCHAR 018C
ENCODING 396
SWIDTH 500 0
DWIDTH 8 0
BBX 6 9 1 0
BITMAP
7C
0C
7C
CC
CC
CC
CC
CC
7C
ENDCHAR
STARTCHAR 018D
ENCODING 397
SWIDTH 500 0
DWIDTH 8 0
BBX 6 10 1 -3
BITMAP
78
CC
CC
CC
CC
CC
78
18
18
70
ENDCHAR
STARTCHAR 018E
ENCODING 398
SWIDTH 500 0
DWIDTH 8 0
BBX 6 9 1 0
BITMAP
FC
0C
0C
0C
7C
0C
0C
0C
FC
ENDCHAR
STARTCHAR 018F
ENCODING 399
SWIDTH 500 0
DWIDTH 8 0
BBX 6 9 1 0
BITMAP
78
CC
CC
0C
FC
CC
CC
CC
78
ENDCHAR
STARTCHAR 0190
ENCODING 400
SWIDTH 500 0
DWIDTH 8 0
BBX 6 9 1 0
BITMAP
78
CC
CC
C0
70
C0
CC
CC
78
ENDCHAR
STARTCHAR 0191
ENCODING 401
SWIDTH 500 0
DWIDTH 8 0
BBX 7 12 0 -3
BITMAP
7E
60
60
60
7C
60
60
60
60
60
60
C0
ENDCHAR
STARTCHAR 0192
ENCODING 402
SWIDTH 500 0
DWIDTH 8 0
BBX 7 12 0 -3
BITMAP
1E
30
30
30
7E
30
30
30
30
30
30
E0
ENDCHAR
STARTCHAR 0193
ENCODING 403
SWIDTH 500 0
DWIDTH 8 0
BBX 7 11 1 0
BITMAP
06
0C
7C
CC
CC
C0
C0
DC
CC
CC
7C
ENDCHAR
STARTCHAR 0194
ENCODING 404
SWIDTH 500 0
DWIDTH 8 0
BBX 6 12 1 -3
BITMAP
CC
CC
CC
CC
CC
CC
78
30
78
CC
CC
78
ENDCHAR
STARTCHAR 0195
ENCODING 405
SWIDTH 500 0
DWIDTH 8 0
BBX 8 9 0 0
BITMAP
C0
C0
F3
DB
DB
DB
DB
DB
CE
ENDCHAR
STARTCHAR 0196
ENCODING 406
SWIDTH 500 0
DWIDTH 8 0
BBX 5 9 2 0
BITMAP
C0
C0
C0
C0
C0
C0
C0
D8
70
ENDCHAR
STARTCHAR 0197
ENCODING 407
SWIDTH 500 0
DWIDTH 8 0
BBX 6 9 1 0
BITMAP
78
30
30
30
FC
30
30
30
78
ENDCHAR
STARTCHAR 0198
ENCODING 408
SWIDTH 500 0
DWIDTH 8 0
BBX 8 10 1 0
BITMAP
0E
DB
DB
D8
D8
F0
D8
D8
CC
CC
ENDCHAR
STARTCHAR 0199
ENCODING 409
SWIDTH 500 0
DWIDTH 8 0
BBX 6 10 1 0
BITMAP
70
C0
C0
CC
CC
D8
F0
D8
CC
CC
ENDCHAR
STARTCHAR 019A
ENCODING 410
SWIDTH 500 0
DWIDTH 8 0
BBX 6 9 1 0
BITMAP
F0
30
30
30
FC
30
30
30
FC
ENDCHAR
STARTCHAR 019B
ENCODING 411
SWIDTH 500 0
DWIDTH 8 0
BBX 6 9 1 0
BITMAP
68
78
F0
B0
78
CC
CC
CC
CC
ENDCHAR
STARTCHAR 019C
ENCODING 412
SWIDTH 500 0
DWIDTH 8 0
BBX 7 9 1 0
BITMAP
D6
D6
D6
D6
D6
D6
D6
D6
7E
ENDCHAR
STARTCHAR 019D
ENCODING 413
SWIDTH 500 0
DWIDTH 8 0
BBX 8 12 0 -3
BITMAP
63
63
73
7B
6F
67
63
63
63
60
60
C0
ENDCHAR
STARTCHAR 019E
ENCODING 414
SWIDTH 500 0
DWIDTH 8 0
BBX 6 10 1 -3
BITMAP
F8
CC
CC
CC
CC
CC
CC
0C
0C
0C
ENDCHAR
STARTCHAR 019F
ENCODING 415
SWIDTH 500 0
DWIDTH 8 0
BBX 6 9 1 0
BITMAP
78
CC
CC
CC
FC
CC
CC
CC
78
ENDCHAR
STARTCHAR 01A0
ENCODING 416
SWIDTH 500 0
DWIDTH 8 0
BBX 7 11 1 0
BITMAP
06
06
7A
CE
CC
CC
CC
CC
CC
CC
78
ENDCHAR
STARTCHAR 01A1
ENCODING 417
SWIDTH 500 0
DWIDTH 8 0
BBX 7 9 1 0
BITMAP
06
06
7A
CE
CC
CC
CC
CC
78
ENDCHAR
STARTCHAR 01A2
ENCODING 418
SWIDTH 500 0
DWIDTH 8 0
BBX 7 12 1 -3
BITMAP
7E
D6
D6
D6
D6
D6
D6
D6
76
06
06
06
ENDCHAR
STARTCHAR 01A3
ENCODING 419
SWIDTH 500 0
DWIDTH 8 0
BBX 7 10 1 -3
BITMAP
7C
D6
D6
D6
D6
D6
76
06
06
06
ENDCHAR
STARTCHAR 01A4
ENCODING 420
SWIDTH 500 0
DWIDTH 8 0
BBX 9 11 -2 0
BITMAP
7000
D800
1F00
1980
1980
1980
1F00
1800
1800
1800
1800
ENDCHAR
STARTCHAR 01A5
ENCODING 421
SWIDTH 500 0
DWIDTH 8 0
BBX 6 13 1 -3
BITMAP
70
C0
C0
F8
CC
CC
CC
CC
CC
F8
C0
C0
C0
ENDCHAR
STARTCHAR 01A6
ENCODING 422
SWIDTH 500 0
DWIDTH 8 0
BBX 7 12 1 -3
BITMAP
C0
F8
CC
CC
CC
F8
D8
CC
CC
0C
0C
06
ENDCHAR
STARTCHAR 01A7
ENCODING 423
SWIDTH 500 0
DWIDTH 8 0
BBX 6 9 1 0
BITMAP
78
CC
0C
18
30
60
C0
CC
78
ENDCHAR
STARTCHAR 01A8
ENCODING 424
SWIDTH 500 0
DWIDTH 8 0
BBX 6 7 1 0
BITMAP
F8
0C
0C
78
C0
C0
7C
ENDCHAR
STARTCHAR 01A9
ENCODING 425
SWIDTH 500 0
DWIDTH 8 0
BBX 6 9 1 0
BITMAP
FC
C0
C0
60
30
60
C0
C0
FC
ENDCHAR
STARTCHAR 01AA
ENCODING 426
SWIDTH 500 0
DWIDTH 8 0
BBX 7 13 1 -3
BITMAP
70
D8
D8
78
18
18
18
18
18
18
18
18
0E
ENDCHAR
STARTCHAR 01AB
ENCODING 427
SWIDTH 500 0
DWIDTH 8 0
BBX 6 12 1 -3
BITMAP
60
60
FC
60
60
60
60
60
3C
0C
CC
78
ENDCHAR
STARTCHAR 01AC
ENCODING 428
SWIDTH 500 0
DWIDTH 8 0
BBX 7 9 1 0
BITMAP
7E
D8
D8
18
18
18
18
18
18
ENDCHAR
STARTCHAR 01AD
ENCODING 429
SWIDTH 500 0
DWIDTH 8 0
BBX 6 10 1 0
BITMAP
38
60
60
FC
60
60
60
60
60
3C
ENDCHAR
STARTCHAR 01AE
ENCODING 430
SWIDTH 500 0
DWIDTH 8 0
BBX 6 12 1 -3
BITMAP
FC
30
30
30
30
30
30
30
30
30
30
1C
ENDCHAR
STARTCHAR 01AF
ENCODING 431
SWIDTH 500 0
DWIDTH 8 0
BBX 7 11 1 0
BITMAP
06
06
CA
CE
CC
CC
CC
CC
CC
CC
78
ENDCHAR
STARTCHAR 01B0
ENCODING 432
SWIDTH 500 0
DWIDTH 8 0
BBX 7 9 1 0
BITMAP
06
06
CA
CE
CC
CC
CC
CC
7C
ENDCHAR
STARTCHAR 01B1
ENCODING 433
SWIDTH 500 0
DWIDTH 8 0
BBX 7 9 1 0
BITMAP
EE
6C
C6
C6
C6
C6
C6
C6
7C
ENDCHAR
STARTCHAR 01B2
ENCODING 434
SWIDTH 500 0
DWIDTH 8 0
BBX 6 10 1 0
BITMAP
18
CC
CC
CC
CC
CC
CC
CC
78
30
ENDCHAR
STARTCHAR 01B3
ENCODING 435
SWIDTH 500 0
DWIDTH 8 0
BBX 8 10 1 0
BITMAP
07
CC
CC
CC
CC
78
30
30
30
30
ENDCHAR
STARTCHAR 01B4
ENCODING 436
SWIDTH 500 0
DWIDTH 8 0
BBX 9 12 0 -3
BITMAP
0380
0600
6600
6600
6600
6600
6600
6600
3C00
0C00
1800
F000
ENDCHAR
STARTCHAR 01B5
ENCODING 437
SWIDTH 500 0
DWIDTH 8 0
BBX 6 9 1 0
BITMAP
FC
0C
0C
18
FC
60
C0
C0
FC
ENDCHAR
STARTCHAR 01B6
ENCODING 438
SWIDTH 500 0
DWIDTH 8 0
BBX 6 7 1 0
BITMAP
FC
0C
18
FC
60
C0
FC
ENDCHAR
STARTCHAR 01B7
ENCODING 439
SWIDTH 500 0
DWIDTH 8 0
BBX 6 9 1 0
BITMAP
FC
0C
18
38
0C
0C
0C
CC
78
ENDCHAR
STARTCHAR 01B8
ENCODING 440
SWIDTH 500 0
DWIDTH 8 0
BBX 6 9 1 0
BITMAP
FC
C0
60
70
C0
C0
C0
CC
78
ENDCHAR
STARTCHAR 01B9
ENCODING 441
SWIDTH 500 0
DWIDTH 8 0
BBX 6 10 1 -3
BITMAP
FC
C0
60
30
78
C0
C0
C0
CC
78
ENDCHAR
STARTCHAR 01BA
ENCODING 442
SWIDTH 500 0
DWIDTH 8 0
BBX 6 10 1 -3
BITMAP
FC
18
30
70
18
18
70
C0
CC
78
ENDCHAR
STARTCHAR 01BB
ENCODING 443
SWIDTH 500 0
DWIDTH 8 0
BBX 6 9 1 0
BITMAP
78
CC
CC
0C
18
FC
60
C0
FC
ENDCHAR
STARTCHAR 01BC
ENCODING 444
SWIDTH 500 0
DWIDTH 8 0
BBX 6 9 1 0
BITMAP
FC
60
60
60
78
0C
0C
18
F0
ENDCHAR
STARTCHAR 01BD
ENCODING 445
SWIDTH 500 0
DWIDTH 8 0
BBX 6 7 1 0
BITMAP
FC
60
60
78
0C
0C
78
ENDCHAR
STARTCHAR 01BE
ENCODING 446
SWIDTH 500 0
DWIDTH 8 0
BBX 6 9 1 0
BITMAP
60
60
FC
60
60
38
0C
0C
F8
ENDCHAR
STARTCHAR 01BF
ENCODING 447
SWIDTH 500 0
DWIDTH 8 0
BBX 6 10 1 -3
BITMAP
F8
CC
CC
CC
D8
F0
E0
C0
C0
C0
ENDCHAR
STARTCHAR 01C0
ENCODING 448
SWIDTH 500 0
DWIDTH 8 0
BBX 2 9 3 0
BITMAP
C0
C0
C0
C0
C0
C0
C0
C0
C0
ENDCHAR
STARTCHAR 01C1
ENCODING 449
SWIDTH 500 0
DWIDTH 8 0
BBX 5 9 2 0
BITMAP
D8
D8
D8
D8
D8
D8
D8
D8
D8
ENDCHAR
STARTCHAR 01C2
ENCODING 450
SWIDTH 500 0
DWIDTH 8 0
BBX 6 9 1 0
BITMAP
30
30
30
FC
30
FC
30
30
30
ENDCHAR
STARTCHAR 01C3
ENCODING 451
SWIDTH 500 0
DWIDTH 8 0
BBX 4 9 2 0
BITMAP
60
F0
F0
F0
60
60
00
60
60
ENDCHAR
STARTCHAR 01C4
ENCODING 452
SWIDTH 500 0
DWIDTH 8 0
BBX 8 12 0 0
BITMAP
0D
06
00
EF
D3
D3
D6
D6
D6
DC
DC
EF
ENDCHAR
STARTCHAR 01C5
ENCODING 453
SWIDTH 500 0
DWIDTH 8 0
BBX 8 10 0 0
BITMAP
0D
E6
D0
DF
D3
D6
D6
DC
DC
EF
ENDCHAR
STARTCHAR 01C6
ENCODING 454
SWIDTH 500 0
DWIDTH 8 0
BBX 8 10 0 0
BITMAP
0D
36
30
7F
B3
B6
B6
BC
BC
7F
ENDCHAR
STARTCHAR 01C7
ENCODING 455
SWIDTH 500 0
DWIDTH 8 0
BBX 8 9 0 0
BITMAP
C3
C3
C3
C3
C3
C3
DB
DB
FE
ENDCHAR
STARTCHAR 01C8
ENCODING 456
SWIDTH 500 0
DWIDTH 8 0
BBX 8 13 0 -3
BITMAP
03
C3
C0
CF
C3
C3
C3
C3
C3
FB
03
03
1E
ENDCHAR
STARTCHAR 01C9
ENCODING 457
SWIDTH 500 0
DWIDTH 8 0
BBX 7 13 1 -3
BITMAP
06
E6
60
6E
66
66
66
66
66
F6
06
06
1C
ENDCHAR
STARTCHAR 01CA
ENCODING 458
SWIDTH 500 0
DWIDTH 8 0
BBX 8 9 0 0
BITMAP
D3
D3
F3
F3
F3
D3
DB
DB
D6
ENDCHAR
STARTCHAR 01CB
ENCODING 459
SWIDTH 500 0
DWIDTH 8 0
BBX 8 13 0 -3
BITMAP
03
CB
C8
EF
EB
DB
DB
CB
CB
CB
03
03
0E
ENDCHAR
STARTCHAR 01CC
ENCODING 460
SWIDTH 500 0
DWIDTH 8 0
BBX 8 13 0 -3
BITMAP
03
03
00
F7
DB
DB
DB
DB
DB
DB
03
03
0E
ENDCHAR
STARTCHAR 01CD
ENCODING 461
SWIDTH 500 0
DWIDTH 8 0
BBX 6 13 1 0
BITMAP
CC
78
30
00
30
78
CC
CC
CC
FC
CC
CC
CC
ENDCHAR
STARTCHAR 01CE
ENCODING 462
SWIDTH 500 0
DWIDTH 8 0
BBX 6 11 1 0
BITMAP
CC
78
30
00
78
0C
0C
7C
CC
CC
7C
ENDCHAR
STARTCHAR 01CF
ENCODING 463
SWIDTH 500 0
DWIDTH 8 0
BBX 6 13 1 0
BITMAP
CC
78
30
00
78
30
30
30
30
30
30
30
78
ENDCHAR
STARTCHAR 01D0
ENCODING 464
SWIDTH 500 0
DWIDTH 8 0
BBX 6 11 1 0
BITMAP
CC
78
30
00
F0
30
30
30
30
30
FC
ENDCHAR
STARTCHAR 01D1
ENCODING 465
SWIDTH 500 0
DWIDTH 8 0
BBX 6 13 1 0
BITMAP
CC
78
30
00
78
CC
CC
CC
CC
CC
CC
CC
78
ENDCHAR
STARTCHAR 01D2
ENCODING 466
SWIDTH 500 0
DWIDTH 8 0
BBX 6 11 1 0
BITMAP
CC
78
30
00
78
CC
CC
CC
CC
CC
78
ENDCHAR
STARTCHAR 01D3
ENCODING 467
SWIDTH 500 0
DWIDTH 8 0
BBX 6 13 1 0
BITMAP
CC
78
30
00
CC
CC
CC
CC
CC
CC
CC
CC
78
ENDCHAR
STARTCHAR 01D4
ENCODING 468
SWIDTH 500 0
DWIDTH 8 0
BBX 6 11 1 0
BITMAP
CC
78
30
00
CC
CC
CC
CC
CC
CC
7C
ENDCHAR
STARTCHAR 01D5
ENCODING 469
SWIDTH 500 0
DWIDTH 8 0
BBX 6 13 1 0
BITMAP
FC
00
CC
00
CC
CC
CC
CC
CC
CC
CC
CC
78
ENDCHAR
STARTCHAR 01D6
ENCODING 470
SWIDTH 500 0
DWIDTH 8 0
BBX 6 12 1 0
BITMAP
FC
00
CC
CC
00
CC
CC
CC
CC
CC
CC
7C
ENDCHAR
STARTCHAR 01D7
ENCODING 471
SWIDTH 500 0
DWIDTH 8 0
BBX 6 13 1 0
BITMAP
18
30
CC
00
CC
CC
CC
CC
CC
CC
CC
CC
78
ENDCHAR
STARTCHAR 01D8
ENCODING 472
SWIDTH 500 0
DWIDTH 8 0
BBX 6 13 1 0
BITMAP
1C
18
30
CC
CC
00
CC
CC
CC
CC
CC
CC
7C
ENDCHAR
STARTCHAR 01D9
ENCODING 473
SWIDTH 500 0
DWIDTH 8 0
BBX 6 13 1 0
BITMAP
CC
78
B4
00
CC
CC
CC
CC
CC
CC
CC
CC
78
ENDCHAR
STARTCHAR 01DA
ENCODING 474
SWIDTH 500 0
DWIDTH 8 0
BBX 6 13 1 0
BITMAP
CC
78
30
CC
CC
00
CC
CC
CC
CC
CC
CC
7C
ENDCHAR
STARTCHAR 01DB
ENCODING 475
SWIDTH 500 0
DWIDTH 8 0
BBX 6 13 1 0
BITMAP
60
30
CC
00
CC
CC
CC
CC
CC
CC
CC
CC
78
ENDCHAR
STARTCHAR 01DC
ENCODING 476
SWIDTH 500 0
DWIDTH 8 0
BBX 6 13 1 0
BITMAP
E0
60
30
CC
CC
00
CC
CC
CC
CC
CC
CC
7C
ENDCHAR
STARTCHAR 01DD
ENCODING 477
SWIDTH 500 0
DWIDTH 8 0
BBX 6 7 1 0
BITMAP
78
0C
0C
FC
CC
CC
78
ENDCHAR
STARTCHAR 01DE
ENCODING 478
SWIDTH 500 0
DWIDTH 8 0
BBX 6 13 1 0
BITMAP
FC
00
CC
CC
30
78
CC
CC
CC
FC
CC
CC
CC
ENDCHAR
STARTCHAR 01DF
ENCODING 479
SWIDTH 500 0
DWIDTH 8 0
BBX 6 12 1 0
BITMAP
FC
00
CC
CC
00
78
0C
0C
7C
CC
CC
7C
ENDCHAR
STARTCHAR 01E0
ENCODING 480
SWIDTH 500 0
DWIDTH 8 0
BBX 6 13 1 0
BITMAP
FC
00
30
00
30
78
CC
CC
CC
FC
CC
CC
CC
ENDCHAR
STARTCHAR 01E1
ENCODING 481
SWIDTH 500 0
DWIDTH 8 0
BBX 6 12 1 0
BITMAP
FC
00
30
30
00
78
0C
0C
7C
CC
CC
7C
ENDCHAR
STARTCHAR 01E2
ENCODING 482
SWIDTH 500 0
DWIDTH 8 0
BBX 7 11 1 0
BITMAP
3E
00
3E
78
D8
D8
DE
F8
D8
D8
DE
ENDCHAR
STARTCHAR 01E3
ENCODING 483
SWIDTH 500 0
DWIDTH 8 0
BBX 8 9 0 0
BITMAP
7E
00
6E
1B
1B
7F
D8
D8
77
ENDCHAR
STARTCHAR 01E4
ENCODING 484
SWIDTH 500 0
DWIDTH 8 0
BBX 7 9 1 0
BITMAP
78
CC
CC
C0
DC
CC
DE
CC
7C
ENDCHAR
STARTCHAR 01E5
ENCODING 485
SWIDTH 500 0
DWIDTH 8 0
BBX 7 10 1 -3
BITMAP
7C
CC
CC
CC
CC
7C
0C
7E
0C
F8
ENDCHAR
STARTCHAR 01E6
ENCODING 486
SWIDTH 500 0
DWIDTH 8 0
BBX 6 13 1 0
BITMAP
CC
78
30
00
78
CC
CC
C0
C0
DC
CC
CC
7C
ENDCHAR
STARTCHAR 01E7
ENCODING 487
SWIDTH 500 0
DWIDTH 8 0
BBX 6 14 1 -3
BITMAP
CC
78
30
00
7C
CC
CC
CC
CC
CC
7C
0C
0C
F8
ENDCHAR
STARTCHAR 01E8
ENCODING 488
SWIDTH 500 0
DWIDTH 8 0
BBX 6 13 1 0
BITMAP
CC
78
30
00
CC
CC
D8
D8
F0
D8
D8
CC
CC
ENDCHAR
STARTCHAR 01E9
ENCODING 489
SWIDTH 500 0
DWIDTH 8 0
BBX 6 13 1 0
BITMAP
CC
78
30
00
C0
C0
CC
CC
D8
F0
D8
CC
CC
ENDCHAR
STARTCHAR 01EA
ENCODING 490
SWIDTH 500 0
DWIDTH 8 0
BBX 6 12 1 -3
BITMAP
78
CC
CC
CC
CC
CC
CC
CC
78
30
30
1C
ENDCHAR
STARTCHAR 01EB
ENCODING 491
SWIDTH 500 0
DWIDTH 8 0
BBX 6 10 1 -3
BITMAP
78
CC
CC
CC
CC
CC
78
30
30
1C
ENDCHAR
STARTCHAR 01EC
ENCODING 492
SWIDTH 500 0
DWIDTH 8 0
BBX 6 14 1 -3
BITMAP
FC
00
78
CC
CC
CC
CC
CC
CC
CC
78
30
30
1C
ENDCHAR
STARTCHAR 01ED
ENCODING 493
SWIDTH 500 0
DWIDTH 8 0
BBX 6 12 1 -3
BITMAP
FC
00
78
CC
CC
CC
CC
CC
78
30
30
1C
ENDCHAR
STARTCHAR 01EE
ENCODING 494
SWIDTH 500 0
DWIDTH 8 0
BBX 6 13 1 0
BITMAP
CC
78
30
00
FC
0C
18
38
0C
0C
0C
CC
78
ENDCHAR
STARTCHAR 01EF
ENCODING 495
SWIDTH 500 0
DWIDTH 8 0
BBX 6 14 1 -3
BITMAP
CC
78
30
00
FC
0C
18
30
78
0C
0C
0C
CC
78
ENDCHAR
STARTCHAR 01F0
ENCODING 496
SWIDTH 500 0
DWIDTH 8 0
BBX 6 14 1 -3
BITMAP
CC
78
30
00
78
18
18
18
18
18
18
18
18
F0
ENDCHAR
STARTCHAR 01F1
ENCODING 497
SWIDTH 1000 0
DWIDTH 16 0
BBX 14 9 1 0
BITMAP
F0FC
D80C
CC0C
CC18
CC30
CC60
CCC0
D8C0
F0FC
ENDCHAR
STARTCHAR 01F2
ENCODING 498
SWIDTH 1000 0
DWIDTH 16 0
BBX 14 9 1 0
BITMAP
F000
D800
CCFC
CC0C
CC18
CC30
CC60
D8C0
F0FC
ENDCHAR
STARTCHAR 01F3
ENCODING 499
SWIDTH 1000 0
DWIDTH 16 0
BBX 14 9 1 0
BITMAP
0C00
0C00
7CFC
CC0C
CC18
CC30
CC60
CCC0
7CFC
ENDCHAR
STARTCHAR 01F4
ENCODING 500
SWIDTH 500 0
DWIDTH 8 0
BBX 6 12 1 0
BITMAP
18
30
00
78
CC
CC
C0
C0
DC
CC
CC
7C
ENDCHAR
STARTCHAR 01F5
ENCODING 501
SWIDTH 500 0
DWIDTH 8 0
BBX 6 14 1 -3
BITMAP
1C
18
30
00
7C
CC
CC
CC
CC
CC
7C
0C
0C
F8
ENDCHAR
STARTCHAR 01F6
ENCODING 502
SWIDTH 500 0
DWIDTH 8 0
BBX 8 9 0 0
BITMAP
D8
D8
DB
DB
FB
DB
DB
DB
CE
ENDCHAR
STARTCHAR 01F7
ENCODING 503
SWIDTH 500 0
DWIDTH 8 0
BBX 6 10 1 -1
BITMAP
F8
CC
CC
CC
CC
D8
F0
E0
C0
C0
ENDCHAR
STARTCHAR 01F8
ENCODING 504
SWIDTH 500 0
DWIDTH 8 0
BBX 7 12 1 0
BITMAP
60
30
00
C6
C6
E6
F6
DE
CE
C6
C6
C6
ENDCHAR
STARTCHAR 01F9
ENCODING 505
SWIDTH 500 0
DWIDTH 8 0
BBX 6 11 1 0
BITMAP
E0
60
30
00
F8
CC
CC
CC
CC
CC
CC
ENDCHAR
STARTCHAR 01FA
ENCODING 506
SWIDTH 500 0
DWIDTH 8 0
BBX 6 13 1 0
BITMAP
18
30
78
CC
78
78
CC
CC
CC
FC
CC
CC
CC
ENDCHAR
STARTCHAR 01FB
ENCODING 507
SWIDTH 500 0
DWIDTH 8 0
BBX 6 13 1 0
BITMAP
18
30
78
CC
78
00
78
0C
0C
7C
CC
CC
7C
ENDCHAR
STARTCHAR 01FC
ENCODING 508
SWIDTH 500 0
DWIDTH 8 0
BBX 7 12 1 0
BITMAP
0C
18
00
3E
78
D8
D8
DE
F8
D8
D8
DE
ENDCHAR
STARTCHAR 01FD
ENCODING 509
SWIDTH 500 0
DWIDTH 8 0
BBX 8 11 0 0
BITMAP
0E
0C
18
00
6E
1B
1B
7F
D8
D8
77
ENDCHAR
STARTCHAR 01FE
ENCODING 510
SWIDTH 500 0
DWIDTH 8 0
BBX 6 12 1 0
BITMAP
18
30
00
7C
CC
DC
DC
FC
EC
EC
CC
F8
ENDCHAR
STARTCHAR 01FF
ENCODING 511
SWIDTH 500 0
DWIDTH 8 0
BBX 6 11 1 0
BITMAP
1C
18
30
00
7C
CC
DC
FC
EC
CC
F8
ENDCHAR
STARTCHAR 0200
ENCODING 512
SWIDTH 500 0
DWIDTH 8 0
BBX 6 12 1 0
BITMAP
D8
6C
00
30
78
CC
CC
CC
FC
CC
CC
CC
ENDCHAR
STARTCHAR 0201
ENCODING 513
SWIDTH 500 0
DWIDTH 8 0
BBX 6 10 1 0
BITMAP
D8
6C
00
78
0C
0C
7C
CC
CC
7C
ENDCHAR
STARTCHAR 0202
ENCODING 514
SWIDTH 500 0
DWIDTH 8 0
BBX 6 12 1 0
BITMAP
78
CC
00
30
78
CC
CC
CC
FC
CC
CC
CC
ENDCHAR
STARTCHAR 0203
ENCODING 515
SWIDTH 500 0
DWIDTH 8 0
BBX 6 10 1 0
BITMAP
78
CC
00
78
0C
0C
7C
CC
CC
7C
ENDCHAR
STARTCHAR 0204
ENCODING 516
SWIDTH 500 0
DWIDTH 8 0
BBX 6 12 1 0
BITMAP
D8
6C
00
FC
C0
C0
C0
F8
C0
C0
C0
FC
ENDCHAR
STARTCHAR 0205
ENCODING 517
SWIDTH 500 0
DWIDTH 8 0
BBX 6 10 1 0
BITMAP
D8
6C
00
78
CC
CC
FC
C0
C0
78
ENDCHAR
STARTCHAR 0206
ENCODING 518
SWIDTH 500 0
DWIDTH 8 0
BBX 6 12 1 0
BITMAP
78
CC
00
FC
C0
C0
C0
F8
C0
C0
C0
FC
ENDCHAR
STARTCHAR 0207
ENCODING 519
SWIDTH 500 0
DWIDTH 8 0
BBX 6 10 1 0
BITMAP
78
CC
00
78
CC
CC
FC
C0
C0
78
ENDCHAR
STARTCHAR 0208
ENCODING 520
SWIDTH 500 0
DWIDTH 8 0
BBX 6 12 1 0
BITMAP
D8
6C
00
78
30
30
30
30
30
30
30
78
ENDCHAR
STARTCHAR 0209
ENCODING 521
SWIDTH 500 0
DWIDTH 8 0
BBX 7 10 0 0
BITMAP
D8
6C
00
78
18
18
18
18
18
7E
ENDCHAR
STARTCHAR 020A
ENCODING 522
SWIDTH 500 0
DWIDTH 8 0
BBX 6 12 1 0
BITMAP
78
CC
00
78
30
30
30
30
30
30
30
78
ENDCHAR
STARTCHAR 020B
ENCODING 523
SWIDTH 500 0
DWIDTH 8 0
BBX 6 10 1 0
BITMAP
78
CC
00
F0
30
30
30
30
30
FC
ENDCHAR
STARTCHAR 020C
ENCODING 524
SWIDTH 500 0
DWIDTH 8 0
BBX 6 12 1 0
BITMAP
D8
6C
00
78
CC
CC
CC
CC
CC
CC
CC
78
ENDCHAR
STARTCHAR 020D
ENCODING 525
SWIDTH 500 0
DWIDTH 8 0
BBX 6 10 1 0
BITMAP
D8
6C
00
78
CC
CC
CC
CC
CC
78
ENDCHAR
STARTCHAR 020E
ENCODING 526
SWIDTH 500 0
DWIDTH 8 0
BBX 6 12 1 0
BITMAP
78
CC
00
78
CC
CC
CC
CC
CC
CC
CC
78
ENDCHAR
STARTCHAR 020F
ENCODING 527
SWIDTH 500 0
DWIDTH 8 0
BBX 6 10 1 0
BITMAP
78
CC
00
78
CC
CC
CC
CC
CC
78
ENDCHAR
STARTCHAR 0210
ENCODING 528
SWIDTH 500 0
DWIDTH 8 0
BBX 6 12 1 0
BITMAP
D8
6C
00
F8
CC
CC
CC
F8
D8
CC
CC
CC
ENDCHAR
STARTCHAR 0211
ENCODING 529
SWIDTH 500 0
DWIDTH 8 0
BBX 6 10 1 0
BITMAP
D8
6C
00
CC
DC
E0
C0
C0
C0
C0
ENDCHAR
STARTCHAR 0212
ENCODING 530
SWIDTH 500 0
DWIDTH 8 0
BBX 6 12 1 0
BITMAP
78
CC
00
F8
CC
CC
CC
F8
D8
CC
CC
CC
ENDCHAR
STARTCHAR 0213
ENCODING 531
SWIDTH 500 0
DWIDTH 8 0
BBX 6 10 1 0
BITMAP
78
CC
00
CC
DC
E0
C0
C0
C0
C0
ENDCHAR
STARTCHAR 0214
ENCODING 532
SWIDTH 500 0
DWIDTH 8 0
BBX 6 12 1 0
BITMAP
D8
6C
00
CC
CC
CC
CC
CC
CC
CC
CC
78
ENDCHAR
STARTCHAR 0215
ENCODING 533
SWIDTH 500 0
DWIDTH 8 0
BBX 6 10 1 0
BITMAP
D8
6C
00
CC
CC
CC
CC
CC
CC
7C
ENDCHAR
STARTCHAR 0216
ENCODING 534
SWIDTH 500 0
DWIDTH 8 0
BBX 6 12 1 0
BITMAP
78
CC
00
CC
CC
CC
CC
CC
CC
CC
CC
78
ENDCHAR
STARTCHAR 0217
ENCODING 535
SWIDTH 500 0
DWIDTH 8 0
BBX 6 10 1 0
BITMAP
78
CC
00
CC
CC
CC
CC
CC
CC
7C
ENDCHAR
STARTCHAR 0218
ENCODING 536
SWIDTH 500 0
DWIDTH 8 0
BBX 6 12 1 -3
BITMAP
78
CC
C0
60
30
18
0C
CC
78
00
30
60
ENDCHAR
STARTCHAR 0219
ENCODING 537
SWIDTH 500 0
DWIDTH 8 0
BBX 6 10 1 -3
BITMAP
7C
C0
C0
78
0C
0C
F8
00
30
60
ENDCHAR
STARTCHAR 021A
ENCODING 538
SWIDTH 500 0
DWIDTH 8 0
BBX 6 12 1 -3
BITMAP
FC
30
30
30
30
30
30
30
30
00
30
60
ENDCHAR
STARTCHAR 021B
ENCODING 539
SWIDTH 500 0
DWIDTH 8 0
BBX 6 12 1 -3
BITMAP
60
60
FC
60
60
60
60
60
3C
00
30
60
ENDCHAR
STARTCHAR 021C
ENCODING 540
SWIDTH 500 0
DWIDTH 8 0
BBX 6 11 1 -2
BITMAP
78
CC
CC
0C
18
78
0C
0C
0C
18
F0
ENDCHAR
STARTCHAR 021D
ENCODING 541
SWIDTH 500 0
DWIDTH 8 0
BBX 6 9 1 -2
BITMAP
78
CC
0C
18
38
0C
0C
18
F0
ENDCHAR
STARTCHAR 021E
ENCODING 542
SWIDTH 500 0
DWIDTH 8 0
BBX 6 13 1 0
BITMAP
CC
78
30
00
CC
CC
CC
CC
FC
CC
CC
CC
CC
ENDCHAR
STARTCHAR 021F
ENCODING 543
SWIDTH 500 0
DWIDTH 8 0
BBX 6 13 1 0
BITMAP
CC
78
30
00
C0
C0
F8
CC
CC
CC
CC
CC
CC
ENDCHAR
STARTCHAR 0220
ENCODING 544
SWIDTH 500 0
DWIDTH 8 0
BBX 6 12 1 -3
BITMAP
F8
CC
CC
CC
CC
CC
CC
CC
CC
0C
0C
0C
ENDCHAR
STARTCHAR 0221
ENCODING 545
SWIDTH 500 0
DWIDTH 8 0
BBX 8 11 0 -2
BITMAP
18
18
78
D8
D8
DA
DD
DD
7E
04
04
ENDCHAR
STARTCHAR 0222
ENCODING 546
SWIDTH 500 0
DWIDTH 8 0
BBX 6 9 1 0
BITMAP
CC
CC
CC
78
CC
CC
CC
CC
78
ENDCHAR
STARTCHAR 0223
ENCODING 547
SWIDTH 500 0
DWIDTH 8 0
BBX 6 7 1 0
BITMAP
CC
CC
78
CC
CC
CC
78
ENDCHAR
STARTCHAR 0224
ENCODING 548
SWIDTH 500 0
DWIDTH 8 0
BBX 6 12 1 -3
BITMAP
FC
0C
0C
18
30
60
C0
C0
FC
0C
0C
38
ENDCHAR
STARTCHAR 0225
ENCODING 549
SWIDTH 500 0
DWIDTH 8 0
BBX 6 10 1 -3
BITMAP
FC
0C
18
30
60
C0
FC
0C
0C
38
ENDCHAR
STARTCHAR 0226
ENCODING 550
SWIDTH 500 0
DWIDTH 8 0
BBX 6 12 1 0
BITMAP
30
30
00
30
78
CC
CC
CC
FC
CC
CC
CC
ENDCHAR
STARTCHAR 0227
ENCODING 551
SWIDTH 500 0
DWIDTH 8 0
BBX 6 10 1 0
BITMAP
30
30
00
78
0C
0C
7C
CC
CC
7C
ENDCHAR
STARTCHAR 0228
ENCODING 552
SWIDTH 500 0
DWIDTH 8 0
BBX 6 12 1 -3
BITMAP
FC
C0
C0
C0
F8
C0
C0
C0
FC
30
18
70
ENDCHAR
STARTCHAR 0229
ENCODING 553
SWIDTH 500 0
DWIDTH 8 0
BBX 6 10 1 -3
BITMAP
78
CC
CC
FC
C0
C0
78
30
18
70
ENDCHAR
STARTCHAR 022A
ENCODING 554
SWIDTH 500 0
DWIDTH 8 0
BBX 6 13 1 0
BITMAP
FC
00
CC
00
78
CC
CC
CC
CC
CC
CC
CC
78
ENDCHAR
STARTCHAR 022B
ENCODING 555
SWIDTH 500 0
DWIDTH 8 0
BBX 6 12 1 0
BITMAP
FC
00
CC
CC
00
78
CC
CC
CC
CC
CC
78
ENDCHAR
STARTCHAR 022C
ENCODING 556
SWIDTH 500 0
DWIDTH 8 0
BBX 7 13 1 0
BITMAP
FE
76
DC
00
78
CC
CC
CC
CC
CC
CC
CC
78
ENDCHAR
STARTCHAR 022D
ENCODING 557
SWIDTH 500 0
DWIDTH 8 0
BBX 7 12 1 0
BITMAP
FE
00
76
DC
00
78
CC
CC
CC
CC
CC
78
ENDCHAR
STARTCHAR 022E
ENCODING 558
SWIDTH 500 0
DWIDTH 8 0
BBX 6 12 1 0
BITMAP
30
30
00
78
CC
CC
CC
CC
CC
CC
CC
78
ENDCHAR
STARTCHAR 022F
ENCODING 559
SWIDTH 500 0
DWIDTH 8 0
BBX 6 10 1 0
BITMAP
30
30
00
78
CC
CC
CC
CC
CC
78
ENDCHAR
STARTCHAR 0230
ENCODING 560
SWIDTH 500 0
DWIDTH 8 0
BBX 6 13 1 0
BITMAP
FC
00
30
00
78
CC
CC
CC
CC
CC
CC
CC
78
ENDCHAR
STARTCHAR 0231
ENCODING 561
SWIDTH 500 0
DWIDTH 8 0
BBX 6 12 1 0
BITMAP
FC
00
30
30
00
78
CC
CC
CC
CC
CC
78
ENDCHAR
STARTCHAR 0232
ENCODING 562
SWIDTH 500 0
DWIDTH 8 0
BBX 6 11 1 0
BITMAP
FC
00
CC
CC
CC
CC
78
30
30
30
30
ENDCHAR
STARTCHAR 0233
ENCODING 563
SWIDTH 500 0
DWIDTH 8 0
BBX 7 12 0 -3
BITMAP
7E
00
66
66
66
66
66
66
3C
0C
18
F0
ENDCHAR
STARTCHAR 0234
ENCODING 564
SWIDTH 500 0
DWIDTH 8 0
BBX 7 11 1 -2
BITMAP
E0
60
60
60
60
64
6A
6A
3C
08
08
ENDCHAR
STARTCHAR 0235
ENCODING 565
SWIDTH 500 0
DWIDTH 8 0
BBX 8 9 0 -2
BITMAP
F0
D8
D8
DA
DD
DD
CE
04
04
ENDCHAR
STARTCHAR 0236
ENCODING 566
SWIDTH 500 0
DWIDTH 8 0
BBX 7 11 1 -2
BITMAP
60
60
FC
60
60
64
6A
6A
3C
08
08
ENDCHAR
STARTCHAR 0237
ENCODING 567
SWIDTH 500 0
DWIDTH 8 0
BBX 5 10 1 -3
BITMAP
78
18
18
18
18
18
18
18
18
F0
ENDCHAR
STARTCHAR 0238
ENCODING 568
SWIDTH 500 0
DWIDTH 8 0
BBX 8 9 0 0
BITMAP
18
18
7E
DB
DB
DB
DB
DB
7E
ENDCHAR
STARTCHAR 0239
ENCODING 569
SWIDTH 500 0
DWIDTH 8 0
BBX 8 10 0 -3
BITMAP
7E
DB
DB
DB
DB
DB
7E
18
18
18
ENDCHAR
STARTCHAR 023A
ENCODING 570
SWIDTH 500 0
DWIDTH 8 0
BBX 7 9 1 0
BITMAP
30
7A
CE
CC
DC
FC
EC
CC
CC
ENDCHAR
STARTCHAR 023B
ENCODING 571
SWIDTH 500 0
DWIDTH 8 0
BBX 8 9 0 0
BITMAP
3C
67
66
6C
78
70
66
66
FC
ENDCHAR
STARTCHAR 023C
ENCODING 572
SWIDTH 500 0
DWIDTH 8 0
BBX 6 7 1 0
BITMAP
7C
CC
D8
F0
E0
CC
F8
ENDCHAR
STARTCHAR 023D
ENCODING 573
SWIDTH 500 0
DWIDTH 8 0
BBX 7 9 0 0
BITMAP
60
60
60
F8
60
60
60
60
7E
ENDCHAR
STARTCHAR 023E
ENCODING 574
SWIDTH 500 0
DWIDTH 8 0
BBX 6 9 1 0
BITMAP
FC
30
34
3C
38
70
F0
B0
30
ENDCHAR
STARTCHAR 023F
ENCODING 575
SWIDTH 500 0
DWIDTH 8 0
BBX 6 9 1 -2
BITMAP
7C
C0
C0
78
0C
0C
F8
64
38
ENDCHAR
STARTCHAR 0240
ENCODING 576
SWIDTH 500 0
DWIDTH 8 0
BBX 7 9 1 -2
BITMAP
FC
0C
18
30
60
C0
E0
32
1C
ENDCHAR
STARTCHAR 0241
ENCODING 577
SWIDTH 500 0
DWIDTH 8 0
BBX 6 9 1 0
BITMAP
78
CC
CC
0C
0C
38
30
30
30
ENDCHAR
STARTCHAR 0242
ENCODING 578
SWIDTH 500 0
DWIDTH 8 0
BBX 6 7 1 0
BITMAP
78
CC
0C
0C
18
30
30
ENDCHAR
STARTCHAR 0243
ENCODING 579
SWIDTH 500 0
DWIDTH 8 0
BBX 8 9 0 0
BITMAP
7C
66
66
66
7C
66
FF
66
7C
ENDCHAR
STARTCHAR 0244
ENCODING 580
SWIDTH 500 0
DWIDTH 8 0
BBX 8 9 0 0
BITMAP
66
66
66
66
FF
66
66
66
3C
ENDCHAR
STARTCHAR 0245
ENCODING 581
SWIDTH 500 0
DWIDTH 8 0
BBX 6 9 1 0
BITMAP
30
78
CC
CC
CC
CC
CC
CC
CC
ENDCHAR
STARTCHAR 0246
ENCODING 582
SWIDTH 500 0
DWIDTH 8 0
BBX 7 9 0 0
BITMAP
7E
60
6C
78
70
60
E0
E0
7E
ENDCHAR
STARTCHAR 0247
ENCODING 583
SWIDTH 500 0
DWIDTH 8 0
BBX 6 7 1 0
BITMAP
7C
CC
DC
FC
E0
C0
F8
ENDCHAR
STARTCHAR 0248
ENCODING 584
SWIDTH 500 0
DWIDTH 8 0
BBX 7 9 1 0
BITMAP
0C
0C
0C
3E
0C
0C
CC
CC
78
ENDCHAR
STARTCHAR 0249
ENCODING 585
SWIDTH 500 0
DWIDTH 8 0
BBX 6 13 1 -3
BITMAP
18
18
00
78
18
18
18
7C
18
18
18
18
F0
ENDCHAR
STARTCHAR 024A
ENCODING 586
SWIDTH 500 0
DWIDTH 8 0
BBX 7 12 1 -3
BITMAP
7C
CC
CC
CC
CC
CC
CC
CC
7C
0C
0C
06
ENDCHAR
STARTCHAR 024B
ENCODING 587
SWIDTH 500 0
DWIDTH 8 0
BBX 7 10 1 -3
BITMAP
7C
CC
CC
CC
CC
CC
7C
0C
0C
06
ENDCHAR
STARTCHAR 024C
ENCODING 588
SWIDTH 500 0
DWIDTH 8 0
BBX 7 9 0 0
BITMAP
7C
66
66
66
FC
6C
66
66
66
ENDCHAR
STARTCHAR 024D
ENCODING 589
SWIDTH 500 0
DWIDTH 8 0
BBX 7 7 0 0
BITMAP
66
6E
70
60
F8
60
60
ENDCHAR
STARTCHAR 024E
ENCODING 590
SWIDTH 500 0
DWIDTH 8 0
BBX 8 9 0 0
BITMAP
66
66
FF
66
3C
18
18
18
18
ENDCHAR
STARTCHAR 024F
ENCODING 591
SWIDTH 500 0
DWIDTH 8 0
BBX 8 10 0 -3
BITMAP
66
66
FF
66
66
66
3C
0C
18
F0
ENDCHAR
STARTCHAR 0250
ENCODING 592
SWIDTH 500 0
DWIDTH 8 0
BBX 6 7 1 0
BITMAP
F8
CC
CC
F8
C0
C0
78
ENDCHAR
STARTCHAR 0251
ENCODING 593
SWIDTH 500 0
DWIDTH 8 0
BBX 7 7 1 0
BITMAP
7C
CC
CC
CC
CC
CC
76
ENDCHAR
STARTCHAR 0252
ENCODING 594
SWIDTH 500 0
DWIDTH 8 0
BBX 7 7 1 0
BITMAP
DC
66
66
66
66
66
7C
ENDCHAR
STARTCHAR 0253
ENCODING 595
SWIDTH 500 0
DWIDTH 8 0
BBX 6 10 1 0
BITMAP
70
C0
C0
F8
CC
CC
CC
CC
CC
F8
ENDCHAR
STARTCHAR 0254
ENCODING 596
SWIDTH 500 0
DWIDTH 8 0
BBX 6 7 1 0
BITMAP
78
CC
0C
0C
0C
CC
78
ENDCHAR
STARTCHAR 0255
ENCODING 597
SWIDTH 500 0
DWIDTH 8 0
BBX 7 9 1 -2
BITMAP
78
CC
C0
C4
CA
CA
7C
08
08
ENDCHAR
STARTCHAR 0256
ENCODING 598
SWIDTH 500 0
DWIDTH 8 0
BBX 7 12 1 -3
BITMAP
0C
0C
7C
CC
CC
CC
CC
CC
7C
0C
0C
06
ENDCHAR
STARTCHAR 0257
ENCODING 599
SWIDTH 500 0
DWIDTH 8 0
BBX 8 10 1 0
BITMAP
07
0C
0C
7C
CC
CC
CC
CC
CC
7C
ENDCHAR
STARTCHAR 0258
ENCODING 600
SWIDTH 500 0
DWIDTH 8 0
BBX 6 7 1 0
BITMAP
78
CC
CC
FC
0C
0C
78
ENDCHAR
STARTCHAR 0259
ENCODING 601
SWIDTH 500 0
DWIDTH 8 0
BBX 6 7 1 0
BITMAP
78
0C
0C
FC
CC
CC
78
ENDCHAR
STARTCHAR 025A
ENCODING 602
SWIDTH 500 0
DWIDTH 8 0
BBX 8 7 0 0
BITMAP
70
18
1A
FE
DB
D8
70
ENDCHAR
STARTCHAR 025B
ENCODING 603
SWIDTH 500 0
DWIDTH 8 0
BBX 6 7 1 0
BITMAP
78
CC
C0
70
C0
CC
78
ENDCHAR
STARTCHAR 025C
ENCODING 604
SWIDTH 500 0
DWIDTH 8 0
BBX 6 7 1 0
BITMAP
78
CC
0C
38
0C
CC
78
ENDCHAR
STARTCHAR 025D
ENCODING 605
SWIDTH 500 0
DWIDTH 8 0
BBX 8 7 0 0
BITMAP
70
DA
1E
33
18
D8
70
ENDCHAR
STARTCHAR 025E
ENCODING 606
SWIDTH 500 0
DWIDTH 8 0
BBX 6 7 1 0
BITMAP
78
CC
CC
D8
CC
CC
78
ENDCHAR
STARTCHAR 025F
ENCODING 607
SWIDTH 500 0
DWIDTH 8 0
BBX 6 10 1 -3
BITMAP
78
18
18
18
7C
18
18
18
18
F0
ENDCHAR
STARTCHAR 0260
ENCODING 608
SWIDTH 500 0
DWIDTH 8 0
BBX 8 13 1 -3
BITMAP
07
0C
0C
7C
CC
CC
CC
CC
CC
7C
0C
0C
F8
ENDCHAR
STARTCHAR 0261
ENCODING 609
SWIDTH 500 0
DWIDTH 8 0
BBX 6 10 1 -3
BITMAP
7C
CC
CC
CC
CC
CC
7C
0C
0C
F8
ENDCHAR
STARTCHAR 0262
ENCODING 610
SWIDTH 500 0
DWIDTH 8 0
BBX 6 7 1 0
BITMAP
78
CC
C0
DC
CC
CC
7C
ENDCHAR
STARTCHAR 0263
ENCODING 611
SWIDTH 500 0
DWIDTH 8 0
BBX 7 10 1 -3
BITMAP
C6
C6
C6
6C
6C
38
38
6C
6C
38
ENDCHAR
STARTCHAR 0264
ENCODING 612
SWIDTH 500 0
DWIDTH 8 0
BBX 7 7 1 0
BITMAP
6C
D6
D6
38
6C
6C
38
ENDCHAR
STARTCHAR 0265
ENCODING 613
SWIDTH 500 0
DWIDTH 8 0
BBX 6 10 1 -3
BITMAP
CC
CC
CC
CC
CC
CC
7C
0C
0C
0C
ENDCHAR
STARTCHAR 0266
ENCODING 614
SWIDTH 500 0
DWIDTH 8 0
BBX 6 10 1 0
BITMAP
70
C0
C0
F8
CC
CC
CC
CC
CC
CC
ENDCHAR
STARTCHAR 0267
ENCODING 615
SWIDTH 500 0
DWIDTH 8 0
BBX 6 13 1 -3
BITMAP
70
C0
C0
F8
CC
CC
CC
CC
CC
CC
0C
0C
38
ENDCHAR
STARTCHAR 0268
ENCODING 616
SWIDTH 500 0
DWIDTH 8 0
BBX 6 10 1 0
BITMAP
30
30
00
F0
30
30
FC
30
30
FC
ENDCHAR
STARTCHAR 0269
ENCODING 617
SWIDTH 500 0
DWIDTH 8 0
BBX 6 7 1 0
BITMAP
E0
60
60
60
60
6C
38
ENDCHAR
STARTCHAR 026A
ENCODING 618
SWIDTH 500 0
DWIDTH 8 0
BBX 6 7 1 0
BITMAP
FC
30
30
30
30
30
FC
ENDCHAR
STARTCHAR 026B
ENCODING 619
SWIDTH 500 0
DWIDTH 8 0
BBX 6 9 1 0
BITMAP
F0
30
30
74
B8
30
30
30
FC
ENDCHAR
STARTCHAR 026C
ENCODING 620
SWIDTH 500 0
DWIDTH 8 0
BBX 7 9 1 0
BITMAP
78
18
78
D8
D8
7E
18
18
7E
ENDCHAR
STARTCHAR 026D
ENCODING 621
SWIDTH 500 0
DWIDTH 8 0
BBX 6 12 1 -3
BITMAP
F0
30
30
30
30
30
30
30
30
30
30
1C
ENDCHAR
STARTCHAR 026E
ENCODING 622
SWIDTH 500 0
DWIDTH 8 0
BBX 7 12 1 -3
BITMAP
E0
60
7E
66
66
6C
6C
66
F6
06
66
3C
ENDCHAR
STARTCHAR 026F
ENCODING 623
SWIDTH 500 0
DWIDTH 8 0
BBX 7 7 1 0
BITMAP
C6
D6
D6
D6
D6
D6
7E
ENDCHAR
STARTCHAR 0270
ENCODING 624
SWIDTH 500 0
DWIDTH 8 0
BBX 7 10 1 -3
BITMAP
C6
D6
D6
D6
D6
D6
7E
06
06
06
ENDCHAR
STARTCHAR 0271
ENCODING 625
SWIDTH 500 0
DWIDTH 8 0
BBX 7 10 1 -3
BITMAP
FC
D6
D6
D6
D6
D6
C6
06
06
1C
ENDCHAR
STARTCHAR 0272
ENCODING 626
SWIDTH 500 0
DWIDTH 8 0
BBX 7 10 0 -3
BITMAP
7C
66
66
66
66
66
66
60
60
C0
ENDCHAR
STARTCHAR 0273
ENCODING 627
SWIDTH 500 0
DWIDTH 8 0
BBX 7 10 1 -3
BITMAP
F8
CC
CC
CC
CC
CC
CC
0C
0C
06
ENDCHAR
STARTCHAR 0274
ENCODING 628
SWIDTH 500 0
DWIDTH 8 0
BBX 7 7 1 0
BITMAP
C6
E6
F6
DE
CE
C6
C6
ENDCHAR
STARTCHAR 0275
ENCODING 629
SWIDTH 500 0
DWIDTH 8 0
BBX 6 7 1 0
BITMAP
78
CC
CC
FC
CC
CC
78
ENDCHAR
STARTCHAR 0276
ENCODING 630
SWIDTH 500 0
DWIDTH 8 0
BBX 7 7 1 0
BITMAP
7E
D8
D8
DE
D8
D8
7E
ENDCHAR
STARTCHAR 0277
ENCODING 631
SWIDTH 500 0
DWIDTH 8 0
BBX 7 7 1 0
BITMAP
7C
C6
D6
D6
D6
D6
6C
ENDCHAR
STARTCHAR 0278
ENCODING 632
SWIDTH 500 0
DWIDTH 8 0
BBX 7 13 1 -3
BITMAP
10
10
10
7C
D6
D6
D6
D6
D6
7C
10
10
10
ENDCHAR
STARTCHAR 0279
ENCODING 633
SWIDTH 500 0
DWIDTH 8 0
BBX 6 7 1 0
BITMAP
0C
0C
0C
0C
1C
EC
CC
ENDCHAR
STARTCHAR 027A
ENCODING 634
SWIDTH 500 0
DWIDTH 8 0
BBX 6 9 1 0
BITMAP
0C
0C
0C
0C
0C
0C
1C
EC
CC
ENDCHAR
STARTCHAR 027B
ENCODING 635
SWIDTH 500 0
DWIDTH 8 0
BBX 7 10 1 -3
BITMAP
0C
0C
0C
0C
1C
EC
CC
0C
0C
06
ENDCHAR
STARTCHAR 027C
ENCODING 636
SWIDTH 500 0
DWIDTH 8 0
BBX 6 10 1 -3
BITMAP
CC
DC
E0
C0
C0
C0
C0
C0
C0
C0
ENDCHAR
STARTCHAR 027D
ENCODING 637
SWIDTH 500 0
DWIDTH 8 0
BBX 6 10 1 -3
BITMAP
CC
DC
E0
C0
C0
C0
C0
C0
C0
70
ENDCHAR
STARTCHAR 027E
ENCODING 638
SWIDTH 500 0
DWIDTH 8 0
BBX 6 7 1 0
BITMAP
78
CC
CC
C0
C0
C0
C0
ENDCHAR
STARTCHAR 027F
ENCODING 639
SWIDTH 500 0
DWIDTH 8 0
BBX 6 7 1 0
BITMAP
78
CC
CC
0C
0C
0C
0C
ENDCHAR
STARTCHAR 0280
ENCODING 640
SWIDTH 500 0
DWIDTH 8 0
BBX 6 7 1 0
BITMAP
F8
CC
CC
F8
CC
CC
CC
ENDCHAR
STARTCHAR 0281
ENCODING 641
SWIDTH 500 0
DWIDTH 8 0
BBX 6 7 1 0
BITMAP
CC
CC
CC
F8
CC
CC
F8
ENDCHAR
STARTCHAR 0282
ENCODING 642
SWIDTH 500 0
DWIDTH 8 0
BBX 6 10 1 -3
BITMAP
7C
C0
C0
78
0C
0C
F8
C0
C0
70
ENDCHAR
STARTCHAR 0283
ENCODING 643
SWIDTH 500 0
DWIDTH 8 0
BBX 6 12 1 -3
BITMAP
1C
30
30
30
30
30
30
30
30
30
30
E0
ENDCHAR
STARTCHAR 0284
ENCODING 644
SWIDTH 500 0
DWIDTH 8 0
BBX 6 12 1 -3
BITMAP
1C
30
30
30
30
30
30
FC
30
30
30
E0
ENDCHAR
STARTCHAR 0285
ENCODING 645
SWIDTH 500 0
DWIDTH 8 0
BBX 6 7 1 0
BITMAP
E0
30
30
30
30
30
1C
ENDCHAR
STARTCHAR 0286
ENCODING 646
SWIDTH 500 0
DWIDTH 8 0
BBX 7 12 0 -3
BITMAP
0E
18
18
18
18
18
18
18
78
DC
DA
70
ENDCHAR
STARTCHAR 0287
ENCODING 647
SWIDTH 500 0
DWIDTH 8 0
BBX 6 9 1 0
BITMAP
F0
18
18
18
18
18
FC
18
18
ENDCHAR
STARTCHAR 0288
ENCODING 648
SWIDTH 500 0
DWIDTH 8 0
BBX 6 12 1 -3
BITMAP
60
60
FC
60
60
60
60
60
60
60
60
3C
ENDCHAR
STARTCHAR 0289
ENCODING 649
SWIDTH 500 0
DWIDTH 8 0
BBX 8 7 0 0
BITMAP
66
66
66
FF
66
66
3E
ENDCHAR
STARTCHAR 028A
ENCODING 650
SWIDTH 500 0
DWIDTH 8 0
BBX 7 7 1 0
BITMAP
EE
44
C6
C6
C6
C6
7C
ENDCHAR
STARTCHAR 028B
ENCODING 651
SWIDTH 500 0
DWIDTH 8 0
BBX 6 7 1 0
BITMAP
D8
CC
CC
CC
CC
CC
78
ENDCHAR
STARTCHAR 028C
ENCODING 652
SWIDTH 500 0
DWIDTH 8 0
BBX 6 7 1 0
BITMAP
30
78
CC
CC
CC
CC
CC
ENDCHAR
STARTCHAR 028D
ENCODING 653
SWIDTH 500 0
DWIDTH 8 0
BBX 7 7 1 0
BITMAP
6C
6C
D6
D6
D6
D6
C6
ENDCHAR
STARTCHAR 028E
ENCODING 654
SWIDTH 500 0
DWIDTH 8 0
BBX 7 9 1 0
BITMAP
1E
30
60
78
CC
CC
CC
CC
CC
ENDCHAR
STARTCHAR 028F
ENCODING 655
SWIDTH 500 0
DWIDTH 8 0
BBX 6 7 1 0
BITMAP
CC
CC
CC
78
30
30
30
ENDCHAR
STARTCHAR 0290
ENCODING 656
SWIDTH 500 0
DWIDTH 8 0
BBX 7 10 1 -3
BITMAP
FC
0C
18
30
60
C0
FC
0C
0C
06
ENDCHAR
STARTCHAR 0291
ENCODING 657
SWIDTH 500 0
DWIDTH 8 0
BBX 7 9 1 -2
BITMAP
FC
0C
18
34
6A
CA
FC
08
08
ENDCHAR
STARTCHAR 0292
ENCODING 658
SWIDTH 500 0
DWIDTH 8 0
BBX 6 10 1 -3
BITMAP
FC
0C
18
30
78
0C
0C
0C
CC
78
ENDCHAR
STARTCHAR 0293
ENCODING 659
SWIDTH 500 0
DWIDTH 8 0
BBX 7 10 1 -3
BITMAP
FC
0C
18
30
78
0C
7C
CE
CC
78
ENDCHAR
STARTCHAR 0294
ENCODING 660
SWIDTH 500 0
DWIDTH 8 0
BBX 6 9 1 0
BITMAP
78
CC
CC
0C
18
30
30
30
30
ENDCHAR
STARTCHAR 0295
ENCODING 661
SWIDTH 500 0
DWIDTH 8 0
BBX 6 9 1 0
BITMAP
78
CC
CC
C0
60
30
30
30
30
ENDCHAR
STARTCHAR 0296
ENCODING 662
SWIDTH 500 0
DWIDTH 8 0
BBX 6 9 1 0
BITMAP
30
30
30
30
18
0C
CC
CC
78
ENDCHAR
STARTCHAR 0297
ENCODING 663
SWIDTH 500 0
DWIDTH 8 0
BBX 6 10 1 -3
BITMAP
78
CC
C0
C0
C0
C0
C0
C0
CC
78
ENDCHAR
STARTCHAR 0298
ENCODING 664
SWIDTH 500 0
DWIDTH 8 0
BBX 7 9 1 0
BITMAP
7C
C6
C6
C6
D6
C6
C6
C6
7C
ENDCHAR
STARTCHAR 0299
ENCODING 665
SWIDTH 500 0
DWIDTH 8 0
BBX 6 7 1 0
BITMAP
F8
CC
CC
F8
CC
CC
F8
ENDCHAR
STARTCHAR 029A
ENCODING 666
SWIDTH 500 0
DWIDTH 8 0
BBX 6 7 1 0
BITMAP
78
CC
CC
6C
CC
CC
78
ENDCHAR
STARTCHAR 029B
ENCODING 667
SWIDTH 500 0
DWIDTH 8 0
BBX 7 9 1 0
BITMAP
06
0C
7C
CC
C0
DC
CC
CC
7C
ENDCHAR
STARTCHAR 029C
ENCODING 668
SWIDTH 500 0
DWIDTH 8 0
BBX 6 7 1 0
BITMAP
CC
CC
CC
FC
CC
CC
CC
ENDCHAR
STARTCHAR 029D
ENCODING 669
SWIDTH 500 0
DWIDTH 8 0
BBX 7 13 1 -3
BITMAP
18
18
00
78
18
18
18
18
18
78
DC
DA
70
ENDCHAR
STARTCHAR 029E
ENCODING 670
SWIDTH 500 0
DWIDTH 8 0
BBX 6 10 1 -3
BITMAP
CC
CC
6C
3C
6C
CC
CC
0C
0C
0C
ENDCHAR
STARTCHAR 029F
ENCODING 671
SWIDTH 500 0
DWIDTH 8 0
BBX 6 7 1 0
BITMAP
C0
C0
C0
C0
C0
C0
FC
ENDCHAR
STARTCHAR 02A0
ENCODING 672
SWIDTH 500 0
DWIDTH 8 0
BBX 8 13 1 -3
BITMAP
07
0C
0C
7C
CC
CC
CC
CC
CC
7C
0C
0C
0C
ENDCHAR
STARTCHAR 02A1
ENCODING 673
SWIDTH 500 0
DWIDTH 8 0
BBX 6 9 1 0
BITMAP
78
CC
0C
0C
18
30
FC
30
30
ENDCHAR
STARTCHAR 02A2
ENCODING 674
SWIDTH 500 0
DWIDTH 8 0
BBX 6 9 1 0
BITMAP
78
CC
C0
C0
60
30
FC
30
30
ENDCHAR
STARTCHAR 02A3
ENCODING 675
SWIDTH 500 0
DWIDTH 8 0
BBX 8 9 0 0
BITMAP
18
18
7F
DB
DB
DE
DC
DC
7F
ENDCHAR
STARTCHAR 02A4
ENCODING 676
SWIDTH 500 0
DWIDTH 8 0
BBX 8 12 0 -3
BITMAP
18
18
7F
DB
DB
DE
DE
DB
7B
03
1B
0E
ENDCHAR
STARTCHAR 02A5
ENCODING 677
SWIDTH 500 0
DWIDTH 8 0
BBX 8 10 0 -1
BITMAP
18
18
7F
DB
DB
DE
DF
DD
7F
04
ENDCHAR
STARTCHAR 02A6
ENCODING 678
SWIDTH 500 0
DWIDTH 8 0
BBX 7 9 1 0
BITMAP
60
60
FE
78
78
6C
66
66
3C
ENDCHAR
STARTCHAR 02A7
ENCODING 679
SWIDTH 500 0
DWIDTH 8 0
BBX 8 12 1 -2
BITMAP
07
6C
6C
FC
6C
6C
6C
6C
6C
3C
0C
38
ENDCHAR
STARTCHAR 02A8
ENCODING 680
SWIDTH 500 0
DWIDTH 8 0
BBX 8 9 0 0
BITMAP
60
60
F6
6D
6C
6E
6D
7D
36
ENDCHAR
STARTCHAR 02A9
ENCODING 681
SWIDTH 500 0
DWIDTH 8 0
BBX 8 12 0 -3
BITMAP
3C
60
60
FE
6B
6B
6B
6B
6B
03
03
0E
ENDCHAR
STARTCHAR 02AA
ENCODING 682
SWIDTH 500 0
DWIDTH 8 0
BBX 7 9 1 0
BITMAP
E0
60
6E
78
78
6C
66
66
FC
ENDCHAR
STARTCHAR 02AB
ENCODING 683
SWIDTH 500 0
DWIDTH 8 0
BBX 7 9 1 0
BITMAP
E0
60
7E
66
66
6C
78
78
FE
ENDCHAR
STARTCHAR 02AC
ENCODING 684
SWIDTH 500 0
DWIDTH 8 0
BBX 7 9 1 0
BITMAP
D6
D6
7C
6C
00
D6
D6
7C
6C
ENDCHAR
STARTCHAR 02AD
ENCODING 685
SWIDTH 500 0
DWIDTH 8 0
BBX 6 8 1 -1
BITMAP
FC
FC
84
00
00
FC
FC
84
ENDCHAR
STARTCHAR 02AE
ENCODING 686
SWIDTH 500 0
DWIDTH 8 0
BBX 8 11 -1 -3
BITMAP
E0
33
33
33
33
33
33
1F
03
03
03
ENDCHAR
STARTCHAR 02AF
ENCODING 687
SWIDTH 500 0
DWIDTH 8 0
BBX 10 11 -1 -3
BITMAP
E000
3300
3300
3300
3300
3300
3300
1F00
0300
0300
01C0
ENDCHAR
STARTCHAR 02B0
ENCODING 688
SWIDTH 500 0
DWIDTH 8 0
BBX 5 7 2 5
BITMAP
C0
C0
F0
D8
D8
D8
D8
ENDCHAR
STARTCHAR 02B1
ENCODING 689
SWIDTH 500 0
DWIDTH 8 0
BBX 5 7 2 5
BITMAP
70
D8
C0
F0
D8
D8
D8
ENDCHAR
STARTCHAR 02B2
ENCODING 690
SWIDTH 500 0
DWIDTH 8 0
BBX 4 9 2 3
BITMAP
30
30
00
70
30
30
30
30
E0
ENDCHAR
STARTCHAR 02B3
ENCODING 691
SWIDTH 500 0
DWIDTH 8 0
BBX 5 5 2 5
BITMAP
D8
E0
C0
C0
C0
ENDCHAR
STARTCHAR 02B4
ENCODING 692
SWIDTH 500 0
DWIDTH 8 0
BBX 5 5 2 5
BITMAP
18
18
18
38
D8
ENDCHAR
STARTCHAR 02B5
ENCODING 693
SWIDTH 500 0
DWIDTH 8 0
BBX 6 7 1 3
BITMAP
18
18
18
38
D8
18
0C
ENDCHAR
STARTCHAR 02B6
ENCODING 694
SWIDTH 500 0
DWIDTH 8 0
BBX 5 5 2 5
BITMAP
D8
D8
F0
D8
F0
ENDCHAR
STARTCHAR 02B7
ENCODING 695
SWIDTH 500 0
DWIDTH 8 0
BBX 7 5 1 5
BITMAP
C6
D6
D6
6C
6C
ENDCHAR
STARTCHAR 02B8
ENCODING 696
SWIDTH 500 0
DWIDTH 8 0
BBX 6 7 1 3
BITMAP
6C
6C
6C
6C
38
30
E0
ENDCHAR
STARTCHAR 02B9
ENCODING 697
SWIDTH 500 0
DWIDTH 8 0
BBX 5 4 1 7
BITMAP
18
38
60
80
ENDCHAR
STARTCHAR 02BA
ENCODING 698
SWIDTH 500 0
DWIDTH 8 0
BBX 8 5 0 6
BITMAP
18
3B
67
8C
10
ENDCHAR
STARTCHAR 02BB
ENCODING 699
SWIDTH 500 0
DWIDTH 8 0
BBX 3 4 3 8
BITMAP
60
C0
E0
E0
ENDCHAR
STARTCHAR 02BC
ENCODING 700
SWIDTH 500 0
DWIDTH 8 0
BBX 3 4 3 8
BITMAP
E0
E0
60
C0
ENDCHAR
STARTCHAR 02BD
ENCODING 701
SWIDTH 500 0
DWIDTH 8 0
BBX 3 4 3 8
BITMAP
E0
E0
C0
60
ENDCHAR
STARTCHAR 02BE
ENCODING 702
SWIDTH 500 0
DWIDTH 8 0
BBX 3 4 3 8
BITMAP
C0
60
60
C0
ENDCHAR
STARTCHAR 02BF
ENCODING 703
SWIDTH 500 0
DWIDTH 8 0
BBX 3 4 2 8
BITMAP
60
C0
C0
60
ENDCHAR
STARTCHAR 02C0
ENCODING 704
SWIDTH 500 0
DWIDTH 8 0
BBX 5 7 2 5
BITMAP
70
D8
18
30
60
60
60
ENDCHAR
STARTCHAR 02C1
ENCODING 705
SWIDTH 500 0
DWIDTH 8 0
BBX 5 7 2 5
BITMAP
70
D8
C0
60
30
30
30
ENDCHAR
STARTCHAR 02C2
ENCODING 706
SWIDTH 500 0
DWIDTH 8 0
BBX 4 5 2 6
BITMAP
30
60
C0
60
30
ENDCHAR
STARTCHAR 02C3
ENCODING 707
SWIDTH 500 0
DWIDTH 8 0
BBX 4 5 2 6
BITMAP
C0
60
30
60
C0
ENDCHAR
STARTCHAR 02C4
ENCODING 708
SWIDTH 500 0
DWIDTH 8 0
BBX 6 4 1 7
BITMAP
30
78
CC
CC
ENDCHAR
STARTCHAR 02C5
ENCODING 709
SWIDTH 500 0
DWIDTH 8 0
BBX 6 4 1 8
BITMAP
CC
CC
78
30
ENDCHAR
STARTCHAR 02C6
ENCODING 710
SWIDTH 500 0
DWIDTH 8 0
BBX 6 2 1 10
BITMAP
78
CC
ENDCHAR
STARTCHAR 02C7
ENCODING 711
SWIDTH 500 0
DWIDTH 8 0
BBX 5 2 2 10
BITMAP
D8
70
ENDCHAR
STARTCHAR 02C8
ENCODING 712
SWIDTH 500 0
DWIDTH 8 0
BBX 2 4 3 5
BITMAP
C0
C0
C0
C0
ENDCHAR
STARTCHAR 02C9
ENCODING 713
SWIDTH 500 0
DWIDTH 8 0
BBX 6 1 1 10
BITMAP
FC
ENDCHAR
STARTCHAR 02CA
ENCODING 714
SWIDTH 500 0
DWIDTH 8 0
BBX 4 4 2 7
BITMAP
10
30
60
80
ENDCHAR
STARTCHAR 02CB
ENCODING 715
SWIDTH 500 0
DWIDTH 8 0
BBX 4 4 2 7
BITMAP
80
C0
60
10
ENDCHAR
STARTCHAR 02CC
ENCODING 716
SWIDTH 500 0
DWIDTH 8 0
BBX 2 4 3 -2
BITMAP
C0
C0
C0
C0
ENDCHAR
STARTCHAR 02CD
ENCODING 717
SWIDTH 500 0
DWIDTH 8 0
BBX 6 1 1 -2
BITMAP
FC
ENDCHAR
STARTCHAR 02CE
ENCODING 718
SWIDTH 500 0
DWIDTH 8 0
BBX 4 4 2 0
BITMAP
80
C0
60
10
ENDCHAR
STARTCHAR 02CF
ENCODING 719
SWIDTH 500 0
DWIDTH 8 0
BBX 4 4 2 0
BITMAP
10
30
60
80
ENDCHAR
STARTCHAR 02D0
ENCODING 720
SWIDTH 500 0
DWIDTH 8 0
BBX 3 7 3 0
BITMAP
E0
40
00
00
00
40
E0
ENDCHAR
STARTCHAR 02D1
ENCODING 721
SWIDTH 500 0
DWIDTH 8 0
BBX 3 2 3 5
BITMAP
E0
40
ENDCHAR
STARTCHAR 02D2
ENCODING 722
SWIDTH 500 0
DWIDTH 8 0
BBX 3 4 3 3
BITMAP
C0
60
60
C0
ENDCHAR
STARTCHAR 02D3
ENCODING 723
SWIDTH 500 0
DWIDTH 8 0
BBX 3 4 2 3
BITMAP
60
C0
C0
60
ENDCHAR
STARTCHAR 02D4
ENCODING 724
SWIDTH 500 0
DWIDTH 8 0
BBX 6 3 1 3
BITMAP
30
30
FC
ENDCHAR
STARTCHAR 02D5
ENCODING 725
SWIDTH 500 0
DWIDTH 8 0
BBX 6 3 1 1
BITMAP
FC
30
30
ENDCHAR
STARTCHAR 02D6
ENCODING 726
SWIDTH 500 0
DWIDTH 8 0
BBX 6 5 1 1
BITMAP
30
30
FC
30
30
ENDCHAR
STARTCHAR 02D7
ENCODING 727
SWIDTH 500 0
DWIDTH 8 0
BBX 6 2 1 3
BITMAP
FC
84
ENDCHAR
STARTCHAR 02D8
ENCODING 728
SWIDTH 500 0
DWIDTH 8 0
BBX 6 2 1 10
BITMAP
CC
78
ENDCHAR
STARTCHAR 02D9
ENCODING 729
SWIDTH 500 0
DWIDTH 8 0
BBX 2 2 3 10
BITMAP
C0
C0
ENDCHAR
STARTCHAR 02DA
ENCODING 730
SWIDTH 500 0
DWIDTH 8 0
BBX 6 3 1 9
BITMAP
78
CC
78
ENDCHAR
STARTCHAR 02DB
ENCODING 731
SWIDTH 500 0
DWIDTH 8 0
BBX 4 3 3 -3
BITMAP
C0
C0
70
ENDCHAR
STARTCHAR 02DC
ENCODING 732
SWIDTH 500 0
DWIDTH 8 0
BBX 7 2 1 10
BITMAP
76
DC
ENDCHAR
STARTCHAR 02DD
ENCODING 733
SWIDTH 500 0
DWIDTH 8 0
BBX 6 2 1 10
BITMAP
6C
D8
ENDCHAR
STARTCHAR 02DE
ENCODING 734
SWIDTH 500 0
DWIDTH 8 0
BBX 7 4 1 3
BITMAP
0C
06
76
DC
ENDCHAR
STARTCHAR 02DF
ENCODING 735
SWIDTH 500 0
DWIDTH 8 0
BBX 4 5 2 6
BITMAP
90
F0
60
F0
90
ENDCHAR
STARTCHAR 02E0
ENCODING 736
SWIDTH 500 0
DWIDTH 8 0
BBX 5 7 2 3
BITMAP
D8
D8
D8
D8
70
D8
70
ENDCHAR
STARTCHAR 02E1
ENCODING 737
SWIDTH 500 0
DWIDTH 8 0
BBX 4 7 2 5
BITMAP
E0
60
60
60
60
60
F0
ENDCHAR
STARTCHAR 02E2
ENCODING 738
SWIDTH 500 0
DWIDTH 8 0
BBX 5 5 2 5
BITMAP
78
C0
70
18
F0
ENDCHAR
STARTCHAR 02E3
ENCODING 739
SWIDTH 500 0
DWIDTH 8 0
BBX 5 5 2 5
BITMAP
D8
D8
70
D8
D8
ENDCHAR
STARTCHAR 02E4
ENCODING 740
SWIDTH 500 0
DWIDTH 8 0
BBX 6 7 1 4
BITMAP
78
CC
C0
60
30
30
30
ENDCHAR
STARTCHAR 02E5
ENCODING 741
SWIDTH 500 0
DWIDTH 8 0
BBX 6 9 1 0
BITMAP
FC
0C
0C
0C
0C
0C
0C
0C
0C
ENDCHAR
STARTCHAR 02E6
ENCODING 742
SWIDTH 500 0
DWIDTH 8 0
BBX 6 9 1 0
BITMAP
0C
0C
FC
0C
0C
0C
0C
0C
0C
ENDCHAR
STARTCHAR 02E7
ENCODING 743
SWIDTH 500 0
DWIDTH 8 0
BBX 6 9 1 0
BITMAP
0C
0C
0C
0C
FC
0C
0C
0C
0C
ENDCHAR
STARTCHAR 02E8
ENCODING 744
SWIDTH 500 0
DWIDTH 8 0
BBX 6 9 1 0
BITMAP
0C
0C
0C
0C
0C
0C
FC
0C
0C
ENDCHAR
STARTCHAR 02E9
ENCODING 745
SWIDTH 500 0
DWIDTH 8 0
BBX 6 9 1 0
BITMAP
0C
0C
0C
0C
0C
0C
0C
0C
FC
ENDCHAR
STARTCHAR 02EA
ENCODING 746
SWIDTH 500 0
DWIDTH 8 0
BBX 6 7 1 0
BITMAP
C0
C0
C0
C0
C0
C0
FC
ENDCHAR
STARTCHAR 02EB
ENCODING 747
SWIDTH 500 0
DWIDTH 8 0
BBX 6 7 1 0
BITMAP
C0
C0
C0
FC
C0
C0
C0
ENDCHAR
STARTCHAR 02EC
ENCODING 748
SWIDTH 500 0
DWIDTH 8 0
BBX 6 3 1 -3
BITMAP
CC
78
30
ENDCHAR
STARTCHAR 02ED
ENCODING 749
SWIDTH 500 0
DWIDTH 8 0
BBX 6 3 1 6
BITMAP
FC
00
FC
ENDCHAR
STARTCHAR 02EE
ENCODING 750
SWIDTH 500 0
DWIDTH 8 0
BBX 7 4 1 8
BITMAP
EE
EE
66
CC
ENDCHAR
STARTCHAR 02EF
ENCODING 751
SWIDTH 500 0
DWIDTH 8 0
BBX 6 4 1 -3
BITMAP
CC
CC
78
30
ENDCHAR
STARTCHAR 02F0
ENCODING 752
SWIDTH 500 0
DWIDTH 8 0
BBX 6 4 1 -3
BITMAP
30
78
CC
CC
ENDCHAR
STARTCHAR 02F1
ENCODING 753
SWIDTH 500 0
DWIDTH 8 0
BBX 4 5 2 -3
BITMAP
30
60
C0
60
30
ENDCHAR
STARTCHAR 02F2
ENCODING 754
SWIDTH 500 0
DWIDTH 8 0
BBX 4 5 2 -3
BITMAP
C0
60
30
60
C0
ENDCHAR
STARTCHAR 02F3
ENCODING 755
SWIDTH 500 0
DWIDTH 8 0
BBX 6 3 1 -3
BITMAP
78
CC
78
ENDCHAR
STARTCHAR 02F4
ENCODING 756
SWIDTH 500 0
DWIDTH 8 0
BBX 4 4 2 3
BITMAP
80
C0
60
10
ENDCHAR
STARTCHAR 02F5
ENCODING 757
SWIDTH 500 0
DWIDTH 8 0
BBX 8 4 0 3
BITMAP
88
CC
66
11
ENDCHAR
STARTCHAR 02F6
ENCODING 758
SWIDTH 500 0
DWIDTH 8 0
BBX 8 4 0 3
BITMAP
11
33
66
88
ENDCHAR
STARTCHAR 02F7
ENCODING 759
SWIDTH 500 0
DWIDTH 8 0
BBX 8 3 0 -3
BITMAP
71
DB
8E
ENDCHAR
STARTCHAR 02F8
ENCODING 760
SWIDTH 500 0
DWIDTH 8 0
BBX 3 7 3 3
BITMAP
E0
E0
00
00
00
E0
E0
ENDCHAR
STARTCHAR 02F9
ENCODING 761
SWIDTH 500 0
DWIDTH 8 0
BBX 4 4 2 5
BITMAP
F0
C0
C0
C0
ENDCHAR
STARTCHAR 02FA
ENCODING 762
SWIDTH 500 0
DWIDTH 8 0
BBX 4 4 2 5
BITMAP
F0
30
30
30
ENDCHAR
STARTCHAR 02FB
ENCODING 763
SWIDTH 500 0
DWIDTH 8 0
BBX 4 4 2 0
BITMAP
C0
C0
C0
F0
ENDCHAR
STARTCHAR 02FC
ENCODING 764
SWIDTH 500 0
DWIDTH 8 0
BBX 4 4 2 0
BITMAP
30
30
30
F0
ENDCHAR
STARTCHAR 02FD
ENCODING 765
SWIDTH 562 0
DWIDTH 9 0
BBX 8 3 1 -3
BITMAP
C3
C3
FF
ENDCHAR
STARTCHAR 02FE
ENCODING 766
SWIDTH 562 0
DWIDTH 9 0
BBX 8 3 1 -3
BITMAP
C0
C0
FF
ENDCHAR
STARTCHAR 02FF
ENCODING 767
SWIDTH 500 0
DWIDTH 8 0
BBX 7 5 1 -3
BITMAP
30
60
FE
60
30
ENDCHAR
STARTCHAR 0302
ENCODING 770
SWIDTH 0 0
DWIDTH 0 0
BBX 6 3 -7 8
BITMAP
30
78
CC
ENDCHAR
STARTCHAR 0303
ENCODING 771
SWIDTH 0 0
DWIDTH 0 0
BBX 8 3 -8 8
BITMAP
71
DB
8E
ENDCHAR
STARTCHAR 0304
ENCODING 772
SWIDTH 0 0
DWIDTH 0 0
BBX 6 1 -7 8
BITMAP
FC
ENDCHAR
STARTCHAR 0305
ENCODING 773
SWIDTH 0 0
DWIDTH 0 0
BBX 8 1 -8 11
BITMAP
FF
ENDCHAR
STARTCHAR 0306
ENCODING 774
SWIDTH 0 0
DWIDTH 0 0
BBX 6 2 -7 8
BITMAP
CC
78
ENDCHAR
STARTCHAR 0307
ENCODING 775
SWIDTH 0 0
DWIDTH 0 0
BBX 2 2 -5 8
BITMAP
C0
C0
ENDCHAR
STARTCHAR 0308
ENCODING 776
SWIDTH 0 0
DWIDTH 0 0
BBX 6 2 -7 8
BITMAP
CC
CC
ENDCHAR
STARTCHAR 0309
ENCODING 777
SWIDTH 0 0
DWIDTH 0 0
BBX 4 4 -6 8
BITMAP
60
B0
20
60
ENDCHAR
STARTCHAR 030A
ENCODING 778
SWIDTH 0 0
DWIDTH 0 0
BBX 6 3 -7 8
BITMAP
78
CC
78
ENDCHAR
STARTCHAR 030B
ENCODING 779
SWIDTH 0 0
DWIDTH 0 0
BBX 8 3 -8 8
BITMAP
77
66
CC
ENDCHAR
STARTCHAR 030C
ENCODING 780
SWIDTH 0 0
DWIDTH 0 0
BBX 6 3 -7 8
BITMAP
CC
78
30
ENDCHAR
STARTCHAR 030D
ENCODING 781
SWIDTH 0 0
DWIDTH 0 0
BBX 2 3 -5 8
BITMAP
C0
C0
C0
ENDCHAR
STARTCHAR 030E
ENCODING 782
SWIDTH 0 0
DWIDTH 0 0
BBX 6 3 -7 8
BITMAP
CC
CC
CC
ENDCHAR
STARTCHAR 030F
ENCODING 783
SWIDTH 0 0
DWIDTH 0 0
BBX 6 2 -7 8
BITMAP
D8
6C
ENDCHAR
STARTCHAR 0310
ENCODING 784
SWIDTH 0 0
DWIDTH 0 0
BBX 6 4 -7 8
BITMAP
30
30
CC
78
ENDCHAR
STARTCHAR 0311
ENCODING 785
SWIDTH 0 0
DWIDTH 0 0
BBX 6 2 -7 8
BITMAP
78
CC
ENDCHAR
STARTCHAR 0312
ENCODING 786
SWIDTH 0 0
DWIDTH 0 0
BBX 3 4 -5 8
BITMAP
60
C0
E0
E0
ENDCHAR
STARTCHAR 0313
ENCODING 787
SWIDTH 0 0
DWIDTH 0 0
BBX 3 4 -5 8
BITMAP
E0
E0
60
C0
ENDCHAR
STARTCHAR 0314
ENCODING 788
SWIDTH 0 0
DWIDTH 0 0
BBX 3 4 -5 8
BITMAP
E0
E0
C0
60
ENDCHAR
STARTCHAR 0315
ENCODING 789
SWIDTH 0 0
DWIDTH 0 0
BBX 3 4 -1 7
BITMAP
E0
E0
60
C0
ENDCHAR
STARTCHAR 0316
ENCODING 790
SWIDTH 0 0
DWIDTH 0 0
BBX 3 2 -5 -3
BITMAP
C0
60
ENDCHAR
STARTCHAR 0317
ENCODING 791
SWIDTH 0 0
DWIDTH 0 0
BBX 3 2 -6 -3
BITMAP
60
C0
ENDCHAR
STARTCHAR 0318
ENCODING 792
SWIDTH 0 0
DWIDTH 0 0
BBX 3 3 -5 -3
BITMAP
20
E0
20
ENDCHAR
STARTCHAR 0319
ENCODING 793
SWIDTH 0 0
DWIDTH 0 0
BBX 3 3 -5 -3
BITMAP
80
E0
80
ENDCHAR
STARTCHAR 031A
ENCODING 794
SWIDTH 0 0
DWIDTH 0 0
BBX 6 3 -7 8
BITMAP
FC
0C
0C
ENDCHAR
STARTCHAR 031B
ENCODING 795
SWIDTH 0 0
DWIDTH 0 0
BBX 3 3 -2 5
BITMAP
60
60
C0
ENDCHAR
STARTCHAR 031C
ENCODING 796
SWIDTH 0 0
DWIDTH 0 0
BBX 3 3 -7 -3
BITMAP
60
C0
60
ENDCHAR
STARTCHAR 031D
ENCODING 797
SWIDTH 0 0
DWIDTH 0 0
BBX 4 2 -6 -3
BITMAP
60
F0
ENDCHAR
STARTCHAR 031E
ENCODING 798
SWIDTH 0 0
DWIDTH 0 0
BBX 4 2 -6 -3
BITMAP
F0
60
ENDCHAR
STARTCHAR 031F
ENCODING 799
SWIDTH 0 0
DWIDTH 0 0
BBX 4 3 -6 -3
BITMAP
60
F0
60
ENDCHAR
STARTCHAR 0320
ENCODING 800
SWIDTH 0 0
DWIDTH 0 0
BBX 6 2 -7 -3
BITMAP
FC
84
ENDCHAR
STARTCHAR 0321
ENCODING 801
SWIDTH 0 0
DWIDTH 0 0
BBX 4 3 -5 -3
BITMAP
30
30
E0
ENDCHAR
STARTCHAR 0322
ENCODING 802
SWIDTH 0 0
DWIDTH 0 0
BBX 3 3 -3 -3
BITMAP
C0
C0
60
ENDCHAR
STARTCHAR 0323
ENCODING 803
SWIDTH 0 0
DWIDTH 0 0
BBX 2 2 -5 -3
BITMAP
C0
C0
ENDCHAR
STARTCHAR 0324
ENCODING 804
SWIDTH 0 0
DWIDTH 0 0
BBX 6 2 -7 -3
BITMAP
CC
CC
ENDCHAR
STARTCHAR 0325
ENCODING 805
SWIDTH 0 0
DWIDTH 0 0
BBX 6 3 -7 -3
BITMAP
78
CC
78
ENDCHAR
STARTCHAR 0326
ENCODING 806
SWIDTH 0 0
DWIDTH 0 0
BBX 3 4 -5 -3
BITMAP
E0
E0
60
C0
ENDCHAR
STARTCHAR 0327
ENCODING 807
SWIDTH 0 0
DWIDTH 0 0
BBX 4 3 -6 -3
BITMAP
60
30
E0
ENDCHAR
STARTCHAR 0328
ENCODING 808
SWIDTH 0 0
DWIDTH 0 0
BBX 4 3 -4 -3
BITMAP
C0
C0
70
ENDCHAR
STARTCHAR 0329
ENCODING 809
SWIDTH 0 0
DWIDTH 0 0
BBX 2 3 -5 -3
BITMAP
C0
C0
C0
ENDCHAR
STARTCHAR 032A
ENCODING 810
SWIDTH 0 0
DWIDTH 0 0
BBX 6 2 -7 -3
BITMAP
FC
CC
ENDCHAR
STARTCHAR 032B
ENCODING 811
SWIDTH 0 0
DWIDTH 0 0
BBX 7 2 -7 -3
BITMAP
D6
7C
ENDCHAR
STARTCHAR 032C
ENCODING 812
SWIDTH 0 0
DWIDTH 0 0
BBX 5 2 -6 -3
BITMAP
D8
70
ENDCHAR
STARTCHAR 032D
ENCODING 813
SWIDTH 0 0
DWIDTH 0 0
BBX 5 2 -6 -3
BITMAP
70
D8
ENDCHAR
STARTCHAR 032E
ENCODING 814
SWIDTH 0 0
DWIDTH 0 0
BBX 6 2 -7 -3
BITMAP
CC
78
ENDCHAR
STARTCHAR 032F
ENCODING 815
SWIDTH 0 0
DWIDTH 0 0
BBX 6 2 -7 -3
BITMAP
78
CC
ENDCHAR
STARTCHAR 0330
ENCODING 816
SWIDTH 0 0
DWIDTH 0 0
BBX 7 2 -7 -3
BITMAP
76
DC
ENDCHAR
STARTCHAR 0331
ENCODING 817
SWIDTH 0 0
DWIDTH 0 0
BBX 6 1 -7 -2
BITMAP
FC
ENDCHAR
STARTCHAR 0332
ENCODING 818
SWIDTH 0 0
DWIDTH 0 0
BBX 8 1 -8 -3
BITMAP
FF
ENDCHAR
STARTCHAR 0333
ENCODING 819
SWIDTH 0 0
DWIDTH 0 0
BBX 8 3 -8 -3
BITMAP
FF
00
FF
ENDCHAR
STARTCHAR 0334
ENCODING 820
SWIDTH 0 0
DWIDTH 0 0
BBX 8 3 -8 2
BITMAP
71
DB
8E
ENDCHAR
STARTCHAR 0335
ENCODING 821
SWIDTH 0 0
DWIDTH 0 0
BBX 6 1 -7 3
BITMAP
FC
ENDCHAR
STARTCHAR 0336
ENCODING 822
SWIDTH 0 0
DWIDTH 0 0
BBX 8 1 -8 3
BITMAP
FF
ENDCHAR
STARTCHAR 0337
ENCODING 823
SWIDTH 0 0
DWIDTH 0 0
BBX 7 7 -7 0
BITMAP
02
04
08
10
20
40
80
ENDCHAR
STARTCHAR 0338
ENCODING 824
SWIDTH 0 0
DWIDTH 0 0
BBX 6 10 -7 -1
BITMAP
0C
0C
18
18
30
30
60
60
C0
C0
ENDCHAR
STARTCHAR 0339
ENCODING 825
SWIDTH 0 0
DWIDTH 0 0
BBX 3 3 -4 -3
BITMAP
C0
60
C0
ENDCHAR
STARTCHAR 033A
ENCODING 826
SWIDTH 0 0
DWIDTH 0 0
BBX 6 2 -7 -3
BITMAP
CC
FC
ENDCHAR
STARTCHAR 033B
ENCODING 827
SWIDTH 0 0
DWIDTH 0 0
BBX 3 3 -5 -3
BITMAP
E0
A0
E0
ENDCHAR
STARTCHAR 033C
ENCODING 828
SWIDTH 0 0
DWIDTH 0 0
BBX 6 2 -7 -3
BITMAP
CC
30
ENDCHAR
STARTCHAR 033D
ENCODING 829
SWIDTH 0 0
DWIDTH 0 0
BBX 4 4 -6 8
BITMAP
90
60
60
90
ENDCHAR
STARTCHAR 033E
ENCODING 830
SWIDTH 0 0
DWIDTH 0 0
BBX 4 4 -6 8
BITMAP
30
60
60
C0
ENDCHAR
STARTCHAR 033F
ENCODING 831
SWIDTH 0 0
DWIDTH 0 0
BBX 8 3 -8 8
BITMAP
FF
00
FF
ENDCHAR
STARTCHAR 0340
ENCODING 832
SWIDTH 0 0
DWIDTH 0 0
BBX 3 2 -8 10
BITMAP
C0
60
ENDCHAR
STARTCHAR 0341
ENCODING 833
SWIDTH 0 0
DWIDTH 0 0
BBX 3 2 -3 10
BITMAP
60
C0
ENDCHAR
STARTCHAR 0342
ENCODING 834
SWIDTH 0 0
DWIDTH 0 0
BBX 8 3 -8 8
BITMAP
71
DB
8E
ENDCHAR
STARTCHAR 0343
ENCODING 835
SWIDTH 500 0
DWIDTH 8 0
BBX 3 4 -5 8
BITMAP
E0
E0
60
C0
ENDCHAR
STARTCHAR 0344
ENCODING 836
SWIDTH 0 0
DWIDTH 0 0
BBX 8 4 -8 8
BITMAP
18
18
DB
DB
ENDCHAR
STARTCHAR 0345
ENCODING 837
SWIDTH 0 0
DWIDTH 0 0
BBX 3 3 -5 -3
BITMAP
C0
C0
60
ENDCHAR
STARTCHAR 0346
ENCODING 838
SWIDTH 0 0
DWIDTH 0 0
BBX 6 2 -7 8
BITMAP
FC
84
ENDCHAR
STARTCHAR 0347
ENCODING 839
SWIDTH 0 0
DWIDTH 0 0
BBX 6 3 -7 -3
BITMAP
FC
00
FC
ENDCHAR
STARTCHAR 0348
ENCODING 840
SWIDTH 0 0
DWIDTH 0 0
BBX 6 3 -7 -3
BITMAP
CC
CC
CC
ENDCHAR
STARTCHAR 0349
ENCODING 841
SWIDTH 0 0
DWIDTH 0 0
BBX 4 2 -6 -3
BITMAP
F0
30
ENDCHAR
STARTCHAR 034A
ENCODING 842
SWIDTH 0 0
DWIDTH 0 0
BBX 7 4 -7 8
BITMAP
08
76
DC
20
ENDCHAR
STARTCHAR 034B
ENCODING 843
SWIDTH 0 0
DWIDTH 0 0
BBX 8 5 -8 7
BITMAP
04
71
DB
8E
20
ENDCHAR
STARTCHAR 034C
ENCODING 844
SWIDTH 0 0
DWIDTH 0 0
BBX 8 4 -8 8
BITMAP
76
DC
3B
6E
ENDCHAR
STARTCHAR 034D
ENCODING 845
SWIDTH 0 0
DWIDTH 0 0
BBX 8 3 -8 -3
BITMAP
42
FF
42
ENDCHAR
STARTCHAR 034E
ENCODING 846
SWIDTH 0 0
DWIDTH 0 0
BBX 4 4 -6 -3
BITMAP
60
F0
60
60
ENDCHAR
STARTCHAR 034F
ENCODING 847
SWIDTH 0 0
DWIDTH 0 0
BBX 0 0 0 0
BITMAP
ENDCHAR
STARTCHAR 0350
ENCODING 848
SWIDTH 500 0
DWIDTH 8 0
BBX 3 3 3 8
BITMAP
C0
60
C0
ENDCHAR
STARTCHAR 0351
ENCODING 849
SWIDTH 0 0
DWIDTH 0 0
BBX 3 4 -5 8
BITMAP
60
C0
C0
60
ENDCHAR
STARTCHAR 0352
ENCODING 850
SWIDTH 0 0
DWIDTH 0 0
BBX 6 4 -7 8
BITMAP
78
CC
30
30
ENDCHAR
STARTCHAR 0353
ENCODING 851
SWIDTH 0 0
DWIDTH 0 0
BBX 6 3 -7 -3
BITMAP
CC
30
CC
ENDCHAR
STARTCHAR 0354
ENCODING 852
SWIDTH 0 0
DWIDTH 0 0
BBX 3 3 -5 -3
BITMAP
60
C0
60
ENDCHAR
STARTCHAR 0355
ENCODING 853
SWIDTH 0 0
DWIDTH 0 0
BBX 3 3 -5 -3
BITMAP
C0
60
C0
ENDCHAR
STARTCHAR 0356
ENCODING 854
SWIDTH 0 0
DWIDTH 0 0
BBX 8 3 -8 -3
BITMAP
C4
6E
DB
ENDCHAR
STARTCHAR 0357
ENCODING 855
SWIDTH 0 0
DWIDTH 0 0
BBX 3 4 -5 8
BITMAP
C0
60
60
C0
ENDCHAR
STARTCHAR 0359
ENCODING 857
SWIDTH 0 0
DWIDTH 0 0
BBX 7 5 -7 -3
BITMAP
6C
38
FE
38
6C
ENDCHAR
STARTCHAR 035A
ENCODING 858
SWIDTH 0 0
DWIDTH 0 0
BBX 9 3 -8 -3
BITMAP
7700
DD80
7700
ENDCHAR
STARTCHAR 035D
ENCODING 861
SWIDTH 0 0
DWIDTH 0 0
BBX 14 3 -7 8
BITMAP
C00C
7038
1FE0
ENDCHAR
STARTCHAR 035E
ENCODING 862
SWIDTH 0 0
DWIDTH 0 0
BBX 14 1 -7 8
BITMAP
FFFC
ENDCHAR
STARTCHAR 035F
ENCODING 863
SWIDTH 0 0
DWIDTH 0 0
BBX 14 1 -7 -2
BITMAP
FFFC
ENDCHAR
STARTCHAR 0360
ENCODING 864
SWIDTH 0 0
DWIDTH 0 0
BBX 15 3 -7 8
BITMAP
1E06
739C
C0F0
ENDCHAR
STARTCHAR 0361
ENCODING 865
SWIDTH 0 0
DWIDTH 0 0
BBX 14 3 -7 8
BITMAP
1FE0
7038
C00C
ENDCHAR
STARTCHAR 0362
ENCODING 866
SWIDTH 0 0
DWIDTH 0 0
BBX 16 3 -8 -3
BITMAP
0002
FFFF
0002
ENDCHAR
STARTCHAR 0363
ENCODING 867
SWIDTH 0 0
DWIDTH 0 0
BBX 3 4 -5 8
BITMAP
E0
20
E0
E0
ENDCHAR
STARTCHAR 0364
ENCODING 868
SWIDTH 0 0
DWIDTH 0 0
BBX 3 4 -5 8
BITMAP
E0
E0
80
E0
ENDCHAR
STARTCHAR 0365
ENCODING 869
SWIDTH 0 0
DWIDTH 0 0
BBX 1 4 -4 8
BITMAP
80
00
80
80
ENDCHAR
STARTCHAR 0366
ENCODING 870
SWIDTH 0 0
DWIDTH 0 0
BBX 3 4 -5 8
BITMAP
E0
A0
A0
E0
ENDCHAR
STARTCHAR 0367
ENCODING 871
SWIDTH 0 0
DWIDTH 0 0
BBX 3 4 -5 8
BITMAP
A0
A0
A0
E0
ENDCHAR
STARTCHAR 0368
ENCODING 872
SWIDTH 0 0
DWIDTH 0 0
BBX 3 4 -5 8
BITMAP
E0
80
80
E0
ENDCHAR
STARTCHAR 0369
ENCODING 873
SWIDTH 0 0
DWIDTH 0 0
BBX 3 4 -5 8
BITMAP
20
E0
A0
E0
ENDCHAR
STARTCHAR 036A
ENCODING 874
SWIDTH 0 0
DWIDTH 0 0
BBX 3 4 -5 8
BITMAP
80
E0
A0
A0
ENDCHAR
STARTCHAR 036B
ENCODING 875
SWIDTH 0 0
DWIDTH 0 0
BBX 5 4 -6 8
BITMAP
F8
A8
A8
A8
ENDCHAR
STARTCHAR 036C
ENCODING 876
SWIDTH 0 0
DWIDTH 0 0
BBX 3 4 -5 8
BITMAP
E0
80
80
80
ENDCHAR
STARTCHAR 036D
ENCODING 877
SWIDTH 0 0
DWIDTH 0 0
BBX 3 4 -5 8
BITMAP
40
E0
40
60
ENDCHAR
STARTCHAR 036E
ENCODING 878
SWIDTH 0 0
DWIDTH 0 0
BBX 3 4 -5 8
BITMAP
A0
A0
A0
40
ENDCHAR
STARTCHAR 036F
ENCODING 879
SWIDTH 0 0
DWIDTH 0 0
BBX 3 4 -5 8
BITMAP
A0
40
A0
A0
ENDCHAR
STARTCHAR 0374
ENCODING 884
SWIDTH 500 0
DWIDTH 8 0
BBX 3 4 3 8
BITMAP
60
60
C0
80
ENDCHAR
STARTCHAR 0375
ENCODING 885
SWIDTH 500 0
DWIDTH 8 0
BBX 3 3 2 -3
BITMAP
60
C0
C0
ENDCHAR
STARTCHAR 037A
ENCODING 890
SWIDTH 500 0
DWIDTH 8 0
BBX 3 2 3 -3
BITMAP
C0
E0
ENDCHAR
STARTCHAR 037E
ENCODING 894
SWIDTH 500 0
DWIDTH 8 0
BBX 3 9 3 -2
BITMAP
E0
E0
00
00
00
E0
E0
60
C0
ENDCHAR
STARTCHAR 0384
ENCODING 900
SWIDTH 500 0
DWIDTH 8 0
BBX 2 4 3 8
BITMAP
C0
C0
C0
C0
ENDCHAR
STARTCHAR 0385
ENCODING 901
SWIDTH 500 0
DWIDTH 8 0
BBX 8 4 0 8
BITMAP
18
18
DB
DB
ENDCHAR
STARTCHAR 0386
ENCODING 902
SWIDTH 500 0
DWIDTH 8 0
BBX 7 12 0 0
BITMAP
C0
C0
C0
18
3C
66
66
66
7E
66
66
66
ENDCHAR
STARTCHAR 0387
ENCODING 903
SWIDTH 500 0
DWIDTH 8 0
BBX 3 2 3 5
BITMAP
E0
E0
ENDCHAR
STARTCHAR 0388
ENCODING 904
SWIDTH 500 0
DWIDTH 8 0
BBX 8 12 0 0
BITMAP
C0
C0
C0
3F
30
30
30
3E
30
30
30
3F
ENDCHAR
STARTCHAR 0389
ENCODING 905
SWIDTH 500 0
DWIDTH 8 0
BBX 8 12 0 0
BITMAP
C0
C0
C0
33
33
33
33
3F
33
33
33
33
ENDCHAR
STARTCHAR 038A
ENCODING 906
SWIDTH 500 0
DWIDTH 8 0
BBX 7 12 0 0
BITMAP
C0
C0
C0
1E
0C
0C
0C
0C
0C
0C
0C
1E
ENDCHAR
STARTCHAR 038C
ENCODING 908
SWIDTH 500 0
DWIDTH 8 0
BBX 8 12 0 0
BITMAP
C0
C0
C0
1E
33
33
33
33
33
33
33
1E
ENDCHAR
STARTCHAR 038E
ENCODING 910
SWIDTH 500 0
DWIDTH 8 0
BBX 8 12 0 0
BITMAP
C0
C0
C0
33
33
33
33
1E
0C
0C
0C
0C
ENDCHAR
STARTCHAR 038F
ENCODING 911
SWIDTH 500 0
DWIDTH 8 0
BBX 8 12 0 0
BITMAP
C0
C0
C0
3E
63
63
63
63
63
63
36
77
ENDCHAR
STARTCHAR 0390
ENCODING 912
SWIDTH 500 0
DWIDTH 8 0
BBX 8 12 0 0
BITMAP
18
18
DB
DB
00
38
18
18
18
18
1B
0E
ENDCHAR
STARTCHAR 0391
ENCODING 913
SWIDTH 500 0
DWIDTH 8 0
BBX 6 9 1 0
BITMAP
30
78
CC
CC
CC
FC
CC
CC
CC
ENDCHAR
STARTCHAR 0392
ENCODING 914
SWIDTH 500 0
DWIDTH 8 0
BBX 6 9 1 0
BITMAP
F8
CC
CC
CC
F8
CC
CC
CC
F8
ENDCHAR
STARTCHAR 0393
ENCODING 915
SWIDTH 500 0
DWIDTH 8 0
BBX 6 9 1 0
BITMAP
FC
C0
C0
C0
C0
C0
C0
C0
C0
ENDCHAR
STARTCHAR 0394
ENCODING 916
SWIDTH 500 0
DWIDTH 8 0
BBX 6 9 1 0
BITMAP
30
78
CC
CC
CC
CC
CC
CC
FC
ENDCHAR
STARTCHAR 0395
ENCODING 917
SWIDTH 500 0
DWIDTH 8 0
BBX 6 9 1 0
BITMAP
FC
C0
C0
C0
F8
C0
C0
C0
FC
ENDCHAR
STARTCHAR 0396
ENCODING 918
SWIDTH 500 0
DWIDTH 8 0
BBX 6 9 1 0
BITMAP
FC
0C
0C
18
30
60
C0
C0
FC
ENDCHAR
STARTCHAR 0397
ENCODING 919
SWIDTH 500 0
DWIDTH 8 0
BBX 6 9 1 0
BITMAP
CC
CC
CC
CC
FC
CC
CC
CC
CC
ENDCHAR
STARTCHAR 0398
ENCODING 920
SWIDTH 500 0
DWIDTH 8 0
BBX 6 9 1 0
BITMAP
78
CC
CC
CC
FC
CC
CC
CC
78
ENDCHAR
STARTCHAR 0399
ENCODING 921
SWIDTH 500 0
DWIDTH 8 0
BBX 4 9 2 0
BITMAP
F0
60
60
60
60
60
60
60
F0
ENDCHAR
STARTCHAR 039A
ENCODING 922
SWIDTH 500 0
DWIDTH 8 0
BBX 6 9 1 0
BITMAP
CC
CC
D8
D8
F0
D8
D8
CC
CC
ENDCHAR
STARTCHAR 039B
ENCODING 923
SWIDTH 500 0
DWIDTH 8 0
BBX 6 9 1 0
BITMAP
30
78
CC
CC
CC
CC
CC
CC
CC
ENDCHAR
STARTCHAR 039C
ENCODING 924
SWIDTH 500 0
DWIDTH 8 0
BBX 7 9 1 0
BITMAP
C6
C6
EE
D6
D6
D6
C6
C6
C6
ENDCHAR
STARTCHAR 039D
ENCODING 925
SWIDTH 500 0
DWIDTH 8 0
BBX 7 9 1 0
BITMAP
C6
C6
E6
F6
DE
CE
C6
C6
C6
ENDCHAR
STARTCHAR 039E
ENCODING 926
SWIDTH 500 0
DWIDTH 8 0
BBX 6 9 1 0
BITMAP
FC
CC
00
00
78
00
00
CC
FC
ENDCHAR
STARTCHAR 039F
ENCODING 927
SWIDTH 500 0
DWIDTH 8 0
BBX 6 9 1 0
BITMAP
78
CC
CC
CC
CC
CC
CC
CC
78
ENDCHAR
STARTCHAR 03A0
ENCODING 928
SWIDTH 500 0
DWIDTH 8 0
BBX 6 9 1 0
BITMAP
FC
CC
CC
CC
CC
CC
CC
CC
CC
ENDCHAR
STARTCHAR 03A1
ENCODING 929
SWIDTH 500 0
DWIDTH 8 0
BBX 6 9 1 0
BITMAP
F8
CC
CC
CC
F8
C0
C0
C0
C0
ENDCHAR
STARTCHAR 03A3
ENCODING 931
SWIDTH 500 0
DWIDTH 8 0
BBX 6 9 1 0
BITMAP
FC
C0
C0
60
30
60
C0
C0
FC
ENDCHAR
STARTCHAR 03A4
ENCODING 932
SWIDTH 500 0
DWIDTH 8 0
BBX 6 9 1 0
BITMAP
FC
30
30
30
30
30
30
30
30
ENDCHAR
STARTCHAR 03A5
ENCODING 933
SWIDTH 500 0
DWIDTH 8 0
BBX 6 9 1 0
BITMAP
CC
CC
CC
CC
78
30
30
30
30
ENDCHAR
STARTCHAR 03A6
ENCODING 934
SWIDTH 500 0
DWIDTH 8 0
BBX 8 9 0 0
BITMAP
18
18
7E
DB
DB
DB
7E
18
18
ENDCHAR
STARTCHAR 03A7
ENCODING 935
SWIDTH 500 0
DWIDTH 8 0
BBX 6 9 1 0
BITMAP
CC
CC
68
30
30
58
CC
CC
CC
ENDCHAR
STARTCHAR 03A8
ENCODING 936
SWIDTH 500 0
DWIDTH 8 0
BBX 8 9 0 0
BITMAP
DB
DB
DB
DB
DB
7E
18
18
18
ENDCHAR
STARTCHAR 03A9
ENCODING 937
SWIDTH 500 0
DWIDTH 8 0
BBX 7 9 1 0
BITMAP
7C
C6
C6
C6
C6
C6
C6
6C
EE
ENDCHAR
STARTCHAR 03AA
ENCODING 938
SWIDTH 500 0
DWIDTH 8 0
BBX 6 12 1 0
BITMAP
CC
CC
00
78
30
30
30
30
30
30
30
78
ENDCHAR
STARTCHAR 03AB
ENCODING 939
SWIDTH 500 0
DWIDTH 8 0
BBX 6 12 1 0
BITMAP
CC
CC
00
CC
CC
CC
CC
78
30
30
30
30
ENDCHAR
STARTCHAR 03AC
ENCODING 940
SWIDTH 500 0
DWIDTH 8 0
BBX 7 12 1 0
BITMAP
30
30
30
30
00
76
CC
CC
CC
CC
CC
76
ENDCHAR
STARTCHAR 03AD
ENCODING 941
SWIDTH 500 0
DWIDTH 8 0
BBX 6 12 1 0
BITMAP
30
30
30
30
00
78
CC
C0
70
C0
CC
78
ENDCHAR
STARTCHAR 03AE
ENCODING 942
SWIDTH 500 0
DWIDTH 8 0
BBX 6 15 1 -3
BITMAP
30
30
30
30
00
F8
CC
CC
CC
CC
CC
CC
0C
0C
0C
ENDCHAR
STARTCHAR 03AF
ENCODING 943
SWIDTH 500 0
DWIDTH 8 0
BBX 6 12 1 0
BITMAP
60
60
60
60
00
E0
60
60
60
60
6C
38
ENDCHAR
STARTCHAR 03B0
ENCODING 944
SWIDTH 500 0
DWIDTH 8 0
BBX 8 12 0 0
BITMAP
18
18
DB
DB
00
6C
66
66
66
66
66
3C
ENDCHAR
STARTCHAR 03B1
ENCODING 945
SWIDTH 500 0
DWIDTH 8 0
BBX 7 7 1 0
BITMAP
76
CC
CC
CC
CC
CC
76
ENDCHAR
STARTCHAR 03B2
ENCODING 946
SWIDTH 500 0
DWIDTH 8 0
BBX 6 12 1 -3
BITMAP
78
CC
CC
CC
D8
CC
CC
CC
D8
C0
C0
C0
ENDCHAR
STARTCHAR 03B3
ENCODING 947
SWIDTH 500 0
DWIDTH 8 0
BBX 6 10 1 -3
BITMAP
CC
CC
CC
CC
CC
78
30
30
30
30
ENDCHAR
STARTCHAR 03B4
ENCODING 948
SWIDTH 500 0
DWIDTH 8 0
BBX 6 9 1 0
BITMAP
FC
60
38
CC
CC
CC
CC
CC
78
ENDCHAR
STARTCHAR 03B5
ENCODING 949
SWIDTH 500 0
DWIDTH 8 0
BBX 6 7 1 0
BITMAP
78
CC
C0
70
C0
CC
78
ENDCHAR
STARTCHAR 03B6
ENCODING 950
SWIDTH 500 0
DWIDTH 8 0
BBX 6 12 1 -3
BITMAP
F8
18
18
30
60
C0
C0
C0
78
0C
0C
18
ENDCHAR
STARTCHAR 03B7
ENCODING 951
SWIDTH 500 0
DWIDTH 8 0
BBX 6 10 1 -3
BITMAP
F8
CC
CC
CC
CC
CC
CC
0C
0C
0C
ENDCHAR
STARTCHAR 03B8
ENCODING 952
SWIDTH 500 0
DWIDTH 8 0
BBX 6 9 1 0
BITMAP
78
CC
CC
CC
FC
CC
CC
CC
78
ENDCHAR
STARTCHAR 03B9
ENCODING 953
SWIDTH 500 0
DWIDTH 8 0
BBX 6 7 1 0
BITMAP
E0
60
60
60
60
6C
38
ENDCHAR
STARTCHAR 03BA
ENCODING 954
SWIDTH 500 0
DWIDTH 8 0
BBX 6 7 1 0
BITMAP
CC
CC
D8
F0
D8
CC
CC
ENDCHAR
STARTCHAR 03BB
ENCODING 955
SWIDTH 500 0
DWIDTH 8 0
BBX 6 9 1 0
BITMAP
60
60
30
30
78
CC
CC
CC
CC
ENDCHAR
STARTCHAR 03BC
ENCODING 956
SWIDTH 500 0
DWIDTH 8 0
BBX 8 10 0 -3
BITMAP
66
66
66
66
66
66
7B
60
60
C0
ENDCHAR
STARTCHAR 03BD
ENCODING 957
SWIDTH 500 0
DWIDTH 8 0
BBX 6 7 1 0
BITMAP
CC
CC
CC
CC
CC
78
30
ENDCHAR
STARTCHAR 03BE
ENCODING 958
SWIDTH 500 0
DWIDTH 8 0
BBX 6 12 1 -3
BITMAP
78
C0
C0
70
60
C0
C0
C0
78
0C
0C
18
ENDCHAR
STARTCHAR 03BF
ENCODING 959
SWIDTH 500 0
DWIDTH 8 0
BBX 6 7 1 0
BITMAP
78
CC
CC
CC
CC
CC
78
ENDCHAR
STARTCHAR 03C0
ENCODING 960
SWIDTH 500 0
DWIDTH 8 0
BBX 6 7 1 0
BITMAP
FC
CC
CC
CC
CC
CC
CC
ENDCHAR
STARTCHAR 03C1
ENCODING 961
SWIDTH 500 0
DWIDTH 8 0
BBX 6 10 1 -3
BITMAP
78
CC
CC
CC
CC
CC
F8
C0
C0
C0
ENDCHAR
STARTCHAR 03C2
ENCODING 962
SWIDTH 500 0
DWIDTH 8 0
BBX 6 10 1 -3
BITMAP
38
60
C0
C0
C0
C0
78
0C
0C
18
ENDCHAR
STARTCHAR 03C3
ENCODING 963
SWIDTH 500 0
DWIDTH 8 0
BBX 7 7 1 0
BITMAP
7E
CC
CC
CC
CC
CC
78
ENDCHAR
STARTCHAR 03C4
ENCODING 964
SWIDTH 500 0
DWIDTH 8 0
BBX 6 7 1 0
BITMAP
FC
30
30
30
30
30
30
ENDCHAR
STARTCHAR 03C5
ENCODING 965
SWIDTH 500 0
DWIDTH 8 0
BBX 6 7 1 0
BITMAP
D8
CC
CC
CC
CC
CC
78
ENDCHAR
STARTCHAR 03C6
ENCODING 966
SWIDTH 500 0
DWIDTH 8 0
BBX 7 10 1 -3
BITMAP
CC
DA
DA
DA
DA
DA
7C
18
18
18
ENDCHAR
STARTCHAR 03C7
ENCODING 967
SWIDTH 500 0
DWIDTH 8 0
BBX 6 10 1 -3
BITMAP
CC
CC
CC
78
30
78
CC
CC
CC
CC
ENDCHAR
STARTCHAR 03C8
ENCODING 968
SWIDTH 500 0
DWIDTH 8 0
BBX 7 12 1 -3
BITMAP
10
10
D6
D6
D6
D6
D6
D6
7C
10
10
10
ENDCHAR
STARTCHAR 03C9
ENCODING 969
SWIDTH 500 0
DWIDTH 8 0
BBX 7 7 1 0
BITMAP
6C
C6
D6
D6
D6
D6
6C
ENDCHAR
STARTCHAR 03CA
ENCODING 970
SWIDTH 500 0
DWIDTH 8 0
BBX 7 10 0 0
BITMAP
CC
CC
00
70
30
30
30
30
36
1C
ENDCHAR
STARTCHAR 03CB
ENCODING 971
SWIDTH 500 0
DWIDTH 8 0
BBX 6 10 1 0
BITMAP
CC
CC
00
D8
CC
CC
CC
CC
CC
78
ENDCHAR
STARTCHAR 03CC
ENCODING 972
SWIDTH 500 0
DWIDTH 8 0
BBX 6 12 1 0
BITMAP
30
30
30
30
00
78
CC
CC
CC
CC
CC
78
ENDCHAR
STARTCHAR 03CD
ENCODING 973
SWIDTH 500 0
DWIDTH 8 0
BBX 6 12 1 0
BITMAP
30
30
30
30
00
D8
CC
CC
CC
CC
CC
78
ENDCHAR
STARTCHAR 03CE
ENCODING 974
SWIDTH 500 0
DWIDTH 8 0
BBX 7 12 1 0
BITMAP
18
18
18
18
00
6C
C6
D6
D6
D6
D6
6C
ENDCHAR
STARTCHAR 03D0
ENCODING 976
SWIDTH 500 0
DWIDTH 8 0
BBX 6 9 1 0
BITMAP
78
CC
CC
CC
D8
CC
CC
CC
78
ENDCHAR
STARTCHAR 03D1
ENCODING 977
SWIDTH 500 0
DWIDTH 8 0
BBX 7 9 1 0
BITMAP
18
2C
1E
CC
6C
6C
6C
6C
38
ENDCHAR
STARTCHAR 03D2
ENCODING 978
SWIDTH 500 0
DWIDTH 8 0
BBX 8 9 0 0
BITMAP
C3
66
66
3C
3C
18
18
18
18
ENDCHAR
STARTCHAR 03D3
ENCODING 979
SWIDTH 500 0
DWIDTH 8 0
BBX 8 12 0 0
BITMAP
C0
C0
80
C3
66
66
3C
3C
18
18
18
18
ENDCHAR
STARTCHAR 03D4
ENCODING 980
SWIDTH 500 0
DWIDTH 8 0
BBX 8 12 0 0
BITMAP
66
66
00
C3
66
66
3C
3C
18
18
18
18
ENDCHAR
STARTCHAR 03D5
ENCODING 981
SWIDTH 500 0
DWIDTH 8 0
BBX 7 13 1 -3
BITMAP
10
10
10
7C
D6
D6
D6
D6
D6
7C
10
10
10
ENDCHAR
STARTCHAR 03D6
ENCODING 982
SWIDTH 500 0
DWIDTH 8 0
BBX 8 7 0 0
BITMAP
FE
63
6B
6B
6B
6B
36
ENDCHAR
STARTCHAR 03D7
ENCODING 983
SWIDTH 500 0
DWIDTH 8 0
BBX 8 10 0 -3
BITMAP
C7
67
6E
7E
76
E3
E3
03
06
1C
ENDCHAR
STARTCHAR 03D8
ENCODING 984
SWIDTH 500 0
DWIDTH 8 0
BBX 6 12 1 -3
BITMAP
78
CC
CC
CC
CC
CC
CC
CC
78
30
30
30
ENDCHAR
STARTCHAR 03D9
ENCODING 985
SWIDTH 500 0
DWIDTH 8 0
BBX 6 10 1 -3
BITMAP
78
CC
CC
CC
CC
CC
78
30
30
30
ENDCHAR
STARTCHAR 03DA
ENCODING 986
SWIDTH 500 0
DWIDTH 8 0
BBX 6 12 1 -3
BITMAP
78
CC
CC
C0
C0
C0
C0
78
0C
0C
0C
18
ENDCHAR
STARTCHAR 03DB
ENCODING 987
SWIDTH 500 0
DWIDTH 8 0
BBX 6 10 1 -3
BITMAP
0C
78
C0
C0
C0
C0
78
0C
0C
18
ENDCHAR
STARTCHAR 03DC
ENCODING 988
SWIDTH 500 0
DWIDTH 8 0
BBX 6 9 1 0
BITMAP
FC
C0
C0
C0
F8
C0
C0
C0
C0
ENDCHAR
STARTCHAR 03DD
ENCODING 989
SWIDTH 500 0
DWIDTH 8 0
BBX 6 12 1 -3
BITMAP
FC
C0
C0
C0
F8
C0
C0
C0
C0
C0
C0
C0
ENDCHAR
STARTCHAR 03DE
ENCODING 990
SWIDTH 500 0
DWIDTH 8 0
BBX 6 9 1 0
BITMAP
60
30
60
CC
FC
CC
18
30
18
ENDCHAR
STARTCHAR 03DF
ENCODING 991
SWIDTH 500 0
DWIDTH 8 0
BBX 6 9 1 0
BITMAP
30
30
60
C0
FC
0C
18
30
30
ENDCHAR
STARTCHAR 03E0
ENCODING 992
SWIDTH 500 0
DWIDTH 8 0
BBX 7 9 1 0
BITMAP
78
DC
36
6E
DE
36
66
0C
38
ENDCHAR
STARTCHAR 03E1
ENCODING 993
SWIDTH 500 0
DWIDTH 8 0
BBX 6 10 1 -3
BITMAP
F0
38
6C
DC
3C
6C
0C
0C
0C
18
ENDCHAR
STARTCHAR 03E2
ENCODING 994
SWIDTH 500 0
DWIDTH 8 0
BBX 7 12 1 -3
BITMAP
D6
D6
D6
D6
D6
D6
D6
D6
7E
06
7E
C6
ENDCHAR
STARTCHAR 03E3
ENCODING 995
SWIDTH 500 0
DWIDTH 8 0
BBX 7 10 1 -3
BITMAP
D6
D6
D6
D6
D6
D6
7E
06
7E
C6
ENDCHAR
STARTCHAR 03E4
ENCODING 996
SWIDTH 500 0
DWIDTH 8 0
BBX 7 9 1 0
BITMAP
76
D6
C6
C6
7E
06
06
06
06
ENDCHAR
STARTCHAR 03E5
ENCODING 997
SWIDTH 500 0
DWIDTH 8 0
BBX 6 9 1 0
BITMAP
6C
CC
CC
CC
7C
0C
0C
0C
0C
ENDCHAR
STARTCHAR 03E6
ENCODING 998
SWIDTH 500 0
DWIDTH 8 0
BBX 8 12 0 -3
BITMAP
60
60
7C
66
63
63
63
63
63
03
76
DC
ENDCHAR
STARTCHAR 03E7
ENCODING 999
SWIDTH 500 0
DWIDTH 8 0
BBX 7 9 1 0
BITMAP
0C
18
7C
D6
D6
76
06
76
DC
ENDCHAR
STARTCHAR 03E8
ENCODING 1000
SWIDTH 500 0
DWIDTH 8 0
BBX 6 9 1 0
BITMAP
78
CC
CC
18
30
60
CC
CC
78
ENDCHAR
STARTCHAR 03E9
ENCODING 1001
SWIDTH 500 0
DWIDTH 8 0
BBX 6 9 1 0
BITMAP
78
CC
CC
78
30
60
C0
CC
78
ENDCHAR
STARTCHAR 03EA
ENCODING 1002
SWIDTH 500 0
DWIDTH 8 0
BBX 8 9 0 0
BITMAP
66
BD
18
18
3C
3C
66
66
7E
ENDCHAR
STARTCHAR 03EB
ENCODING 1003
SWIDTH 500 0
DWIDTH 8 0
BBX 8 7 0 0
BITMAP
66
BD
18
3C
66
66
7E
ENDCHAR
STARTCHAR 03EC
ENCODING 1004
SWIDTH 500 0
DWIDTH 8 0
BBX 7 9 1 0
BITMAP
76
DC
C0
FC
C6
C6
C6
CC
78
ENDCHAR
STARTCHAR 03ED
ENCODING 1005
SWIDTH 500 0
DWIDTH 8 0
BBX 7 8 1 0
BITMAP
06
7C
C0
F8
CC
CC
CC
78
ENDCHAR
STARTCHAR 03EE
ENCODING 1006
SWIDTH 500 0
DWIDTH 8 0
BBX 8 9 0 0
BITMAP
18
18
7E
99
5A
18
18
18
18
ENDCHAR
STARTCHAR 03EF
ENCODING 1007
SWIDTH 500 0
DWIDTH 8 0
BBX 6 9 1 0
BITMAP
30
30
FC
30
30
30
30
30
70
ENDCHAR
STARTCHAR 03F0
ENCODING 1008
SWIDTH 500 0
DWIDTH 8 0
BBX 8 7 0 0
BITMAP
C7
67
6E
7E
76
E6
E3
ENDCHAR
STARTCHAR 03F1
ENCODING 1009
SWIDTH 500 0
DWIDTH 8 0
BBX 6 10 1 -3
BITMAP
78
CC
CC
CC
CC
CC
F8
C0
78
0C
ENDCHAR
STARTCHAR 03F2
ENCODING 1010
SWIDTH 500 0
DWIDTH 8 0
BBX 6 7 1 0
BITMAP
78
C4
C0
C0
C0
C4
78
ENDCHAR
STARTCHAR 03F3
ENCODING 1011
SWIDTH 500 0
DWIDTH 8 0
BBX 5 13 1 -3
BITMAP
18
18
00
78
18
18
18
18
18
18
18
18
F0
ENDCHAR
STARTCHAR 03F4
ENCODING 1012
SWIDTH 500 0
DWIDTH 8 0
BBX 6 9 1 0
BITMAP
78
CC
CC
CC
FC
CC
CC
CC
78
ENDCHAR
STARTCHAR 03F5
ENCODING 1013
SWIDTH 500 0
DWIDTH 8 0
BBX 6 7 1 0
BITMAP
78
C4
C0
F8
C0
C4
78
ENDCHAR
STARTCHAR 03F6
ENCODING 1014
SWIDTH 500 0
DWIDTH 8 0
BBX 6 7 1 0
BITMAP
78
8C
0C
7C
0C
8C
78
ENDCHAR
STARTCHAR 03F7
ENCODING 1015
SWIDTH 500 0
DWIDTH 8 0
BBX 6 9 1 0
BITMAP
C0
C0
F8
CC
CC
CC
F8
C0
C0
ENDCHAR
STARTCHAR 03F8
ENCODING 1016
SWIDTH 500 0
DWIDTH 8 0
BBX 6 12 1 -3
BITMAP
C0
C0
F8
CC
CC
CC
CC
CC
F8
C0
C0
C0
ENDCHAR
STARTCHAR 03F9
ENCODING 1017
SWIDTH 500 0
DWIDTH 8 0
BBX 6 9 1 0
BITMAP
78
C4
C0
C0
C0
C0
C0
C4
78
ENDCHAR
STARTCHAR 03FA
ENCODING 1018
SWIDTH 500 0
DWIDTH 8 0
BBX 7 9 1 0
BITMAP
C6
EE
FE
D6
C6
C6
C6
C6
C6
ENDCHAR
STARTCHAR 03FB
ENCODING 1019
SWIDTH 500 0
DWIDTH 8 0
BBX 7 10 1 -3
BITMAP
C6
EE
FE
D6
C6
C6
C6
C0
C0
C0
ENDCHAR
STARTCHAR 0400
ENCODING 1024
SWIDTH 500 0
DWIDTH 8 0
BBX 6 12 1 0
BITMAP
60
30
00
FC
C0
C0
C0
F8
C0
C0
C0
FC
ENDCHAR
STARTCHAR 0401
ENCODING 1025
SWIDTH 500 0
DWIDTH 8 0
BBX 6 12 1 0
BITMAP
CC
CC
00
FC
C0
C0
C0
F8
C0
C0
C0
FC
ENDCHAR
STARTCHAR 0402
ENCODING 1026
SWIDTH 500 0
DWIDTH 8 0
BBX 7 12 1 -3
BITMAP
F8
60
7C
66
66
66
66
66
66
06
06
1C
ENDCHAR
STARTCHAR 0403
ENCODING 1027
SWIDTH 500 0
DWIDTH 8 0
BBX 6 12 1 0
BITMAP
18
30
00
FC
C0
C0
C0
C0
C0
C0
C0
C0
ENDCHAR
STARTCHAR 0404
ENCODING 1028
SWIDTH 500 0
DWIDTH 8 0
BBX 6 9 1 0
BITMAP
78
CC
CC
C0
F8
C0
CC
CC
78
ENDCHAR
STARTCHAR 0405
ENCODING 1029
SWIDTH 500 0
DWIDTH 8 0
BBX 6 9 1 0
BITMAP
78
CC
C0
60
30
18
0C
CC
78
ENDCHAR
STARTCHAR 0406
ENCODING 1030
SWIDTH 500 0
DWIDTH 8 0
BBX 4 9 2 0
BITMAP
F0
60
60
60
60
60
60
60
F0
ENDCHAR
STARTCHAR 0407
ENCODING 1031
SWIDTH 500 0
DWIDTH 8 0
BBX 6 12 1 0
BITMAP
CC
CC
00
78
30
30
30
30
30
30
30
78
ENDCHAR
STARTCHAR 0408
ENCODING 1032
SWIDTH 500 0
DWIDTH 8 0
BBX 6 9 1 0
BITMAP
0C
0C
0C
0C
0C
0C
CC
CC
78
ENDCHAR
STARTCHAR 0409
ENCODING 1033
SWIDTH 500 0
DWIDTH 8 0
BBX 8 9 0 0
BITMAP
3C
6C
6C
6C
6E
6D
6D
6D
CE
ENDCHAR
STARTCHAR 040A
ENCODING 1034
SWIDTH 500 0
DWIDTH 8 0
BBX 7 9 1 0
BITMAP
D8
D8
D8
D8
FC
DA
DA
DA
DC
ENDCHAR
STARTCHAR 040B
ENCODING 1035
SWIDTH 500 0
DWIDTH 8 0
BBX 7 9 1 0
BITMAP
F8
60
7C
66
66
66
66
66
66
ENDCHAR
STARTCHAR 040C
ENCODING 1036
SWIDTH 500 0
DWIDTH 8 0
BBX 7 12 1 0
BITMAP
18
30
00
C6
CE
D8
D8
F0
D8
CC
CC
C6
ENDCHAR
STARTCHAR 040D
ENCODING 1037
SWIDTH 500 0
DWIDTH 8 0
BBX 7 12 1 0
BITMAP
30
18
00
C6
C6
CE
DE
F6
E6
C6
C6
C6
ENDCHAR
STARTCHAR 040E
ENCODING 1038
SWIDTH 500 0
DWIDTH 8 0
BBX 6 12 1 0
BITMAP
CC
78
00
CC
CC
CC
CC
CC
78
18
30
E0
ENDCHAR
STARTCHAR 040F
ENCODING 1039
SWIDTH 500 0
DWIDTH 8 0
BBX 6 11 1 -2
BITMAP
CC
CC
CC
CC
CC
CC
CC
CC
FC
30
30
ENDCHAR
STARTCHAR 0410
ENCODING 1040
SWIDTH 500 0
DWIDTH 8 0
BBX 6 9 1 0
BITMAP
30
78
CC
CC
CC
FC
CC
CC
CC
ENDCHAR
STARTCHAR 0411
ENCODING 1041
SWIDTH 500 0
DWIDTH 8 0
BBX 6 9 1 0
BITMAP
FC
C0
C0
F8
CC
CC
CC
CC
F8
ENDCHAR
STARTCHAR 0412
ENCODING 1042
SWIDTH 500 0
DWIDTH 8 0
BBX 6 9 1 0
BITMAP
F8
CC
CC
CC
F8
CC
CC
CC
F8
ENDCHAR
STARTCHAR 0413
ENCODING 1043
SWIDTH 500 0
DWIDTH 8 0
BBX 6 9 1 0
BITMAP
FC
C0
C0
C0
C0
C0
C0
C0
C0
ENDCHAR
STARTCHAR 0414
ENCODING 1044
SWIDTH 500 0
DWIDTH 8 0
BBX 8 10 0 -1
BITMAP
3E
66
66
66
66
66
66
66
FF
C3
ENDCHAR
STARTCHAR 0415
ENCODING 1045
SWIDTH 500 0
DWIDTH 8 0
BBX 6 9 1 0
BITMAP
FC
C0
C0
C0
F8
C0
C0
C0
FC
ENDCHAR
STARTCHAR 0416
ENCODING 1046
SWIDTH 500 0
DWIDTH 8 0
BBX 8 9 0 0
BITMAP
DB
DB
7E
3C
3C
7E
5A
DB
DB
ENDCHAR
STARTCHAR 0417
ENCODING 1047
SWIDTH 500 0
DWIDTH 8 0
BBX 6 9 1 0
BITMAP
78
CC
CC
0C
38
0C
CC
CC
78
ENDCHAR
STARTCHAR 0418
ENCODING 1048
SWIDTH 500 0
DWIDTH 8 0
BBX 7 9 1 0
BITMAP
C6
C6
CE
DE
F6
E6
C6
C6
C6
ENDCHAR
STARTCHAR 0419
ENCODING 1049
SWIDTH 500 0
DWIDTH 8 0
BBX 7 12 1 0
BITMAP
CC
78
00
C6
C6
CE
DE
F6
E6
C6
C6
C6
ENDCHAR
STARTCHAR 041A
ENCODING 1050
SWIDTH 500 0
DWIDTH 8 0
BBX 7 9 1 0
BITMAP
C6
CE
D8
D8
F0
D8
CC
CC
C6
ENDCHAR
STARTCHAR 041B
ENCODING 1051
SWIDTH 500 0
DWIDTH 8 0
BBX 7 9 0 0
BITMAP
3E
66
66
66
66
66
66
66
C6
ENDCHAR
STARTCHAR 041C
ENCODING 1052
SWIDTH 500 0
DWIDTH 8 0
BBX 7 9 1 0
BITMAP
C6
C6
EE
D6
D6
D6
C6
C6
C6
ENDCHAR
STARTCHAR 041D
ENCODING 1053
SWIDTH 500 0
DWIDTH 8 0
BBX 6 9 1 0
BITMAP
CC
CC
CC
CC
FC
CC
CC
CC
CC
ENDCHAR
STARTCHAR 041E
ENCODING 1054
SWIDTH 500 0
DWIDTH 8 0
BBX 6 9 1 0
BITMAP
78
CC
CC
CC
CC
CC
CC
CC
78
ENDCHAR
STARTCHAR 041F
ENCODING 1055
SWIDTH 500 0
DWIDTH 8 0
BBX 6 9 1 0
BITMAP
FC
CC
CC
CC
CC
CC
CC
CC
CC
ENDCHAR
STARTCHAR 0420
ENCODING 1056
SWIDTH 500 0
DWIDTH 8 0
BBX 6 9 1 0
BITMAP
F8
CC
CC
CC
F8
C0
C0
C0
C0
ENDCHAR
STARTCHAR 0421
ENCODING 1057
SWIDTH 500 0
DWIDTH 8 0
BBX 6 9 1 0
BITMAP
78
CC
CC
C0
C0
C0
CC
CC
78
ENDCHAR
STARTCHAR 0422
ENCODING 1058
SWIDTH 500 0
DWIDTH 8 0
BBX 6 9 1 0
BITMAP
FC
30
30
30
30
30
30
30
30
ENDCHAR
STARTCHAR 0423
ENCODING 1059
SWIDTH 500 0
DWIDTH 8 0
BBX 6 9 1 0
BITMAP
CC
CC
CC
CC
CC
78
18
30
E0
ENDCHAR
STARTCHAR 0424
ENCODING 1060
SWIDTH 500 0
DWIDTH 8 0
BBX 8 9 0 0
BITMAP
18
7E
DB
DB
DB
DB
7E
18
18
ENDCHAR
STARTCHAR 0425
ENCODING 1061
SWIDTH 500 0
DWIDTH 8 0
BBX 6 9 1 0
BITMAP
CC
CC
68
30
30
58
CC
CC
CC
ENDCHAR
STARTCHAR 0426
ENCODING 1062
SWIDTH 500 0
DWIDTH 8 0
BBX 7 10 1 -1
BITMAP
CC
CC
CC
CC
CC
CC
CC
CC
FE
06
ENDCHAR
STARTCHAR 0427
ENCODING 1063
SWIDTH 500 0
DWIDTH 8 0
BBX 6 9 1 0
BITMAP
CC
CC
CC
CC
CC
7C
0C
0C
0C
ENDCHAR
STARTCHAR 0428
ENCODING 1064
SWIDTH 500 0
DWIDTH 8 0
BBX 7 9 1 0
BITMAP
D6
D6
D6
D6
D6
D6
D6
D6
FE
ENDCHAR
STARTCHAR 0429
ENCODING 1065
SWIDTH 500 0
DWIDTH 8 0
BBX 7 10 1 -1
BITMAP
D6
D6
D6
D6
D6
D6
D6
D6
FE
06
ENDCHAR
STARTCHAR 042A
ENCODING 1066
SWIDTH 500 0
DWIDTH 8 0
BBX 7 9 0 0
BITMAP
E0
E0
60
60
7C
66
66
66
7C
ENDCHAR
STARTCHAR 042B
ENCODING 1067
SWIDTH 500 0
DWIDTH 8 0
BBX 7 9 1 0
BITMAP
C6
C6
C6
C6
F6
DE
DE
DE
F6
ENDCHAR
STARTCHAR 042C
ENCODING 1068
SWIDTH 500 0
DWIDTH 8 0
BBX 6 9 1 0
BITMAP
C0
C0
C0
C0
F8
CC
CC
CC
F8
ENDCHAR
STARTCHAR 042D
ENCODING 1069
SWIDTH 500 0
DWIDTH 8 0
BBX 6 9 1 0
BITMAP
78
CC
CC
0C
7C
0C
CC
CC
78
ENDCHAR
STARTCHAR 042E
ENCODING 1070
SWIDTH 500 0
DWIDTH 8 0
BBX 8 9 0 0
BITMAP
CE
DB
DB
DB
FB
DB
DB
DB
CE
ENDCHAR
STARTCHAR 042F
ENCODING 1071
SWIDTH 500 0
DWIDTH 8 0
BBX 6 9 1 0
BITMAP
7C
CC
CC
CC
7C
6C
CC
CC
CC
ENDCHAR
STARTCHAR 0430
ENCODING 1072
SWIDTH 500 0
DWIDTH 8 0
BBX 6 7 1 0
BITMAP
78
0C
0C
7C
CC
CC
7C
ENDCHAR
STARTCHAR 0431
ENCODING 1073
SWIDTH 500 0
DWIDTH 8 0
BBX 6 9 1 0
BITMAP
0C
78
C0
F8
CC
CC
CC
CC
78
ENDCHAR
STARTCHAR 0432
ENCODING 1074
SWIDTH 500 0
DWIDTH 8 0
BBX 6 7 1 0
BITMAP
F8
CC
CC
F8
CC
CC
F8
ENDCHAR
STARTCHAR 0433
ENCODING 1075
SWIDTH 500 0
DWIDTH 8 0
BBX 6 7 1 0
BITMAP
FC
C0
C0
C0
C0
C0
C0
ENDCHAR
STARTCHAR 0434
ENCODING 1076
SWIDTH 500 0
DWIDTH 8 0
BBX 8 8 0 -1
BITMAP
3E
66
66
66
66
66
FF
C3
ENDCHAR
STARTCHAR 0435
ENCODING 1077
SWIDTH 500 0
DWIDTH 8 0
BBX 6 7 1 0
BITMAP
78
CC
CC
FC
C0
C0
78
ENDCHAR
STARTCHAR 0436
ENCODING 1078
SWIDTH 500 0
DWIDTH 8 0
BBX 7 7 1 0
BITMAP
92
D6
7C
38
7C
D6
92
ENDCHAR
STARTCHAR 0437
ENCODING 1079
SWIDTH 500 0
DWIDTH 8 0
BBX 6 7 1 0
BITMAP
78
CC
0C
38
0C
CC
78
ENDCHAR
STARTCHAR 0438
ENCODING 1080
SWIDTH 500 0
DWIDTH 8 0
BBX 7 7 1 0
BITMAP
C6
CE
DE
F6
E6
C6
C6
ENDCHAR
STARTCHAR 0439
ENCODING 1081
SWIDTH 500 0
DWIDTH 8 0
BBX 7 11 1 0
BITMAP
CC
CC
78
00
C6
CE
DE
F6
E6
C6
C6
ENDCHAR
STARTCHAR 043A
ENCODING 1082
SWIDTH 500 0
DWIDTH 8 0
BBX 7 7 1 0
BITMAP
C6
CE
D8
F0
D8
CC
C6
ENDCHAR
STARTCHAR 043B
ENCODING 1083
SWIDTH 500 0
DWIDTH 8 0
BBX 7 7 0 0
BITMAP
3E
66
66
66
66
66
C6
ENDCHAR
STARTCHAR 043C
ENCODING 1084
SWIDTH 500 0
DWIDTH 8 0
BBX 7 7 1 0
BITMAP
C6
C6
EE
D6
D6
C6
C6
ENDCHAR
STARTCHAR 043D
ENCODING 1085
SWIDTH 500 0
DWIDTH 8 0
BBX 6 7 1 0
BITMAP
CC
CC
CC
FC
CC
CC
CC
ENDCHAR
STARTCHAR 043E
ENCODING 1086
SWIDTH 500 0
DWIDTH 8 0
BBX 6 7 1 0
BITMAP
78
CC
CC
CC
CC
CC
78
ENDCHAR
STARTCHAR 043F
ENCODING 1087
SWIDTH 500 0
DWIDTH 8 0
BBX 6 7 1 0
BITMAP
FC
CC
CC
CC
CC
CC
CC
ENDCHAR
STARTCHAR 0440
ENCODING 1088
SWIDTH 500 0
DWIDTH 8 0
BBX 6 10 1 -3
BITMAP
F8
CC
CC
CC
CC
CC
F8
C0
C0
C0
ENDCHAR
STARTCHAR 0441
ENCODING 1089
SWIDTH 500 0
DWIDTH 8 0
BBX 6 7 1 0
BITMAP
78
CC
C0
C0
C0
CC
78
ENDCHAR
STARTCHAR 0442
ENCODING 1090
SWIDTH 500 0
DWIDTH 8 0
BBX 6 7 1 0
BITMAP
FC
30
30
30
30
30
30
ENDCHAR
STARTCHAR 0443
ENCODING 1091
SWIDTH 500 0
DWIDTH 8 0
BBX 7 10 0 -3
BITMAP
66
66
66
66
66
66
3C
0C
18
F0
ENDCHAR
STARTCHAR 0444
ENCODING 1092
SWIDTH 500 0
DWIDTH 8 0
BBX 7 10 1 -2
BITMAP
10
7C
D6
D6
D6
D6
D6
7C
10
10
ENDCHAR
STARTCHAR 0445
ENCODING 1093
SWIDTH 500 0
DWIDTH 8 0
BBX 6 7 1 0
BITMAP
CC
CC
78
30
78
CC
CC
ENDCHAR
STARTCHAR 0446
ENCODING 1094
SWIDTH 500 0
DWIDTH 8 0
BBX 7 8 1 -1
BITMAP
CC
CC
CC
CC
CC
CC
FE
06
ENDCHAR
STARTCHAR 0447
ENCODING 1095
SWIDTH 500 0
DWIDTH 8 0
BBX 6 7 1 0
BITMAP
CC
CC
CC
CC
7C
0C
0C
ENDCHAR
STARTCHAR 0448
ENCODING 1096
SWIDTH 500 0
DWIDTH 8 0
BBX 7 7 1 0
BITMAP
D6
D6
D6
D6
D6
D6
FE
ENDCHAR
STARTCHAR 0449
ENCODING 1097
SWIDTH 500 0
DWIDTH 8 0
BBX 7 8 1 -1
BITMAP
D6
D6
D6
D6
D6
D6
FE
06
ENDCHAR
STARTCHAR 044A
ENCODING 1098
SWIDTH 500 0
DWIDTH 8 0
BBX 7 7 0 0
BITMAP
E0
E0
60
7C
66
66
7C
ENDCHAR
STARTCHAR 044B
ENCODING 1099
SWIDTH 500 0
DWIDTH 8 0
BBX 7 7 1 0
BITMAP
C6
C6
C6
F6
DE
DE
F6
ENDCHAR
STARTCHAR 044C
ENCODING 1100
SWIDTH 500 0
DWIDTH 8 0
BBX 6 7 1 0
BITMAP
C0
C0
C0
F8
CC
CC
F8
ENDCHAR
STARTCHAR 044D
ENCODING 1101
SWIDTH 500 0
DWIDTH 8 0
BBX 6 7 1 0
BITMAP
78
CC
0C
7C
0C
CC
78
ENDCHAR
STARTCHAR 044E
ENCODING 1102
SWIDTH 500 0
DWIDTH 8 0
BBX 7 7 1 0
BITMAP
CC
D6
D6
F6
D6
D6
CC
ENDCHAR
STARTCHAR 044F
ENCODING 1103
SWIDTH 500 0
DWIDTH 8 0
BBX 6 7 1 0
BITMAP
7C
CC
CC
7C
CC
CC
CC
ENDCHAR
STARTCHAR 0450
ENCODING 1104
SWIDTH 500 0
DWIDTH 8 0
BBX 6 11 1 0
BITMAP
E0
60
30
00
78
CC
CC
FC
C0
C0
78
ENDCHAR
STARTCHAR 0451
ENCODING 1105
SWIDTH 500 0
DWIDTH 8 0
BBX 6 10 1 0
BITMAP
CC
CC
00
78
CC
CC
FC
C0
C0
78
ENDCHAR
STARTCHAR 0452
ENCODING 1106
SWIDTH 500 0
DWIDTH 8 0
BBX 7 12 0 -3
BITMAP
60
FC
60
7C
66
66
66
66
66
06
06
1C
ENDCHAR
STARTCHAR 0453
ENCODING 1107
SWIDTH 500 0
DWIDTH 8 0
BBX 6 11 1 0
BITMAP
1C
18
30
00
FC
C0
C0
C0
C0
C0
C0
ENDCHAR
STARTCHAR 0454
ENCODING 1108
SWIDTH 500 0
DWIDTH 8 0
BBX 6 7 1 0
BITMAP
78
CC
C0
F8
C0
CC
78
ENDCHAR
STARTCHAR 0455
ENCODING 1109
SWIDTH 500 0
DWIDTH 8 0
BBX 6 7 1 0
BITMAP
7C
C0
C0
78
0C
0C
F8
ENDCHAR
STARTCHAR 0456
ENCODING 1110
SWIDTH 500 0
DWIDTH 8 0
BBX 6 10 1 0
BITMAP
30
30
00
F0
30
30
30
30
30
FC
ENDCHAR
STARTCHAR 0457
ENCODING 1111
SWIDTH 500 0
DWIDTH 8 0
BBX 6 10 1 0
BITMAP
CC
CC
00
F0
30
30
30
30
30
FC
ENDCHAR
STARTCHAR 0458
ENCODING 1112
SWIDTH 500 0
DWIDTH 8 0
BBX 5 13 1 -3
BITMAP
18
18
00
78
18
18
18
18
18
18
18
18
F0
ENDCHAR
STARTCHAR 0459
ENCODING 1113
SWIDTH 500 0
DWIDTH 8 0
BBX 8 7 0 0
BITMAP
3C
6C
6C
6E
6D
6D
CE
ENDCHAR
STARTCHAR 045A
ENCODING 1114
SWIDTH 500 0
DWIDTH 8 0
BBX 7 7 1 0
BITMAP
D8
D8
D8
FC
DA
DA
DC
ENDCHAR
STARTCHAR 045B
ENCODING 1115
SWIDTH 500 0
DWIDTH 8 0
BBX 7 9 0 0
BITMAP
60
FC
60
7C
66
66
66
66
66
ENDCHAR
STARTCHAR 045C
ENCODING 1116
SWIDTH 500 0
DWIDTH 8 0
BBX 7 11 1 0
BITMAP
1C
18
30
00
C6
CE
D8
F0
D8
CC
C6
ENDCHAR
STARTCHAR 045D
ENCODING 1117
SWIDTH 500 0
DWIDTH 8 0
BBX 7 11 1 0
BITMAP
70
30
18
00
C6
CE
DE
F6
E6
C6
C6
ENDCHAR
STARTCHAR 045E
ENCODING 1118
SWIDTH 500 0
DWIDTH 8 0
BBX 7 14 0 -3
BITMAP
66
66
3C
00
66
66
66
66
66
66
3C
0C
18
F0
ENDCHAR
STARTCHAR 045F
ENCODING 1119
SWIDTH 500 0
DWIDTH 8 0
BBX 6 9 1 -2
BITMAP
CC
CC
CC
CC
CC
CC
FC
30
30
ENDCHAR
STARTCHAR 0460
ENCODING 1120
SWIDTH 1000 0
DWIDTH 16 0
BBX 14 9 1 0
BITMAP
3870
6CD8
CCCC
D86C
C00C
C30C
C30C
6798
3CF0
ENDCHAR
STARTCHAR 0461
ENCODING 1121
SWIDTH 500 0
DWIDTH 8 0
BBX 7 7 1 0
BITMAP
DA
DA
DA
DA
DA
6C
6C
ENDCHAR
STARTCHAR 0462
ENCODING 1122
SWIDTH 500 0
DWIDTH 8 0
BBX 8 10 0 0
BITMAP
70
60
FE
60
7E
63
63
63
63
7E
ENDCHAR
STARTCHAR 0463
ENCODING 1123
SWIDTH 500 0
DWIDTH 8 0
BBX 7 9 0 0
BITMAP
70
60
FC
60
7C
66
66
66
7C
ENDCHAR
STARTCHAR 0464
ENCODING 1124
SWIDTH 750 0
DWIDTH 12 0
BBX 10 9 1 0
BITMAP
C780
CCC0
CCC0
CC00
FF80
CC00
CCC0
CCC0
C780
ENDCHAR
STARTCHAR 0465
ENCODING 1125
SWIDTH 750 0
DWIDTH 12 0
BBX 10 7 1 0
BITMAP
C780
CCC0
CC00
FF80
CC00
CCC0
C780
ENDCHAR
STARTCHAR 0466
ENCODING 1126
SWIDTH 500 0
DWIDTH 8 0
BBX 8 9 0 0
BITMAP
18
3C
66
66
E7
DB
DB
DB
DB
ENDCHAR
STARTCHAR 0467
ENCODING 1127
SWIDTH 500 0
DWIDTH 8 0
BBX 8 7 0 0
BITMAP
18
3C
66
E7
DB
DB
DB
ENDCHAR
STARTCHAR 0468
ENCODING 1128
SWIDTH 1000 0
DWIDTH 16 0
BBX 12 9 2 0
BITMAP
C180
C3C0
C660
C660
FE70
CDB0
CDB0
CDB0
CDB0
ENDCHAR
STARTCHAR 0469
ENCODING 1129
SWIDTH 1000 0
DWIDTH 16 0
BBX 12 7 2 0
BITMAP
C180
C3C0
C660
FE70
CDB0
CDB0
CDB0
ENDCHAR
STARTCHAR 046A
ENCODING 1130
SWIDTH 500 0
DWIDTH 8 0
BBX 8 9 0 0
BITMAP
7E
66
3C
18
7E
DB
DB
DB
DB
ENDCHAR
STARTCHAR 046B
ENCODING 1131
SWIDTH 500 0
DWIDTH 8 0
BBX 8 7 0 0
BITMAP
7E
66
3C
7E
DB
DB
DB
ENDCHAR
STARTCHAR 046C
ENCODING 1132
SWIDTH 1000 0
DWIDTH 16 0
BBX 12 9 2 0
BITMAP
C7E0
C660
C3C0
C180
FFE0
CDB0
CDB0
CDB0
CDB0
ENDCHAR
STARTCHAR 046D
ENCODING 1133
SWIDTH 1000 0
DWIDTH 16 0
BBX 12 7 2 0
BITMAP
C7E0
C660
C3C0
FFE0
CDB0
CDB0
CDB0
ENDCHAR
STARTCHAR 046E
ENCODING 1134
SWIDTH 500 0
DWIDTH 8 0
BBX 6 15 1 -3
BITMAP
6C
38
00
78
CC
0C
0C
78
CC
0C
0C
78
C0
CC
7C
ENDCHAR
STARTCHAR 046F
ENCODING 1135
SWIDTH 500 0
DWIDTH 8 0
BBX 6 14 1 -3
BITMAP
CC
78
30
00
78
CC
0C
78
CC
0C
78
C0
CC
7C
ENDCHAR
STARTCHAR 0470
ENCODING 1136
SWIDTH 500 0
DWIDTH 8 0
BBX 7 9 1 0
BITMAP
DA
DA
DA
DA
7C
18
18
18
18
ENDCHAR
STARTCHAR 0471
ENCODING 1137
SWIDTH 500 0
DWIDTH 8 0
BBX 7 10 1 -3
BITMAP
DA
DA
DA
DA
DA
DA
7C
18
18
18
ENDCHAR
STARTCHAR 0472
ENCODING 1138
SWIDTH 500 0
DWIDTH 8 0
BBX 7 9 1 0
BITMAP
7C
C6
C6
F6
D6
DE
C6
C6
7C
ENDCHAR
STARTCHAR 0473
ENCODING 1139
SWIDTH 500 0
DWIDTH 8 0
BBX 7 7 1 0
BITMAP
7C
C6
F6
D6
DE
C6
7C
ENDCHAR
STARTCHAR 0474
ENCODING 1140
SWIDTH 750 0
DWIDTH 12 0
BBX 10 9 1 0
BITMAP
C380
C6C0
C6C0
6C00
6C00
6C00
3800
3800
1000
ENDCHAR
STARTCHAR 0475
ENCODING 1141
SWIDTH 750 0
DWIDTH 12 0
BBX 10 7 1 0
BITMAP
C380
C6C0
6CC0
6C00
3800
3800
1000
ENDCHAR
STARTCHAR 0476
ENCODING 1142
SWIDTH 750 0
DWIDTH 12 0
BBX 10 12 1 0
BITMAP
D800
6C00
0000
C380
C6C0
C6C0
6C00
6C00
6C00
3800
3800
1000
ENDCHAR
STARTCHAR 0477
ENCODING 1143
SWIDTH 750 0
DWIDTH 12 0
BBX 11 11 0 0
BITMAP
EE00
6600
3300
0000
61C0
6360
3660
3600
1C00
1C00
0800
ENDCHAR
STARTCHAR 0478
ENCODING 1144
SWIDTH 1250 0
DWIDTH 20 0
BBX 18 12 1 -3
BITMAP
780000
C60000
C330C0
C33180
C31980
C31980
C31B00
630F00
1E0E00
000600
000C00
001800
ENDCHAR
STARTCHAR 0479
ENCODING 1145
SWIDTH 1250 0
DWIDTH 20 0
BBX 18 10 1 -3
BITMAP
7830C0
C63180
C31980
C31980
C31B00
630F00
1E0E00
000600
000C00
001800
ENDCHAR
STARTCHAR 047A
ENCODING 1146
SWIDTH 750 0
DWIDTH 12 0
BBX 10 11 1 -1
BITMAP
0C00
7F80
CCC0
C0C0
C0C0
C0C0
C0C0
C0C0
CCC0
7F80
0C00
ENDCHAR
STARTCHAR 047B
ENCODING 1147
SWIDTH 750 0
DWIDTH 12 0
BBX 10 9 1 -1
BITMAP
0C00
7F80
CCC0
C0C0
C0C0
C0C0
CCC0
7F80
0C00
ENDCHAR
STARTCHAR 047C
ENCODING 1148
SWIDTH 750 0
DWIDTH 12 0
BBX 11 12 1 0
BITMAP
00C0
0780
0C00
60C0
C060
C060
C060
C060
C060
C460
CE60
7BC0
ENDCHAR
STARTCHAR 047D
ENCODING 1149
SWIDTH 750 0
DWIDTH 12 0
BBX 10 11 1 0
BITMAP
0300
1E00
3000
0000
7380
C0C0
C0C0
C0C0
CCC0
DEC0
7380
ENDCHAR
STARTCHAR 047E
ENCODING 1150
SWIDTH 1000 0
DWIDTH 16 0
BBX 14 12 1 0
BITMAP
7FF8
3330
0000
3870
6CD8
CCCC
D86C
C00C
C30C
C30C
6798
3CF0
ENDCHAR
STARTCHAR 047F
ENCODING 1151
SWIDTH 500 0
DWIDTH 8 0
BBX 7 10 1 0
BITMAP
FE
54
00
DA
DA
DA
DA
DA
6C
6C
ENDCHAR
STARTCHAR 0480
ENCODING 1152
SWIDTH 500 0
DWIDTH 8 0
BBX 6 9 1 0
BITMAP
78
CC
CC
C0
C0
78
18
18
18
ENDCHAR
STARTCHAR 0481
ENCODING 1153
SWIDTH 500 0
DWIDTH 8 0
BBX 6 10 1 -3
BITMAP
78
CC
C0
C0
C0
CC
7C
0C
0C
0C
ENDCHAR
STARTCHAR 0482
ENCODING 1154
SWIDTH 500 0
DWIDTH 8 0
BBX 8 10 0 -1
BITMAP
06
36
1C
0E
1B
D8
70
38
6C
60
ENDCHAR
STARTCHAR 0483
ENCODING 1155
SWIDTH 0 0
DWIDTH 0 0
BBX 6 3 -7 8
BITMAP
0C
78
C0
ENDCHAR
STARTCHAR 0484
ENCODING 1156
SWIDTH 0 0
DWIDTH 0 0
BBX 7 3 -7 8
BITMAP
1C
36
E6
ENDCHAR
STARTCHAR 0485
ENCODING 1157
SWIDTH 0 0
DWIDTH 0 0
BBX 6 3 -7 8
BITMAP
C0
FC
C0
ENDCHAR
STARTCHAR 0486
ENCODING 1158
SWIDTH 0 0
DWIDTH 0 0
BBX 6 3 -7 8
BITMAP
0C
FC
0C
ENDCHAR
STARTCHAR 0488
ENCODING 1160
SWIDTH 437 0
DWIDTH 7 0
BBX 20 15 -14 -3
BITMAP
006000
009000
180180
240240
000000
000000
000000
600060
900090
000000
000000
180180
240240
006000
009000
ENDCHAR
STARTCHAR 0489
ENCODING 1161
SWIDTH 375 0
DWIDTH 6 0
BBX 17 17 -12 -4
BITMAP
010000
018000
218E00
300C00
300000
000000
000000
000380
600300
E00000
000000
000000
000600
180600
38C200
00C000
004000
ENDCHAR
STARTCHAR 048A
ENCODING 1162
SWIDTH 500 0
DWIDTH 8 0
BBX 7 14 1 -2
BITMAP
CC
78
00
C6
C6
CE
DE
F6
E6
C6
C6
C6
0C
18
ENDCHAR
STARTCHAR 048B
ENCODING 1163
SWIDTH 500 0
DWIDTH 8 0
BBX 7 13 1 -2
BITMAP
CC
CC
78
00
C6
CE
DE
F6
E6
C6
C6
0C
18
ENDCHAR
STARTCHAR 048C
ENCODING 1164
SWIDTH 500 0
DWIDTH 8 0
BBX 7 9 0 0
BITMAP
60
F8
60
60
60
7C
66
66
7C
ENDCHAR
STARTCHAR 048D
ENCODING 1165
SWIDTH 500 0
DWIDTH 8 0
BBX 7 9 0 0
BITMAP
60
F8
60
60
60
7C
66
66
7C
ENDCHAR
STARTCHAR 048E
ENCODING 1166
SWIDTH 500 0
DWIDTH 8 0
BBX 7 9 1 0
BITMAP
FC
C6
F6
DE
FC
C6
C0
C0
C0
ENDCHAR
STARTCHAR 048F
ENCODING 1167
SWIDTH 500 0
DWIDTH 8 0
BBX 7 10 1 -3
BITMAP
FC
C6
C6
C6
F6
DE
FC
C6
C0
C0
ENDCHAR
STARTCHAR 0490
ENCODING 1168
SWIDTH 500 0
DWIDTH 8 0
BBX 6 11 1 0
BITMAP
0C
0C
FC
C0
C0
C0
C0
C0
C0
C0
C0
ENDCHAR
STARTCHAR 0491
ENCODING 1169
SWIDTH 500 0
DWIDTH 8 0
BBX 6 9 1 0
BITMAP
0C
0C
FC
C0
C0
C0
C0
C0
C0
ENDCHAR
STARTCHAR 0492
ENCODING 1170
SWIDTH 500 0
DWIDTH 8 0
BBX 7 9 0 0
BITMAP
7E
60
60
60
FC
60
60
60
60
ENDCHAR
STARTCHAR 0493
ENCODING 1171
SWIDTH 500 0
DWIDTH 8 0
BBX 7 7 0 0
BITMAP
7E
60
60
FC
60
60
60
ENDCHAR
STARTCHAR 0494
ENCODING 1172
SWIDTH 500 0
DWIDTH 8 0
BBX 6 12 1 -3
BITMAP
FC
C0
C0
F8
CC
CC
CC
CC
CC
0C
0C
78
ENDCHAR
STARTCHAR 0495
ENCODING 1173
SWIDTH 500 0
DWIDTH 8 0
BBX 6 10 1 -3
BITMAP
FC
C0
C0
F8
CC
CC
CC
0C
0C
78
ENDCHAR
STARTCHAR 0496
ENCODING 1174
SWIDTH 500 0
DWIDTH 8 0
BBX 8 11 0 -2
BITMAP
DB
DB
7E
3C
3C
7E
5A
DB
DB
03
03
ENDCHAR
STARTCHAR 0497
ENCODING 1175
SWIDTH 500 0
DWIDTH 8 0
BBX 7 8 1 -1
BITMAP
92
D6
7C
38
7C
D6
96
06
ENDCHAR
STARTCHAR 0498
ENCODING 1176
SWIDTH 500 0
DWIDTH 8 0
BBX 6 12 1 -3
BITMAP
78
CC
CC
0C
38
0C
CC
CC
78
30
30
E0
ENDCHAR
STARTCHAR 0499
ENCODING 1177
SWIDTH 500 0
DWIDTH 8 0
BBX 6 10 1 -3
BITMAP
78
CC
0C
38
0C
CC
78
30
30
E0
ENDCHAR
STARTCHAR 049A
ENCODING 1178
SWIDTH 500 0
DWIDTH 8 0
BBX 7 11 1 -2
BITMAP
C6
CE
D8
D8
F0
D8
CC
CC
C6
06
06
ENDCHAR
STARTCHAR 049B
ENCODING 1179
SWIDTH 500 0
DWIDTH 8 0
BBX 7 9 1 -2
BITMAP
C6
CE
D8
F0
D8
CC
C6
06
06
ENDCHAR
STARTCHAR 049C
ENCODING 1180
SWIDTH 500 0
DWIDTH 8 0
BBX 7 9 1 0
BITMAP
C6
D6
D4
DC
F8
DC
D6
D6
C6
ENDCHAR
STARTCHAR 049D
ENCODING 1181
SWIDTH 500 0
DWIDTH 8 0
BBX 7 7 1 0
BITMAP
D6
D6
DC
F8
DC
D6
D6
ENDCHAR
STARTCHAR 049E
ENCODING 1182
SWIDTH 500 0
DWIDTH 8 0
BBX 8 9 0 0
BITMAP
63
F7
7C
7C
78
6C
66
66
63
ENDCHAR
STARTCHAR 049F
ENCODING 1183
SWIDTH 500 0
DWIDTH 8 0
BBX 7 9 0 0
BITMAP
60
F8
66
66
6C
78
6C
66
66
ENDCHAR
STARTCHAR 04A0
ENCODING 1184
SWIDTH 750 0
DWIDTH 12 0
BBX 10 9 1 0
BITMAP
F8C0
19C0
1B00
1B00
1E00
1B00
1980
1980
18C0
ENDCHAR
STARTCHAR 04A1
ENCODING 1185
SWIDTH 750 0
DWIDTH 12 0
BBX 10 7 1 0
BITMAP
F8C0
19C0
1B00
1E00
1B00
1980
18C0
ENDCHAR
STARTCHAR 04A2
ENCODING 1186
SWIDTH 500 0
DWIDTH 8 0
BBX 7 11 1 -2
BITMAP
CC
CC
CC
CC
FC
CC
CC
CC
CE
06
06
ENDCHAR
STARTCHAR 04A3
ENCODING 1187
SWIDTH 500 0
DWIDTH 8 0
BBX 7 9 1 -2
BITMAP
CC
CC
CC
FC
CC
CC
CE
06
06
ENDCHAR
STARTCHAR 04A4
ENCODING 1188
SWIDTH 500 0
DWIDTH 8 0
BBX 7 9 1 0
BITMAP
CE
CC
CC
CC
FC
CC
CC
CC
CC
ENDCHAR
STARTCHAR 04A5
ENCODING 1189
SWIDTH 500 0
DWIDTH 8 0
BBX 7 7 1 0
BITMAP
CE
CC
CC
FC
CC
CC
CC
ENDCHAR
STARTCHAR 04A6
ENCODING 1190
SWIDTH 500 0
DWIDTH 8 0
BBX 8 12 0 -3
BITMAP
F8
D8
D8
DE
DB
DB
DB
DB
DB
03
03
0E
ENDCHAR
STARTCHAR 04A7
ENCODING 1191
SWIDTH 500 0
DWIDTH 8 0
BBX 7 10 1 -3
BITMAP
F0
B0
B0
BC
B6
B6
B6
06
06
1C
ENDCHAR
STARTCHAR 04A8
ENCODING 1192
SWIDTH 500 0
DWIDTH 8 0
BBX 7 11 1 -2
BITMAP
78
CC
C0
CC
DA
DA
DA
DA
7C
18
0E
ENDCHAR
STARTCHAR 04A9
ENCODING 1193
SWIDTH 500 0
DWIDTH 8 0
BBX 7 9 1 -2
BITMAP
78
CC
C0
CC
DA
DA
7C
18
0E
ENDCHAR
STARTCHAR 04AA
ENCODING 1194
SWIDTH 500 0
DWIDTH 8 0
BBX 6 12 1 -3
BITMAP
78
CC
CC
C0
C0
C0
CC
CC
78
30
30
E0
ENDCHAR
STARTCHAR 04AB
ENCODING 1195
SWIDTH 500 0
DWIDTH 8 0
BBX 6 10 1 -3
BITMAP
78
CC
C0
C0
C0
CC
78
30
30
E0
ENDCHAR
STARTCHAR 04AC
ENCODING 1196
SWIDTH 500 0
DWIDTH 8 0
BBX 6 11 1 -2
BITMAP
FC
30
30
30
30
30
30
30
38
18
18
ENDCHAR
STARTCHAR 04AD
ENCODING 1197
SWIDTH 500 0
DWIDTH 8 0
BBX 6 9 1 -2
BITMAP
FC
30
30
30
30
30
38
18
18
ENDCHAR
STARTCHAR 04AE
ENCODING 1198
SWIDTH 500 0
DWIDTH 8 0
BBX 6 9 1 0
BITMAP
CC
CC
CC
CC
78
30
30
30
30
ENDCHAR
STARTCHAR 04AF
ENCODING 1199
SWIDTH 500 0
DWIDTH 8 0
BBX 6 10 1 -3
BITMAP
CC
CC
CC
CC
CC
78
30
30
30
30
ENDCHAR
STARTCHAR 04B0
ENCODING 1200
SWIDTH 500 0
DWIDTH 8 0
BBX 6 9 1 0
BITMAP
CC
CC
CC
CC
78
30
FC
30
30
ENDCHAR
STARTCHAR 04B1
ENCODING 1201
SWIDTH 500 0
DWIDTH 8 0
BBX 6 10 1 -3
BITMAP
CC
CC
CC
CC
CC
78
30
FC
30
30
ENDCHAR
STARTCHAR 04B2
ENCODING 1202
SWIDTH 500 0
DWIDTH 8 0
BBX 7 11 1 -2
BITMAP
CC
CC
68
30
30
58
CC
CC
CE
06
06
ENDCHAR
STARTCHAR 04B3
ENCODING 1203
SWIDTH 500 0
DWIDTH 8 0
BBX 7 9 1 -2
BITMAP
CC
CC
78
30
78
CC
CE
06
06
ENDCHAR
STARTCHAR 04B4
ENCODING 1204
SWIDTH 500 0
DWIDTH 8 0
BBX 8 11 0 -2
BITMAP
F6
66
66
66
66
66
66
66
7F
03
03
ENDCHAR
STARTCHAR 04B5
ENCODING 1205
SWIDTH 500 0
DWIDTH 8 0
BBX 8 9 0 -2
BITMAP
F6
66
66
66
66
66
7F
03
03
ENDCHAR
STARTCHAR 04B6
ENCODING 1206
SWIDTH 500 0
DWIDTH 8 0
BBX 7 11 1 -2
BITMAP
CC
CC
CC
CC
CC
7C
0C
0C
0E
06
06
ENDCHAR
STARTCHAR 04B7
ENCODING 1207
SWIDTH 500 0
DWIDTH 8 0
BBX 7 9 1 -2
BITMAP
CC
CC
CC
CC
7C
0C
0E
06
06
ENDCHAR
STARTCHAR 04B8
ENCODING 1208
SWIDTH 500 0
DWIDTH 8 0
BBX 7 9 1 0
BITMAP
C6
C6
C6
D6
D6
7E
16
16
06
ENDCHAR
STARTCHAR 04B9
ENCODING 1209
SWIDTH 500 0
DWIDTH 8 0
BBX 7 7 1 0
BITMAP
C6
C6
D6
D6
7E
16
16
ENDCHAR
STARTCHAR 04BA
ENCODING 1210
SWIDTH 500 0
DWIDTH 8 0
BBX 7 9 1 0
BITMAP
C0
C0
FC
C6
C6
C6
C6
C6
C6
ENDCHAR
STARTCHAR 04BB
ENCODING 1211
SWIDTH 500 0
DWIDTH 8 0
BBX 6 9 1 0
BITMAP
C0
C0
F8
CC
CC
CC
CC
CC
CC
ENDCHAR
STARTCHAR 04BC
ENCODING 1212
SWIDTH 750 0
DWIDTH 12 0
BBX 10 9 1 0
BITMAP
6780
CCC0
CCC0
7FC0
0C00
0C00
0CC0
0CC0
0780
ENDCHAR
STARTCHAR 04BD
ENCODING 1213
SWIDTH 750 0
DWIDTH 12 0
BBX 10 7 1 0
BITMAP
6780
CCC0
CCC0
7FC0
0C00
0C00
0780
ENDCHAR
STARTCHAR 04BE
ENCODING 1214
SWIDTH 750 0
DWIDTH 12 0
BBX 10 12 1 -3
BITMAP
6780
CCC0
CCC0
7FC0
0C00
0C00
0CC0
0CC0
0780
0300
0340
0180
ENDCHAR
STARTCHAR 04BF
ENCODING 1215
SWIDTH 750 0
DWIDTH 12 0
BBX 10 10 1 -3
BITMAP
6780
CCC0
CCC0
7FC0
0C00
0C00
0780
0300
0340
0180
ENDCHAR
STARTCHAR 04C0
ENCODING 1216
SWIDTH 500 0
DWIDTH 8 0
BBX 4 9 2 0
BITMAP
F0
60
60
60
60
60
60
60
F0
ENDCHAR
STARTCHAR 04C1
ENCODING 1217
SWIDTH 500 0
DWIDTH 8 0
BBX 8 12 0 0
BITMAP
66
3C
00
DB
DB
7E
3C
3C
7E
5A
DB
DB
ENDCHAR
STARTCHAR 04C2
ENCODING 1218
SWIDTH 500 0
DWIDTH 8 0
BBX 7 11 1 0
BITMAP
6C
6C
38
00
92
D6
7C
38
7C
D6
92
ENDCHAR
STARTCHAR 04C3
ENCODING 1219
SWIDTH 500 0
DWIDTH 8 0
BBX 7 12 1 -3
BITMAP
C6
CE
D8
F8
CC
C6
C6
C6
C6
06
0C
78
ENDCHAR
STARTCHAR 04C4
ENCODING 1220
SWIDTH 500 0
DWIDTH 8 0
BBX 7 10 1 -3
BITMAP
C6
CE
F8
CC
C6
C6
C6
06
0C
78
ENDCHAR
STARTCHAR 04C5
ENCODING 1221
SWIDTH 500 0
DWIDTH 8 0
BBX 7 11 1 -2
BITMAP
7E
66
66
66
66
66
66
C6
C6
0C
18
ENDCHAR
STARTCHAR 04C6
ENCODING 1222
SWIDTH 500 0
DWIDTH 8 0
BBX 7 9 1 -2
BITMAP
7E
66
66
66
66
C6
C6
0C
18
ENDCHAR
STARTCHAR 04C7
ENCODING 1223
SWIDTH 500 0
DWIDTH 8 0
BBX 6 12 1 -3
BITMAP
CC
CC
CC
CC
FC
CC
CC
CC
CC
0C
0C
78
ENDCHAR
STARTCHAR 04C8
ENCODING 1224
SWIDTH 500 0
DWIDTH 8 0
BBX 6 10 1 -3
BITMAP
CC
CC
CC
FC
CC
CC
CC
0C
0C
78
ENDCHAR
STARTCHAR 04C9
ENCODING 1225
SWIDTH 500 0
DWIDTH 8 0
BBX 7 11 1 -2
BITMAP
CC
CC
CC
CC
FC
CC
CC
CC
CE
0C
18
ENDCHAR
STARTCHAR 04CA
ENCODING 1226
SWIDTH 500 0
DWIDTH 8 0
BBX 7 9 1 -2
BITMAP
CC
CC
CC
FC
CC
CC
CE
0C
18
ENDCHAR
STARTCHAR 04CB
ENCODING 1227
SWIDTH 500 0
DWIDTH 8 0
BBX 6 11 1 -2
BITMAP
CC
CC
CC
CC
CC
7C
0C
0C
1C
18
18
ENDCHAR
STARTCHAR 04CC
ENCODING 1228
SWIDTH 500 0
DWIDTH 8 0
BBX 6 9 1 -2
BITMAP
CC
CC
CC
CC
7C
0C
1C
18
18
ENDCHAR
STARTCHAR 04CD
ENCODING 1229
SWIDTH 500 0
DWIDTH 8 0
BBX 7 11 1 -2
BITMAP
C6
C6
EE
D6
D6
D6
C6
C6
C6
0C
18
ENDCHAR
STARTCHAR 04CE
ENCODING 1230
SWIDTH 500 0
DWIDTH 8 0
BBX 7 9 1 -2
BITMAP
C6
EE
D6
D6
C6
C6
C6
0C
18
ENDCHAR
STARTCHAR 04D0
ENCODING 1232
SWIDTH 500 0
DWIDTH 8 0
BBX 6 12 1 0
BITMAP
CC
78
00
30
78
CC
CC
CC
FC
CC
CC
CC
ENDCHAR
STARTCHAR 04D1
ENCODING 1233
SWIDTH 500 0
DWIDTH 8 0
BBX 6 11 1 0
BITMAP
CC
CC
78
00
78
0C
0C
7C
CC
CC
7C
ENDCHAR
STARTCHAR 04D2
ENCODING 1234
SWIDTH 500 0
DWIDTH 8 0
BBX 6 12 1 0
BITMAP
CC
CC
00
30
78
CC
CC
CC
FC
CC
CC
CC
ENDCHAR
STARTCHAR 04D3
ENCODING 1235
SWIDTH 500 0
DWIDTH 8 0
BBX 6 10 1 0
BITMAP
CC
CC
00
78
0C
0C
7C
CC
CC
7C
ENDCHAR
STARTCHAR 04D4
ENCODING 1236
SWIDTH 500 0
DWIDTH 8 0
BBX 7 9 1 0
BITMAP
3E
78
D8
D8
DE
F8
D8
D8
DE
ENDCHAR
STARTCHAR 04D5
ENCODING 1237
SWIDTH 500 0
DWIDTH 8 0
BBX 8 7 0 0
BITMAP
6E
1B
1B
7F
D8
D8
77
ENDCHAR
STARTCHAR 04D6
ENCODING 1238
SWIDTH 500 0
DWIDTH 8 0
BBX 6 12 1 0
BITMAP
CC
78
00
FC
C0
C0
C0
F8
C0
C0
C0
FC
ENDCHAR
STARTCHAR 04D7
ENCODING 1239
SWIDTH 500 0
DWIDTH 8 0
BBX 6 11 1 0
BITMAP
CC
CC
78
00
78
CC
CC
FC
C0
C0
78
ENDCHAR
STARTCHAR 04D8
ENCODING 1240
SWIDTH 500 0
DWIDTH 8 0
BBX 6 9 1 0
BITMAP
78
CC
CC
0C
0C
FC
CC
CC
78
ENDCHAR
STARTCHAR 04D9
ENCODING 1241
SWIDTH 500 0
DWIDTH 8 0
BBX 6 7 1 0
BITMAP
78
0C
0C
FC
CC
CC
78
ENDCHAR
STARTCHAR 04DA
ENCODING 1242
SWIDTH 500 0
DWIDTH 8 0
BBX 6 12 1 0
BITMAP
CC
CC
00
78
CC
CC
0C
0C
FC
CC
CC
78
ENDCHAR
STARTCHAR 04DB
ENCODING 1243
SWIDTH 500 0
DWIDTH 8 0
BBX 6 10 1 0
BITMAP
CC
CC
00
78
0C
0C
FC
CC
CC
78
ENDCHAR
STARTCHAR 04DC
ENCODING 1244
SWIDTH 500 0
DWIDTH 8 0
BBX 8 12 0 0
BITMAP
66
66
00
DB
DB
7E
3C
3C
7E
5A
DB
DB
ENDCHAR
STARTCHAR 04DD
ENCODING 1245
SWIDTH 500 0
DWIDTH 8 0
BBX 7 10 1 0
BITMAP
6C
6C
00
92
D6
7C
38
7C
D6
92
ENDCHAR
STARTCHAR 04DE
ENCODING 1246
SWIDTH 500 0
DWIDTH 8 0
BBX 6 12 1 0
BITMAP
CC
CC
00
78
CC
CC
0C
38
0C
CC
CC
78
ENDCHAR
STARTCHAR 04DF
ENCODING 1247
SWIDTH 500 0
DWIDTH 8 0
BBX 6 10 1 0
BITMAP
CC
CC
00
78
CC
0C
38
0C
CC
78
ENDCHAR
STARTCHAR 04E0
ENCODING 1248
SWIDTH 500 0
DWIDTH 8 0
BBX 6 9 1 0
BITMAP
FC
0C
18
38
0C
0C
0C
CC
78
ENDCHAR
STARTCHAR 04E1
ENCODING 1249
SWIDTH 500 0
DWIDTH 8 0
BBX 6 10 1 -3
BITMAP
FC
0C
18
30
78
0C
0C
0C
CC
78
ENDCHAR
STARTCHAR 04E2
ENCODING 1250
SWIDTH 500 0
DWIDTH 8 0
BBX 7 11 1 0
BITMAP
FE
00
C6
C6
CE
DE
F6
E6
C6
C6
C6
ENDCHAR
STARTCHAR 04E3
ENCODING 1251
SWIDTH 500 0
DWIDTH 8 0
BBX 7 9 1 0
BITMAP
FE
00
C6
CE
DE
F6
E6
C6
C6
ENDCHAR
STARTCHAR 04E4
ENCODING 1252
SWIDTH 500 0
DWIDTH 8 0
BBX 7 12 1 0
BITMAP
C6
C6
00
C6
C6
CE
DE
F6
E6
C6
C6
C6
ENDCHAR
STARTCHAR 04E5
ENCODING 1253
SWIDTH 500 0
DWIDTH 8 0
BBX 7 10 1 0
BITMAP
C6
C6
00
C6
CE
DE
F6
E6
C6
C6
ENDCHAR
STARTCHAR 04E6
ENCODING 1254
SWIDTH 500 0
DWIDTH 8 0
BBX 6 12 1 0
BITMAP
CC
CC
00
78
CC
CC
CC
CC
CC
CC
CC
78
ENDCHAR
STARTCHAR 04E7
ENCODING 1255
SWIDTH 500 0
DWIDTH 8 0
BBX 6 10 1 0
BITMAP
CC
CC
00
78
CC
CC
CC
CC
CC
78
ENDCHAR
STARTCHAR 04E8
ENCODING 1256
SWIDTH 500 0
DWIDTH 8 0
BBX 6 9 1 0
BITMAP
78
CC
CC
CC
FC
CC
CC
CC
78
ENDCHAR
STARTCHAR 04E9
ENCODING 1257
SWIDTH 500 0
DWIDTH 8 0
BBX 6 7 1 0
BITMAP
78
CC
CC
FC
CC
CC
78
ENDCHAR
STARTCHAR 04EA
ENCODING 1258
SWIDTH 500 0
DWIDTH 8 0
BBX 6 12 1 0
BITMAP
CC
CC
00
78
CC
CC
CC
FC
CC
CC
CC
78
ENDCHAR
STARTCHAR 04EB
ENCODING 1259
SWIDTH 500 0
DWIDTH 8 0
BBX 6 10 1 0
BITMAP
CC
CC
00
78
CC
CC
FC
CC
CC
78
ENDCHAR
STARTCHAR 04EC
ENCODING 1260
SWIDTH 500 0
DWIDTH 8 0
BBX 6 12 1 0
BITMAP
CC
CC
00
78
CC
CC
0C
7C
0C
CC
CC
78
ENDCHAR
STARTCHAR 04ED
ENCODING 1261
SWIDTH 500 0
DWIDTH 8 0
BBX 6 10 1 0
BITMAP
CC
CC
00
78
CC
0C
7C
0C
CC
78
ENDCHAR
STARTCHAR 04EE
ENCODING 1262
SWIDTH 500 0
DWIDTH 8 0
BBX 6 11 1 0
BITMAP
FC
00
CC
CC
CC
CC
CC
78
18
30
E0
ENDCHAR
STARTCHAR 04EF
ENCODING 1263
SWIDTH 500 0
DWIDTH 8 0
BBX 7 12 0 -3
BITMAP
7E
00
66
66
66
66
66
66
3C
0C
18
F0
ENDCHAR
STARTCHAR 04F0
ENCODING 1264
SWIDTH 500 0
DWIDTH 8 0
BBX 6 12 1 0
BITMAP
CC
CC
00
CC
CC
CC
CC
CC
78
18
30
E0
ENDCHAR
STARTCHAR 04F1
ENCODING 1265
SWIDTH 500 0
DWIDTH 8 0
BBX 7 13 0 -3
BITMAP
66
66
00
66
66
66
66
66
66
3C
0C
18
F0
ENDCHAR
STARTCHAR 04F2
ENCODING 1266
SWIDTH 500 0
DWIDTH 8 0
BBX 7 12 1 0
BITMAP
36
6C
00
CC
CC
CC
CC
CC
78
18
30
E0
ENDCHAR
STARTCHAR 04F3
ENCODING 1267
SWIDTH 500 0
DWIDTH 8 0
BBX 9 14 0 -3
BITMAP
3B80
3300
6600
0000
6600
6600
6600
6600
6600
6600
3C00
0C00
1800
F000
ENDCHAR
STARTCHAR 04F4
ENCODING 1268
SWIDTH 500 0
DWIDTH 8 0
BBX 6 12 1 0
BITMAP
CC
CC
00
CC
CC
CC
CC
CC
7C
0C
0C
0C
ENDCHAR
STARTCHAR 04F5
ENCODING 1269
SWIDTH 500 0
DWIDTH 8 0
BBX 6 10 1 0
BITMAP
CC
CC
00
CC
CC
CC
CC
7C
0C
0C
ENDCHAR
STARTCHAR 04F8
ENCODING 1272
SWIDTH 500 0
DWIDTH 8 0
BBX 7 12 1 0
BITMAP
6C
6C
00
C6
C6
C6
C6
F6
DE
DE
DE
F6
ENDCHAR
STARTCHAR 04F9
ENCODING 1273
SWIDTH 500 0
DWIDTH 8 0
BBX 7 10 1 0
BITMAP
6C
6C
00
C6
C6
C6
F6
DE
DE
F6
ENDCHAR
STARTCHAR 0500
ENCODING 1280
SWIDTH 500 0
DWIDTH 8 0
BBX 7 9 1 0
BITMAP
06
06
7E
C6
C6
C6
C6
C6
7E
ENDCHAR
STARTCHAR 0501
ENCODING 1281
SWIDTH 500 0
DWIDTH 8 0
BBX 6 9 1 0
BITMAP
0C
0C
7C
CC
CC
CC
CC
CC
7C
ENDCHAR
STARTCHAR 0502
ENCODING 1282
SWIDTH 750 0
DWIDTH 12 0
BBX 11 9 1 0
BITMAP
0600
0600
7E00
C660
C660
C660
C660
C660
7FC0
ENDCHAR
STARTCHAR 0503
ENCODING 1283
SWIDTH 750 0
DWIDTH 12 0
BBX 10 9 1 0
BITMAP
0C00
0C00
7C00
CC00
CC00
CCC0
CCC0
CCC0
7F80
ENDCHAR
STARTCHAR 0504
ENCODING 1284
SWIDTH 750 0
DWIDTH 12 0
BBX 10 9 1 0
BITMAP
7800
CC00
0C00
0CC0
78C0
18C0
0CC0
0CC0
0780
ENDCHAR
STARTCHAR 0505
ENCODING 1285
SWIDTH 750 0
DWIDTH 12 0
BBX 10 7 1 0
BITMAP
7800
CC00
0C00
78C0
18C0
0CC0
0780
ENDCHAR
STARTCHAR 0506
ENCODING 1286
SWIDTH 500 0
DWIDTH 8 0
BBX 7 11 1 -2
BITMAP
78
CC
0C
0C
78
18
0C
0C
0E
06
06
ENDCHAR
STARTCHAR 0507
ENCODING 1287
SWIDTH 500 0
DWIDTH 8 0
BBX 7 9 1 -2
BITMAP
78
CC
0C
78
18
0C
0E
06
06
ENDCHAR
STARTCHAR 0508
ENCODING 1288
SWIDTH 750 0
DWIDTH 12 0
BBX 11 9 1 0
BITMAP
7E00
6600
6600
6660
6660
6660
6660
6660
C3C0
ENDCHAR
STARTCHAR 0509
ENCODING 1289
SWIDTH 750 0
DWIDTH 12 0
BBX 11 7 1 0
BITMAP
7E00
6600
6600
6660
6660
6660
C3C0
ENDCHAR
STARTCHAR 050A
ENCODING 1290
SWIDTH 750 0
DWIDTH 12 0
BBX 10 9 1 0
BITMAP
CC00
CC00
CC00
CCC0
FCC0
CCC0
CCC0
CCC0
C780
ENDCHAR
STARTCHAR 050B
ENCODING 1291
SWIDTH 750 0
DWIDTH 12 0
BBX 10 7 1 0
BITMAP
CC00
CC00
CC00
FCC0
CCC0
CCC0
C780
ENDCHAR
STARTCHAR 050C
ENCODING 1292
SWIDTH 500 0
DWIDTH 8 0
BBX 6 9 1 0
BITMAP
78
CC
CC
C0
DC
CC
CC
CC
78
ENDCHAR
STARTCHAR 050D
ENCODING 1293
SWIDTH 500 0
DWIDTH 8 0
BBX 6 7 1 0
BITMAP
78
CC
C0
DC
CC
CC
78
ENDCHAR
STARTCHAR 050E
ENCODING 1294
SWIDTH 500 0
DWIDTH 8 0
BBX 8 9 0 0
BITMAP
FE
30
30
33
33
33
33
33
1E
ENDCHAR
STARTCHAR 050F
ENCODING 1295
SWIDTH 500 0
DWIDTH 8 0
BBX 8 7 0 0
BITMAP
FE
30
30
33
33
33
1E
ENDCHAR
STARTCHAR 0531
ENCODING 1329
SWIDTH 500 0
DWIDTH 8 0
BBX 7 9 1 0
BITMAP
CC
CC
CC
CC
CC
CC
CC
CE
7A
ENDCHAR
STARTCHAR 0532
ENCODING 1330
SWIDTH 500 0
DWIDTH 8 0
BBX 6 9 1 0
BITMAP
78
CC
CC
C0
FC
C0
C0
C0
C0
ENDCHAR
STARTCHAR 0533
ENCODING 1331
SWIDTH 500 0
DWIDTH 8 0
BBX 7 9 1 0
BITMAP
78
CC
CC
CC
7E
0C
0C
0C
0C
ENDCHAR
STARTCHAR 0534
ENCODING 1332
SWIDTH 500 0
DWIDTH 8 0
BBX 8 9 0 0
BITMAP
78
CC
CC
0C
0F
0C
0C
0C
0C
ENDCHAR
STARTCHAR 0535
ENCODING 1333
SWIDTH 500 0
DWIDTH 8 0
BBX 6 9 1 0
BITMAP
C0
C0
C0
FC
C0
CC
CC
CC
78
ENDCHAR
STARTCHAR 0536
ENCODING 1334
SWIDTH 500 0
DWIDTH 8 0
BBX 7 10 1 -1
BITMAP
78
CC
CC
CC
CC
7C
0C
D8
FC
C6
ENDCHAR
STARTCHAR 0537
ENCODING 1335
SWIDTH 500 0
DWIDTH 8 0
BBX 6 10 1 -1
BITMAP
C0
C0
C0
FC
C0
C0
C0
C0
F8
0C
ENDCHAR
STARTCHAR 0538
ENCODING 1336
SWIDTH 500 0
DWIDTH 8 0
BBX 6 9 1 0
BITMAP
78
CC
CC
C0
C0
C0
C0
C0
FC
ENDCHAR
STARTCHAR 0539
ENCODING 1337
SWIDTH 500 0
DWIDTH 8 0
BBX 7 9 1 0
BITMAP
78
CC
CC
FE
EC
EC
F8
C0
C0
ENDCHAR
STARTCHAR 053A
ENCODING 1338
SWIDTH 500 0
DWIDTH 8 0
BBX 7 9 1 0
BITMAP
0C
0C
0C
7E
CC
CC
CC
CC
78
ENDCHAR
STARTCHAR 053B
ENCODING 1339
SWIDTH 500 0
DWIDTH 8 0
BBX 6 9 2 0
BITMAP
C0
C0
C0
F8
CC
CC
C0
C0
C0
ENDCHAR
STARTCHAR 053C
ENCODING 1340
SWIDTH 500 0
DWIDTH 8 0
BBX 5 9 2 0
BITMAP
C0
C0
C0
C0
C0
C0
C0
C0
F8
ENDCHAR
STARTCHAR 053D
ENCODING 1341
SWIDTH 500 0
DWIDTH 8 0
BBX 7 9 1 0
BITMAP
C0
C0
F6
D6
D6
CC
C0
C0
C0
ENDCHAR
STARTCHAR 053E
ENCODING 1342
SWIDTH 500 0
DWIDTH 8 0
BBX 7 9 1 0
BITMAP
C0
FE
4C
CC
CC
CC
CC
CC
78
ENDCHAR
STARTCHAR 053F
ENCODING 1343
SWIDTH 500 0
DWIDTH 8 0
BBX 6 9 1 0
BITMAP
C0
C0
CC
CC
CC
7C
0C
0C
0C
ENDCHAR
STARTCHAR 0540
ENCODING 1344
SWIDTH 500 0
DWIDTH 8 0
BBX 6 9 1 0
BITMAP
30
18
0C
0C
18
30
60
C0
FC
ENDCHAR
STARTCHAR 0541
ENCODING 1345
SWIDTH 500 0
DWIDTH 8 0
BBX 7 9 1 0
BITMAP
78
CC
CC
0C
0C
0C
78
DC
76
ENDCHAR
STARTCHAR 0542
ENCODING 1346
SWIDTH 500 0
DWIDTH 8 0
BBX 7 9 1 0
BITMAP
78
CC
CC
0C
0C
0C
0C
0C
0E
ENDCHAR
STARTCHAR 0543
ENCODING 1347
SWIDTH 500 0
DWIDTH 8 0
BBX 6 9 1 0
BITMAP
0C
0C
F8
30
78
CC
CC
CC
FC
ENDCHAR
STARTCHAR 0544
ENCODING 1348
SWIDTH 500 0
DWIDTH 8 0
BBX 7 9 1 0
BITMAP
CE
CC
CC
CC
CC
CC
CC
CC
78
ENDCHAR
STARTCHAR 0545
ENCODING 1349
SWIDTH 500 0
DWIDTH 8 0
BBX 6 9 1 0
BITMAP
78
CC
CC
0C
F8
0C
CC
CC
78
ENDCHAR
STARTCHAR 0546
ENCODING 1350
SWIDTH 500 0
DWIDTH 8 0
BBX 7 9 0 0
BITMAP
E0
60
60
66
66
66
66
66
3C
ENDCHAR
STARTCHAR 0547
ENCODING 1351
SWIDTH 500 0
DWIDTH 8 0
BBX 7 9 0 0
BITMAP
70
9E
30
60
60
60
66
66
3C
ENDCHAR
STARTCHAR 0548
ENCODING 1352
SWIDTH 500 0
DWIDTH 8 0
BBX 6 9 1 0
BITMAP
78
CC
CC
CC
CC
CC
CC
CC
CC
ENDCHAR
STARTCHAR 0549
ENCODING 1353
SWIDTH 500 0
DWIDTH 8 0
BBX 6 10 1 -1
BITMAP
78
CC
CC
0C
0C
0C
D8
F0
1C
0C
ENDCHAR
STARTCHAR 054A
ENCODING 1354
SWIDTH 500 0
DWIDTH 8 0
BBX 7 9 1 0
BITMAP
7C
D6
D6
D6
D6
D6
16
06
06
ENDCHAR
STARTCHAR 054B
ENCODING 1355
SWIDTH 500 0
DWIDTH 8 0
BBX 7 10 1 -1
BITMAP
78
CC
CC
4C
2C
1C
0C
D8
FC
C6
ENDCHAR
STARTCHAR 054C
ENCODING 1356
SWIDTH 500 0
DWIDTH 8 0
BBX 7 9 1 0
BITMAP
78
CC
CC
CC
CE
CC
CC
CC
CC
ENDCHAR
STARTCHAR 054D
ENCODING 1357
SWIDTH 500 0
DWIDTH 8 0
BBX 6 9 1 0
BITMAP
CC
CC
CC
CC
CC
CC
CC
CC
78
ENDCHAR
STARTCHAR 054E
ENCODING 1358
SWIDTH 500 0
DWIDTH 8 0
BBX 7 9 1 0
BITMAP
0C
0C
CC
CC
CC
7C
0C
0C
0E
ENDCHAR
STARTCHAR 054F
ENCODING 1359
SWIDTH 500 0
DWIDTH 8 0
BBX 6 9 1 0
BITMAP
78
CC
CC
C0
78
0C
CC
CC
78
ENDCHAR
STARTCHAR 0550
ENCODING 1360
SWIDTH 500 0
DWIDTH 8 0
BBX 6 9 1 0
BITMAP
78
CC
CC
C0
C0
C0
C0
C0
C0
ENDCHAR
STARTCHAR 0551
ENCODING 1361
SWIDTH 500 0
DWIDTH 8 0
BBX 6 9 1 0
BITMAP
78
CC
CC
78
CC
0C
CC
CC
78
ENDCHAR
STARTCHAR 0552
ENCODING 1362
SWIDTH 500 0
DWIDTH 8 0
BBX 6 9 1 0
BITMAP
C0
C0
F0
D8
D8
CC
C0
C0
C0
ENDCHAR
STARTCHAR 0553
ENCODING 1363
SWIDTH 500 0
DWIDTH 8 0
BBX 7 9 1 0
BITMAP
10
7C
D6
D6
D6
D6
D6
7C
10
ENDCHAR
STARTCHAR 0554
ENCODING 1364
SWIDTH 500 0
DWIDTH 8 0
BBX 7 9 0 0
BITMAP
3C
66
66
66
7C
60
FC
60
60
ENDCHAR
STARTCHAR 0555
ENCODING 1365
SWIDTH 500 0
DWIDTH 8 0
BBX 6 9 1 0
BITMAP
78
CC
CC
CC
CC
CC
CC
CC
78
ENDCHAR
STARTCHAR 0556
ENCODING 1366
SWIDTH 500 0
DWIDTH 8 0
BBX 7 9 1 0
BITMAP
70
D0
D0
7C
16
16
D6
D6
7C
ENDCHAR
STARTCHAR 0559
ENCODING 1369
SWIDTH 500 0
DWIDTH 8 0
BBX 4 4 2 6
BITMAP
70
C0
C0
70
ENDCHAR
STARTCHAR 055A
ENCODING 1370
SWIDTH 500 0
DWIDTH 8 0
BBX 4 4 2 6
BITMAP
E0
30
30
E0
ENDCHAR
STARTCHAR 055B
ENCODING 1371
SWIDTH 0 0
DWIDTH 0 0
BBX 4 3 -2 10
BITMAP
70
60
C0
ENDCHAR
STARTCHAR 055C
ENCODING 1372
SWIDTH 0 0
DWIDTH 0 0
BBX 6 3 -2 10
BITMAP
0C
78
C0
ENDCHAR
STARTCHAR 055D
ENCODING 1373
SWIDTH 500 0
DWIDTH 8 0
BBX 4 3 2 7
BITMAP
E0
60
30
ENDCHAR
STARTCHAR 055E
ENCODING 1374
SWIDTH 0 0
DWIDTH 0 0
BBX 5 3 -3 10
BITMAP
70
98
B0
ENDCHAR
STARTCHAR 055F
ENCODING 1375
SWIDTH 500 0
DWIDTH 8 0
BBX 6 3 1 7
BITMAP
30
60
FC
ENDCHAR
STARTCHAR 0561
ENCODING 1377
SWIDTH 500 0
DWIDTH 8 0
BBX 7 7 1 0
BITMAP
D6
D6
D6
D6
D6
D6
7E
ENDCHAR
STARTCHAR 0562
ENCODING 1378
SWIDTH 500 0
DWIDTH 8 0
BBX 6 10 1 -3
BITMAP
F8
CC
CC
CC
C0
FC
C0
C0
C0
C0
ENDCHAR
STARTCHAR 0563
ENCODING 1379
SWIDTH 500 0
DWIDTH 8 0
BBX 7 10 1 -3
BITMAP
7C
CC
CC
CC
CC
CC
7E
0C
0C
0C
ENDCHAR
STARTCHAR 0564
ENCODING 1380
SWIDTH 500 0
DWIDTH 8 0
BBX 7 10 1 -3
BITMAP
F8
CC
CC
CC
CC
CC
CE
0C
0C
0C
ENDCHAR
STARTCHAR 0565
ENCODING 1381
SWIDTH 500 0
DWIDTH 8 0
BBX 6 9 1 0
BITMAP
C0
C0
FC
C0
C0
C0
CC
CC
7C
ENDCHAR
STARTCHAR 0566
ENCODING 1382
SWIDTH 500 0
DWIDTH 8 0
BBX 7 10 1 -3
BITMAP
7C
CC
CC
CC
CC
CC
7C
0C
0C
0E
ENDCHAR
STARTCHAR 0567
ENCODING 1383
SWIDTH 500 0
DWIDTH 8 0
BBX 5 9 2 0
BITMAP
C0
C0
F8
C0
C0
C0
C0
C0
F0
ENDCHAR
STARTCHAR 0568
ENCODING 1384
SWIDTH 500 0
DWIDTH 8 0
BBX 6 10 1 -3
BITMAP
F8
CC
CC
CC
CC
CC
CC
C0
C0
FC
ENDCHAR
STARTCHAR 0569
ENCODING 1385
SWIDTH 500 0
DWIDTH 8 0
BBX 7 10 1 -3
BITMAP
F8
CC
CC
FE
CC
CC
F8
C0
C0
C0
ENDCHAR
STARTCHAR 056A
ENCODING 1386
SWIDTH 500 0
DWIDTH 8 0
BBX 7 9 1 0
BITMAP
0C
0C
7E
CC
CC
CC
CC
CC
78
ENDCHAR
STARTCHAR 056B
ENCODING 1387
SWIDTH 500 0
DWIDTH 8 0
BBX 6 12 1 -3
BITMAP
C0
C0
F8
CC
CC
CC
CC
CC
CC
C0
C0
C0
ENDCHAR
STARTCHAR 056C
ENCODING 1388
SWIDTH 500 0
DWIDTH 8 0
BBX 6 10 2 -3
BITMAP
E0
60
60
60
60
60
60
60
60
7C
ENDCHAR
STARTCHAR 056D
ENCODING 1389
SWIDTH 500 0
DWIDTH 8 0
BBX 7 12 1 -3
BITMAP
C0
C0
F6
D6
D6
D6
D6
D6
CE
C0
C0
C0
ENDCHAR
STARTCHAR 056E
ENCODING 1390
SWIDTH 500 0
DWIDTH 8 0
BBX 7 9 1 0
BITMAP
F8
60
30
7E
CC
CC
CC
CC
78
ENDCHAR
STARTCHAR 056F
ENCODING 1391
SWIDTH 500 0
DWIDTH 8 0
BBX 6 12 1 -3
BITMAP
C0
C0
CC
CC
CC
CC
CC
CC
7C
0C
0C
0C
ENDCHAR
STARTCHAR 0570
ENCODING 1392
SWIDTH 500 0
DWIDTH 8 0
BBX 6 9 1 0
BITMAP
C0
C0
F8
CC
CC
CC
CC
CC
CC
ENDCHAR
STARTCHAR 0571
ENCODING 1393
SWIDTH 500 0
DWIDTH 8 0
BBX 6 9 1 0
BITMAP
30
18
30
78
CC
CC
CC
CC
7C
ENDCHAR
STARTCHAR 0572
ENCODING 1394
SWIDTH 500 0
DWIDTH 8 0
BBX 7 10 1 -3
BITMAP
F8
CC
CC
CC
CC
CC
CC
0C
0C
0E
ENDCHAR
STARTCHAR 0573
ENCODING 1395
SWIDTH 500 0
DWIDTH 8 0
BBX 7 9 0 0
BITMAP
06
18
F0
3C
66
66
66
66
3E
ENDCHAR
STARTCHAR 0574
ENCODING 1396
SWIDTH 500 0
DWIDTH 8 0
BBX 7 9 1 0
BITMAP
06
0C
CC
CC
CC
CC
CC
CC
7C
ENDCHAR
STARTCHAR 0575
ENCODING 1397
SWIDTH 500 0
DWIDTH 8 0
BBX 5 10 1 -3
BITMAP
78
18
18
18
18
18
18
18
18
F0
ENDCHAR
STARTCHAR 0576
ENCODING 1398
SWIDTH 500 0
DWIDTH 8 0
BBX 6 9 1 0
BITMAP
70
C0
CC
CC
CC
CC
CC
CC
7C
ENDCHAR
STARTCHAR 0577
ENCODING 1399
SWIDTH 500 0
DWIDTH 8 0
BBX 6 10 1 -3
BITMAP
78
CC
CC
0C
18
30
60
C0
C0
7C
ENDCHAR
STARTCHAR 0578
ENCODING 1400
SWIDTH 500 0
DWIDTH 8 0
BBX 6 7 1 0
BITMAP
F8
CC
CC
CC
CC
CC
CC
ENDCHAR
STARTCHAR 0579
ENCODING 1401
SWIDTH 500 0
DWIDTH 8 0
BBX 6 10 1 -3
BITMAP
30
60
30
18
18
30
60
C0
C0
7C
ENDCHAR
STARTCHAR 057A
ENCODING 1402
SWIDTH 500 0
DWIDTH 8 0
BBX 7 10 1 -3
BITMAP
D6
D6
D6
D6
D6
D6
7E
06
06
06
ENDCHAR
STARTCHAR 057B
ENCODING 1403
SWIDTH 500 0
DWIDTH 8 0
BBX 6 10 1 -3
BITMAP
78
CC
CC
CC
78
30
60
C0
C0
7C
ENDCHAR
STARTCHAR 057C
ENCODING 1404
SWIDTH 500 0
DWIDTH 8 0
BBX 7 7 1 0
BITMAP
F8
CC
CC
CC
CC
C8
DE
ENDCHAR
STARTCHAR 057D
ENCODING 1405
SWIDTH 500 0
DWIDTH 8 0
BBX 6 7 1 0
BITMAP
CC
CC
CC
CC
CC
CC
7C
ENDCHAR
STARTCHAR 057E
ENCODING 1406
SWIDTH 500 0
DWIDTH 8 0
BBX 7 12 1 -3
BITMAP
0C
0C
CC
CC
CC
CC
CC
CC
7C
0C
0C
0E
ENDCHAR
STARTCHAR 057F
ENCODING 1407
SWIDTH 500 0
DWIDTH 8 0
BBX 7 7 1 0
BITMAP
DC
D6
D6
D6
D6
D6
76
ENDCHAR
STARTCHAR 0580
ENCODING 1408
SWIDTH 500 0
DWIDTH 8 0
BBX 6 10 1 -3
BITMAP
F8
CC
CC
CC
CC
CC
CC
C0
C0
C0
ENDCHAR
STARTCHAR 0581
ENCODING 1409
SWIDTH 500 0
DWIDTH 8 0
BBX 6 10 1 -3
BITMAP
7C
CC
CC
CC
CC
CC
7C
0C
CC
78
ENDCHAR
STARTCHAR 0582
ENCODING 1410
SWIDTH 500 0
DWIDTH 8 0
BBX 6 7 1 0
BITMAP
E0
60
60
60
60
60
7C
ENDCHAR
STARTCHAR 0583
ENCODING 1411
SWIDTH 500 0
DWIDTH 8 0
BBX 7 12 1 -3
BITMAP
10
10
DC
D6
D6
D6
D6
D6
76
10
10
10
ENDCHAR
STARTCHAR 0584
ENCODING 1412
SWIDTH 500 0
DWIDTH 8 0
BBX 7 10 0 -3
BITMAP
7C
66
66
66
66
7C
60
FE
60
60
ENDCHAR
STARTCHAR 0585
ENCODING 1413
SWIDTH 500 0
DWIDTH 8 0
BBX 6 7 1 0
BITMAP
78
CC
CC
CC
CC
CC
78
ENDCHAR
STARTCHAR 0586
ENCODING 1414
SWIDTH 500 0
DWIDTH 8 0
BBX 7 12 1 -3
BITMAP
70
D0
D0
78
3C
16
D6
D6
7C
10
10
10
ENDCHAR
STARTCHAR 0587
ENCODING 1415
SWIDTH 500 0
DWIDTH 8 0
BBX 7 9 1 0
BITMAP
C0
C0
CC
CC
CC
CC
CC
CC
7E
ENDCHAR
STARTCHAR 0589
ENCODING 1417
SWIDTH 500 0
DWIDTH 8 0
BBX 3 7 3 0
BITMAP
E0
E0
00
00
00
E0
E0
ENDCHAR
STARTCHAR 058A
ENCODING 1418
SWIDTH 500 0
DWIDTH 8 0
BBX 6 2 1 3
BITMAP
CC
78
ENDCHAR
STARTCHAR 05D0
ENCODING 1488
SWIDTH 500 0
DWIDTH 8 0
BBX 6 7 1 0
BITMAP
CC
CC
6C
78
D8
CC
CC
ENDCHAR
STARTCHAR 05D1
ENCODING 1489
SWIDTH 500 0
DWIDTH 8 0
BBX 7 7 1 0
BITMAP
F8
0C
0C
0C
0C
0C
FE
ENDCHAR
STARTCHAR 05D2
ENCODING 1490
SWIDTH 500 0
DWIDTH 8 0
BBX 6 7 1 0
BITMAP
70
18
18
18
18
38
EC
ENDCHAR
STARTCHAR 05D3
ENCODING 1491
SWIDTH 500 0
DWIDTH 8 0
BBX 6 7 1 0
BITMAP
FC
18
18
18
18
18
18
ENDCHAR
STARTCHAR 05D4
ENCODING 1492
SWIDTH 500 0
DWIDTH 8 0
BBX 6 7 1 0
BITMAP
F8
0C
CC
CC
CC
CC
CC
ENDCHAR
STARTCHAR 05D5
ENCODING 1493
SWIDTH 500 0
DWIDTH 8 0
BBX 4 7 2 0
BITMAP
E0
30
30
30
30
30
30
ENDCHAR
STARTCHAR 05D6
ENCODING 1494
SWIDTH 500 0
DWIDTH 8 0
BBX 6 7 1 0
BITMAP
FC
18
30
30
30
30
30
ENDCHAR
STARTCHAR 05D7
ENCODING 1495
SWIDTH 500 0
DWIDTH 8 0
BBX 6 7 1 0
BITMAP
F8
CC
CC
CC
CC
CC
CC
ENDCHAR
STARTCHAR 05D8
ENCODING 1496
SWIDTH 500 0
DWIDTH 8 0
BBX 6 7 1 0
BITMAP
D8
CC
CC
CC
CC
CC
78
ENDCHAR
STARTCHAR 05D9
ENCODING 1497
SWIDTH 500 0
DWIDTH 8 0
BBX 4 5 2 2
BITMAP
E0
30
30
30
30
ENDCHAR
STARTCHAR 05DA
ENCODING 1498
SWIDTH 500 0
DWIDTH 8 0
BBX 6 10 1 -3
BITMAP
F8
0C
0C
0C
0C
0C
0C
0C
0C
0C
ENDCHAR
STARTCHAR 05DB
ENCODING 1499
SWIDTH 500 0
DWIDTH 8 0
BBX 6 7 1 0
BITMAP
F8
0C
0C
0C
0C
0C
F8
ENDCHAR
STARTCHAR 05DC
ENCODING 1500
SWIDTH 500 0
DWIDTH 8 0
BBX 6 9 1 0
BITMAP
C0
C0
F8
0C
0C
0C
18
30
30
ENDCHAR
STARTCHAR 05DD
ENCODING 1501
SWIDTH 500 0
DWIDTH 8 0
BBX 6 7 1 0
BITMAP
F8
CC
CC
CC
CC
CC
FC
ENDCHAR
STARTCHAR 05DE
ENCODING 1502
SWIDTH 500 0
DWIDTH 8 0
BBX 6 7 1 0
BITMAP
F8
CC
CC
CC
CC
CC
DC
ENDCHAR
STARTCHAR 05DF
ENCODING 1503
SWIDTH 500 0
DWIDTH 8 0
BBX 4 10 2 -3
BITMAP
E0
30
30
30
30
30
30
30
30
30
ENDCHAR
STARTCHAR 05E0
ENCODING 1504
SWIDTH 500 0
DWIDTH 8 0
BBX 4 7 2 0
BITMAP
E0
30
30
30
30
30
F0
ENDCHAR
STARTCHAR 05E1
ENCODING 1505
SWIDTH 500 0
DWIDTH 8 0
BBX 6 7 1 0
BITMAP
78
CC
CC
CC
CC
CC
78
ENDCHAR
STARTCHAR 05E2
ENCODING 1506
SWIDTH 500 0
DWIDTH 8 0
BBX 7 7 0 0
BITMAP
66
66
66
66
66
66
FC
ENDCHAR
STARTCHAR 05E3
ENCODING 1507
SWIDTH 500 0
DWIDTH 8 0
BBX 6 10 1 -3
BITMAP
F8
CC
CC
CC
6C
0C
0C
0C
0C
0C
ENDCHAR
STARTCHAR 05E4
ENCODING 1508
SWIDTH 500 0
DWIDTH 8 0
BBX 6 7 1 0
BITMAP
F8
CC
CC
CC
6C
0C
F8
ENDCHAR
STARTCHAR 05E5
ENCODING 1509
SWIDTH 500 0
DWIDTH 8 0
BBX 6 10 1 -3
BITMAP
CC
CC
CC
CC
D8
70
60
60
60
60
ENDCHAR
STARTCHAR 05E6
ENCODING 1510
SWIDTH 500 0
DWIDTH 8 0
BBX 6 7 1 0
BITMAP
CC
CC
CC
78
0C
0C
F8
ENDCHAR
STARTCHAR 05E7
ENCODING 1511
SWIDTH 500 0
DWIDTH 8 0
BBX 6 10 1 -3
BITMAP
F8
0C
CC
CC
D8
D8
D8
C0
C0
C0
ENDCHAR
STARTCHAR 05E8
ENCODING 1512
SWIDTH 500 0
DWIDTH 8 0
BBX 6 7 1 0
BITMAP
F8
0C
0C
0C
0C
0C
0C
ENDCHAR
STARTCHAR 05E9
ENCODING 1513
SWIDTH 500 0
DWIDTH 8 0
BBX 7 7 1 0
BITMAP
D6
D6
D6
D6
D6
E6
7C
ENDCHAR
STARTCHAR 05EA
ENCODING 1514
SWIDTH 500 0
DWIDTH 8 0
BBX 7 7 1 0
BITMAP
FC
66
66
66
66
66
C6
ENDCHAR
STARTCHAR 05F0
ENCODING 1520
SWIDTH 500 0
DWIDTH 8 0
BBX 7 7 1 0
BITMAP
CC
66
66
66
66
66
66
ENDCHAR
STARTCHAR 05F1
ENCODING 1521
SWIDTH 500 0
DWIDTH 8 0
BBX 7 7 1 0
BITMAP
CC
66
66
66
66
06
06
ENDCHAR
STARTCHAR 05F2
ENCODING 1522
SWIDTH 500 0
DWIDTH 8 0
BBX 7 5 1 2
BITMAP
CC
66
66
66
66
ENDCHAR
STARTCHAR 060C
ENCODING 1548
SWIDTH 687 0
DWIDTH 11 0
BBX 2 4 6 0
BITMAP
40
80
C0
C0
ENDCHAR
STARTCHAR 060D
ENCODING 1549
SWIDTH 687 0
DWIDTH 11 0
BBX 4 3 3 -1
BITMAP
30
70
80
ENDCHAR
STARTCHAR 061B
ENCODING 1563
SWIDTH 687 0
DWIDTH 11 0
BBX 2 8 6 -1
BITMAP
40
80
C0
C0
00
00
C0
C0
ENDCHAR
STARTCHAR 061E
ENCODING 1566
SWIDTH 687 0
DWIDTH 11 0
BBX 6 5 3 -1
BITMAP
30
30
00
CC
CC
ENDCHAR
STARTCHAR 061F
ENCODING 1567
SWIDTH 687 0
DWIDTH 11 0
BBX 4 11 4 -1
BITMAP
10
70
E0
80
C0
60
20
20
00
60
60
ENDCHAR
STARTCHAR 0621
ENCODING 1569
SWIDTH 687 0
DWIDTH 11 0
BBX 6 5 2 0
BITMAP
38
7C
40
FC
F8
ENDCHAR
STARTCHAR 0622
ENCODING 1570
SWIDTH 687 0
DWIDTH 11 0
BBX 5 12 4 0
BITMAP
48
B0
00
20
20
20
20
20
20
20
20
20
ENDCHAR
STARTCHAR 0623
ENCODING 1571
SWIDTH 687 0
DWIDTH 11 0
BBX 3 13 5 0
BITMAP
60
80
E0
00
40
40
40
40
40
40
40
40
40
ENDCHAR
STARTCHAR 0624
ENCODING 1572
SWIDTH 687 0
DWIDTH 11 0
BBX 5 12 3 -3
BITMAP
30
40
70
00
70
F8
88
F8
78
10
70
60
ENDCHAR
STARTCHAR 0625
ENCODING 1573
SWIDTH 687 0
DWIDTH 11 0
BBX 3 12 5 -3
BITMAP
40
40
40
40
40
40
40
40
40
60
80
E0
ENDCHAR
STARTCHAR 0626
ENCODING 1574
SWIDTH 687 0
DWIDTH 11 0
BBX 9 8 1 -1
BITMAP
6780
8F80
E800
0F00
8780
8080
FF80
7F00
ENDCHAR
STARTCHAR 0627
ENCODING 1575
SWIDTH 687 0
DWIDTH 11 0
BBX 1 9 6 0
BITMAP
80
80
80
80
80
80
80
80
80
ENDCHAR
STARTCHAR 0628
ENCODING 1576
SWIDTH 687 0
DWIDTH 11 0
BBX 9 6 1 -2
BITMAP
8080
8080
FF80
7F00
0000
0800
ENDCHAR
STARTCHAR 0629
ENCODING 1577
SWIDTH 687 0
DWIDTH 11 0
BBX 5 8 3 0
BITMAP
50
00
70
F8
88
88
F8
70
ENDCHAR
STARTCHAR 062A
ENCODING 1578
SWIDTH 687 0
DWIDTH 11 0
BBX 9 6 1 0
BITMAP
1400
0000
8080
8080
FF80
7F00
ENDCHAR
STARTCHAR 062B
ENCODING 1579
SWIDTH 687 0
DWIDTH 11 0
BBX 9 8 1 0
BITMAP
0800
0000
1400
0000
8080
8080
FF80
7F00
ENDCHAR
STARTCHAR 062C
ENCODING 1580
SWIDTH 687 0
DWIDTH 11 0
BBX 9 10 1 -3
BITMAP
3C00
6600
0300
3F80
7F00
C000
8800
C000
7F00
3E00
ENDCHAR
STARTCHAR 062D
ENCODING 1581
SWIDTH 687 0
DWIDTH 11 0
BBX 9 10 1 -3
BITMAP
3C00
6600
0300
3F80
7F00
C000
8000
C000
7F00
3E00
ENDCHAR
STARTCHAR 062E
ENCODING 1582
SWIDTH 687 0
DWIDTH 11 0
BBX 9 12 1 -3
BITMAP
0800
0000
3C00
6600
0300
3F80
7F00
C000
8000
C000
7F00
3E00
ENDCHAR
STARTCHAR 062F
ENCODING 1583
SWIDTH 687 0
DWIDTH 11 0
BBX 6 6 2 0
BITMAP
60
70
18
0C
FC
F8
ENDCHAR
STARTCHAR 0630
ENCODING 1584
SWIDTH 687 0
DWIDTH 11 0
BBX 6 8 2 0
BITMAP
20
00
60
70
18
0C
FC
F8
ENDCHAR
STARTCHAR 0631
ENCODING 1585
SWIDTH 687 0
DWIDTH 11 0
BBX 4 8 3 -3
BITMAP
10
10
10
10
30
20
E0
C0
ENDCHAR
STARTCHAR 0632
ENCODING 1586
SWIDTH 687 0
DWIDTH 11 0
BBX 4 10 3 -3
BITMAP
10
00
10
10
10
10
30
20
E0
C0
ENDCHAR
STARTCHAR 0633
ENCODING 1587
SWIDTH 687 0
DWIDTH 11 0
BBX 11 8 0 -3
BITMAP
0020
1120
1920
0FE0
8EC0
8800
F800
7000
ENDCHAR
STARTCHAR 0634
ENCODING 1588
SWIDTH 687 0
DWIDTH 11 0
BBX 11 12 0 -3
BITMAP
0100
0000
0280
0000
0020
1120
1920
0FE0
8EC0
8800
F800
7000
ENDCHAR
STARTCHAR 0635
ENCODING 1589
SWIDTH 687 0
DWIDTH 11 0
BBX 11 9 0 -3
BITMAP
01C0
03E0
1620
1C20
0FE0
8FC0
8800
F800
7000
ENDCHAR
STARTCHAR 0636
ENCODING 1590
SWIDTH 687 0
DWIDTH 11 0
BBX 11 11 0 -3
BITMAP
0100
0000
01C0
03E0
1620
1C20
0FE0
8FC0
8800
F800
7000
ENDCHAR
STARTCHAR 0637
ENCODING 1591
SWIDTH 687 0
DWIDTH 11 0
BBX 9 9 1 0
BITMAP
2000
2000
2000
2700
2F80
3880
3080
FF80
FF00
ENDCHAR
STARTCHAR 0638
ENCODING 1592
SWIDTH 687 0
DWIDTH 11 0
BBX 9 9 1 0
BITMAP
2000
2400
2000
2700
2F80
3880
3080
FF80
FF00
ENDCHAR
STARTCHAR 0639
ENCODING 1593
SWIDTH 687 0
DWIDTH 11 0
BBX 7 10 2 -3
BITMAP
70
F8
80
F8
70
C0
82
C6
FC
78
ENDCHAR
STARTCHAR 063A
ENCODING 1594
SWIDTH 687 0
DWIDTH 11 0
BBX 7 12 2 -3
BITMAP
20
00
70
F8
80
F8
70
C0
82
C6
FC
78
ENDCHAR
STARTCHAR 0640
ENCODING 1600
SWIDTH 687 0
DWIDTH 11 0
BBX 11 2 0 0
BITMAP
FFE0
FFE0
ENDCHAR
STARTCHAR 0641
ENCODING 1601
SWIDTH 687 0
DWIDTH 11 0
BBX 9 10 1 -3
BITMAP
0200
0000
0700
0F80
0880
0F80
8780
8180
FF00
7E00
ENDCHAR
STARTCHAR 0642
ENCODING 1602
SWIDTH 687 0
DWIDTH 11 0
BBX 8 10 2 -3
BITMAP
0A
00
0E
1F
11
9F
8F
C3
7E
3C
ENDCHAR
STARTCHAR 0643
ENCODING 1603
SWIDTH 687 0
DWIDTH 11 0
BBX 7 9 2 0
BITMAP
02
12
22
12
22
02
82
FE
7C
ENDCHAR
STARTCHAR 0644
ENCODING 1604
SWIDTH 687 0
DWIDTH 11 0
BBX 7 12 2 -3
BITMAP
02
02
02
02
02
02
02
82
82
C6
7C
38
ENDCHAR
STARTCHAR 0645
ENCODING 1605
SWIDTH 687 0
DWIDTH 11 0
BBX 5 8 3 -3
BITMAP
60
F0
98
78
F8
80
80
80
ENDCHAR
STARTCHAR 0646
ENCODING 1606
SWIDTH 687 0
DWIDTH 11 0
BBX 9 8 1 -2
BITMAP
0800
0000
8080
8080
8080
C180
7F00
3E00
ENDCHAR
STARTCHAR 0647
ENCODING 1607
SWIDTH 687 0
DWIDTH 11 0
BBX 5 6 3 0
BITMAP
70
F8
88
88
F8
70
ENDCHAR
STARTCHAR 0648
ENCODING 1608
SWIDTH 687 0
DWIDTH 11 0
BBX 5 8 3 -3
BITMAP
70
F8
88
F8
78
10
70
60
ENDCHAR
STARTCHAR 0649
ENCODING 1609
SWIDTH 687 0
DWIDTH 11 0
BBX 9 8 1 -1
BITMAP
0780
0F80
0800
0F00
8780
8080
FF80
7F00
ENDCHAR
STARTCHAR 064A
ENCODING 1610
SWIDTH 687 0
DWIDTH 11 0
BBX 9 10 1 -3
BITMAP
0780
0F80
0800
0F00
8780
8080
FF80
7F00
0000
2800
ENDCHAR
STARTCHAR 0653
ENCODING 1619
SWIDTH 687 0
DWIDTH 11 0
BBX 5 2 3 10
BITMAP
48
B0
ENDCHAR
STARTCHAR 0654
ENCODING 1620
SWIDTH 687 0
DWIDTH 11 0
BBX 3 3 4 10
BITMAP
60
80
E0
ENDCHAR
STARTCHAR 0655
ENCODING 1621
SWIDTH 687 0
DWIDTH 11 0
BBX 3 3 4 -3
BITMAP
60
80
E0
ENDCHAR
STARTCHAR 0660
ENCODING 1632
SWIDTH 687 0
DWIDTH 11 0
BBX 3 3 4 2
BITMAP
40
E0
40
ENDCHAR
STARTCHAR 0661
ENCODING 1633
SWIDTH 687 0
DWIDTH 11 0
BBX 2 7 4 0
BITMAP
80
80
40
40
40
40
40
ENDCHAR
STARTCHAR 0662
ENCODING 1634
SWIDTH 687 0
DWIDTH 11 0
BBX 5 7 3 0
BITMAP
88
F8
70
40
40
40
40
ENDCHAR
STARTCHAR 0663
ENCODING 1635
SWIDTH 687 0
DWIDTH 11 0
BBX 6 7 3 0
BITMAP
94
FC
68
40
40
40
40
ENDCHAR
STARTCHAR 0664
ENCODING 1636
SWIDTH 687 0
DWIDTH 11 0
BBX 5 7 3 0
BITMAP
78
F8
80
70
80
F8
78
ENDCHAR
STARTCHAR 0665
ENCODING 1637
SWIDTH 687 0
DWIDTH 11 0
BBX 5 7 3 0
BITMAP
20
70
D8
88
88
F8
70
ENDCHAR
STARTCHAR 0666
ENCODING 1638
SWIDTH 687 0
DWIDTH 11 0
BBX 5 7 2 0
BITMAP
88
F8
78
08
08
08
08
ENDCHAR
STARTCHAR 0667
ENCODING 1639
SWIDTH 687 0
DWIDTH 11 0
BBX 5 7 3 0
BITMAP
88
88
D8
70
70
20
20
ENDCHAR
STARTCHAR 0668
ENCODING 1640
SWIDTH 687 0
DWIDTH 11 0
BBX 5 7 3 0
BITMAP
20
20
70
70
D8
88
88
ENDCHAR
STARTCHAR 0669
ENCODING 1641
SWIDTH 687 0
DWIDTH 11 0
BBX 5 7 3 0
BITMAP
70
F8
88
F8
78
08
08
ENDCHAR
STARTCHAR 066A
ENCODING 1642
SWIDTH 687 0
DWIDTH 11 0
BBX 7 7 2 0
BITMAP
42
E4
48
10
24
4E
84
ENDCHAR
STARTCHAR 066B
ENCODING 1643
SWIDTH 687 0
DWIDTH 11 0
BBX 2 4 4 -2
BITMAP
C0
C0
40
80
ENDCHAR
STARTCHAR 066C
ENCODING 1644
SWIDTH 687 0
DWIDTH 11 0
BBX 2 4 4 5
BITMAP
C0
C0
40
80
ENDCHAR
STARTCHAR 066D
ENCODING 1645
SWIDTH 687 0
DWIDTH 11 0
BBX 5 5 3 3
BITMAP
20
F8
70
70
88
ENDCHAR
STARTCHAR 066E
ENCODING 1646
SWIDTH 687 0
DWIDTH 11 0
BBX 9 4 1 0
BITMAP
8080
8080
FF80
7F00
ENDCHAR
STARTCHAR 066F
ENCODING 1647
SWIDTH 687 0
DWIDTH 11 0
BBX 8 8 2 -3
BITMAP
0E
1F
11
9F
8F
C3
7E
3C
ENDCHAR
STARTCHAR 0671
ENCODING 1649
SWIDTH 687 0
DWIDTH 11 0
BBX 6 13 4 0
BITMAP
18
24
F8
00
20
20
20
20
20
20
20
20
20
ENDCHAR
STARTCHAR 0672
ENCODING 1650
SWIDTH 687 0
DWIDTH 11 0
BBX 7 13 2 0
BITMAP
06
68
DE
00
08
08
08
08
08
08
08
08
08
ENDCHAR
STARTCHAR 0673
ENCODING 1651
SWIDTH 687 0
DWIDTH 11 0
BBX 7 12 2 -3
BITMAP
08
08
08
08
08
08
08
08
08
06
68
DE
ENDCHAR
STARTCHAR 0674
ENCODING 1652
SWIDTH 687 0
DWIDTH 11 0
BBX 3 3 2 7
BITMAP
60
80
E0
ENDCHAR
STARTCHAR 0675
ENCODING 1653
SWIDTH 687 0
DWIDTH 11 0
BBX 6 10 3 0
BITMAP
0C
90
9C
80
80
80
80
80
80
80
ENDCHAR
STARTCHAR 0676
ENCODING 1654
SWIDTH 687 0
DWIDTH 11 0
BBX 8 12 2 -3
BITMAP
03
04
07
00
70
F8
88
F8
78
10
70
60
ENDCHAR
STARTCHAR 0677
ENCODING 1655
SWIDTH 687 0
DWIDTH 11 0
BBX 8 13 1 -3
BITMAP
40
A3
64
27
40
1C
3E
22
3E
1E
04
1C
18
ENDCHAR
STARTCHAR 0678
ENCODING 1656
SWIDTH 687 0
DWIDTH 11 0
BBX 9 12 1 -1
BITMAP
0180
0200
0380
0000
0780
0F80
0800
0F00
8780
8080
FF80
7F00
ENDCHAR
STARTCHAR 0679
ENCODING 1657
SWIDTH 687 0
DWIDTH 11 0
BBX 9 9 1 0
BITMAP
1000
1C00
1200
3C00
0000
8080
8080
FF80
7F00
ENDCHAR
STARTCHAR 067A
ENCODING 1658
SWIDTH 687 0
DWIDTH 11 0
BBX 9 8 1 0
BITMAP
0800
0000
0800
0000
8080
8080
FF80
7F00
ENDCHAR
STARTCHAR 067B
ENCODING 1659
SWIDTH 687 0
DWIDTH 11 0
BBX 9 7 1 -3
BITMAP
8080
8080
FF80
7F00
0800
0000
0800
ENDCHAR
STARTCHAR 067C
ENCODING 1660
SWIDTH 687 0
DWIDTH 11 0
BBX 9 9 1 -3
BITMAP
1400
0000
8080
8080
FF80
7F00
0800
1400
0800
ENDCHAR
STARTCHAR 067D
ENCODING 1661
SWIDTH 687 0
DWIDTH 11 0
BBX 9 8 1 0
BITMAP
1400
0000
0800
0000
8080
8080
FF80
7F00
ENDCHAR
STARTCHAR 067E
ENCODING 1662
SWIDTH 687 0
DWIDTH 11 0
BBX 9 6 1 -2
BITMAP
8080
8080
FF80
7F00
0000
2A00
ENDCHAR
STARTCHAR 067F
ENCODING 1663
SWIDTH 687 0
DWIDTH 11 0
BBX 9 8 1 0
BITMAP
1400
0000
1400
0000
8080
8080
FF80
7F00
ENDCHAR
STARTCHAR 0680
ENCODING 1664
SWIDTH 687 0
DWIDTH 11 0
BBX 9 7 1 -3
BITMAP
8080
8080
FF80
7F00
1400
0000
1400
ENDCHAR
STARTCHAR 0681
ENCODING 1665
SWIDTH 687 0
DWIDTH 11 0
BBX 9 14 1 -3
BITMAP
0C00
1000
1C00
0000
3C00
6600
0300
3F80
7F00
C000
8000
C000
7F00
3E00
ENDCHAR
STARTCHAR 0682
ENCODING 1666
SWIDTH 687 0
DWIDTH 11 0
BBX 9 14 1 -3
BITMAP
0800
0000
0800
0000
3C00
6600
0300
3F80
7F00
C000
8000
C000
7F00
3E00
ENDCHAR
STARTCHAR 0683
ENCODING 1667
SWIDTH 687 0
DWIDTH 11 0
BBX 9 10 1 -3
BITMAP
3C00
6600
0300
3F80
7F00
C000
8A00
C000
7F00
3E00
ENDCHAR
STARTCHAR 0684
ENCODING 1668
SWIDTH 687 0
DWIDTH 11 0
BBX 9 11 1 -3
BITMAP
3C00
6600
0300
3F80
7F00
C000
8800
8000
C800
6100
3E00
ENDCHAR
STARTCHAR 0685
ENCODING 1669
SWIDTH 687 0
DWIDTH 11 0
BBX 9 14 1 -3
BITMAP
0800
0000
1400
0000
3C00
6600
0300
3F80
7F00
C000
8000
C000
7F00
3E00
ENDCHAR
STARTCHAR 0686
ENCODING 1670
SWIDTH 687 0
DWIDTH 11 0
BBX 9 10 1 -3
BITMAP
3C00
6600
0300
3F80
7F00
C000
9500
C000
7F00
3E00
ENDCHAR
STARTCHAR 0687
ENCODING 1671
SWIDTH 687 0
DWIDTH 11 0
BBX 9 11 1 -3
BITMAP
3C00
6600
0300
3F80
7F00
C000
9400
8000
D400
6100
3E00
ENDCHAR
STARTCHAR 0688
ENCODING 1672
SWIDTH 687 0
DWIDTH 11 0
BBX 6 11 2 0
BITMAP
40
70
48
F0
00
60
70
18
0C
FC
F8
ENDCHAR
STARTCHAR 0689
ENCODING 1673
SWIDTH 687 0
DWIDTH 11 0
BBX 6 9 2 -3
BITMAP
60
70
18
0C
FC
F8
20
50
20
ENDCHAR
STARTCHAR 068A
ENCODING 1674
SWIDTH 687 0
DWIDTH 11 0
BBX 6 8 2 -2
BITMAP
60
70
18
0C
FC
F8
00
20
ENDCHAR
STARTCHAR 068B
ENCODING 1675
SWIDTH 687 0
DWIDTH 11 0
BBX 6 13 2 -2
BITMAP
40
70
48
F0
00
60
70
18
0C
FC
F8
00
20
ENDCHAR
STARTCHAR 068C
ENCODING 1676
SWIDTH 687 0
DWIDTH 11 0
BBX 6 8 2 0
BITMAP
50
00
60
70
18
0C
FC
F8
ENDCHAR
STARTCHAR 068D
ENCODING 1677
SWIDTH 687 0
DWIDTH 11 0
BBX 6 8 2 -2
BITMAP
60
70
18
0C
FC
F8
00
50
ENDCHAR
STARTCHAR 068E
ENCODING 1678
SWIDTH 687 0
DWIDTH 11 0
BBX 6 10 2 0
BITMAP
20
00
50
00
60
70
18
0C
FC
F8
ENDCHAR
STARTCHAR 068F
ENCODING 1679
SWIDTH 687 0
DWIDTH 11 0
BBX 6 10 2 0
BITMAP
50
00
20
00
60
70
18
0C
FC
F8
ENDCHAR
STARTCHAR 0690
ENCODING 1680
SWIDTH 687 0
DWIDTH 11 0
BBX 6 10 2 0
BITMAP
50
00
50
00
60
70
18
0C
FC
F8
ENDCHAR
STARTCHAR 0691
ENCODING 1681
SWIDTH 687 0
DWIDTH 11 0
BBX 6 13 3 -3
BITMAP
20
38
24
78
00
10
10
10
10
30
20
E0
C0
ENDCHAR
STARTCHAR 0692
ENCODING 1682
SWIDTH 687 0
DWIDTH 11 0
BBX 5 12 3 -3
BITMAP
28
28
10
00
10
10
10
10
30
20
E0
C0
ENDCHAR
STARTCHAR 0693
ENCODING 1683
SWIDTH 687 0
DWIDTH 11 0
BBX 5 8 3 -3
BITMAP
10
10
10
10
30
28
E8
D0
ENDCHAR
STARTCHAR 0694
ENCODING 1684
SWIDTH 687 0
DWIDTH 11 0
BBX 5 8 3 -3
BITMAP
10
10
10
10
30
20
E8
C0
ENDCHAR
STARTCHAR 0695
ENCODING 1685
SWIDTH 687 0
DWIDTH 11 0
BBX 7 8 3 -3
BITMAP
10
10
10
10
30
20
EA
C4
ENDCHAR
STARTCHAR 0696
ENCODING 1686
SWIDTH 687 0
DWIDTH 11 0
BBX 5 8 3 -3
BITMAP
10
10
10
90
30
20
E8
C0
ENDCHAR
STARTCHAR 0697
ENCODING 1687
SWIDTH 687 0
DWIDTH 11 0
BBX 5 10 3 -3
BITMAP
28
00
10
10
10
10
30
20
E0
C0
ENDCHAR
STARTCHAR 0698
ENCODING 1688
SWIDTH 687 0
DWIDTH 11 0
BBX 5 12 3 -3
BITMAP
10
00
28
00
10
10
10
10
30
20
E0
C0
ENDCHAR
STARTCHAR 0699
ENCODING 1689
SWIDTH 687 0
DWIDTH 11 0
BBX 5 12 3 -3
BITMAP
28
00
28
00
10
10
10
10
30
20
E0
C0
ENDCHAR
STARTCHAR 069A
ENCODING 1690
SWIDTH 687 0
DWIDTH 11 0
BBX 11 10 0 -3
BITMAP
0100
0000
0020
1120
1920
0FE0
8EC0
8800
F900
7000
ENDCHAR
STARTCHAR 069B
ENCODING 1691
SWIDTH 687 0
DWIDTH 11 0
BBX 11 8 0 -3
BITMAP
0020
1120
1920
0FE0
8EC0
8800
FAA0
7000
ENDCHAR
STARTCHAR 069C
ENCODING 1692
SWIDTH 687 0
DWIDTH 11 0
BBX 11 12 0 -3
BITMAP
0100
0000
0280
0000
0020
1120
1920
0FE0
8EC0
8800
FAA0
7000
ENDCHAR
STARTCHAR 069D
ENCODING 1693
SWIDTH 687 0
DWIDTH 11 0
BBX 11 9 0 -3
BITMAP
01C0
03E0
1620
1C20
0FE0
8FC0
8800
FA80
7000
ENDCHAR
STARTCHAR 069E
ENCODING 1694
SWIDTH 687 0
DWIDTH 11 0
BBX 11 13 0 -3
BITMAP
0100
0000
0280
0000
01C0
03E0
1620
1C20
0FE0
8FC0
8800
F800
7000
ENDCHAR
STARTCHAR 069F
ENCODING 1695
SWIDTH 687 0
DWIDTH 11 0
BBX 9 10 1 0
BITMAP
0400
2000
2A00
2000
2700
2F80
3880
3080
FF80
FF00
ENDCHAR
STARTCHAR 06A0
ENCODING 1696
SWIDTH 687 0
DWIDTH 11 0
BBX 7 14 2 -3
BITMAP
20
00
50
00
70
F8
80
F8
70
C0
82
C6
FC
78
ENDCHAR
STARTCHAR 06A1
ENCODING 1697
SWIDTH 687 0
DWIDTH 11 0
BBX 9 8 1 -3
BITMAP
0700
0F80
0880
0F80
8780
8180
FF00
7E00
ENDCHAR
STARTCHAR 06A2
ENCODING 1698
SWIDTH 687 0
DWIDTH 11 0
BBX 9 10 1 -3
BITMAP
0700
0F80
0880
0F80
8780
8180
FF00
7E00
0000
0200
ENDCHAR
STARTCHAR 06A3
ENCODING 1699
SWIDTH 687 0
DWIDTH 11 0
BBX 9 12 1 -3
BITMAP
0200
0000
0700
0F80
0880
0F80
8780
8180
FF00
7E00
0000
0800
ENDCHAR
STARTCHAR 06A4
ENCODING 1700
SWIDTH 687 0
DWIDTH 11 0
BBX 9 12 1 -3
BITMAP
0200
0000
0500
0000
0700
0F80
0880
0F80
8780
8180
FF00
7E00
ENDCHAR
STARTCHAR 06A5
ENCODING 1701
SWIDTH 687 0
DWIDTH 11 0
BBX 9 10 1 -3
BITMAP
0700
0F80
0880
0F80
8780
8180
FF00
7E00
0000
0A80
ENDCHAR
STARTCHAR 06A6
ENCODING 1702
SWIDTH 687 0
DWIDTH 11 0
BBX 9 12 1 -3
BITMAP
0500
0000
0500
0000
0700
0F80
0880
0F80
8780
8180
FF00
7E00
ENDCHAR
STARTCHAR 06A7
ENCODING 1703
SWIDTH 687 0
DWIDTH 11 0
BBX 8 10 2 -3
BITMAP
04
00
0E
1F
11
9F
8F
C3
7E
3C
ENDCHAR
STARTCHAR 06A8
ENCODING 1704
SWIDTH 687 0
DWIDTH 11 0
BBX 8 12 2 -3
BITMAP
04
00
0A
00
0E
1F
11
9F
8F
C3
7E
3C
ENDCHAR
STARTCHAR 06A9
ENCODING 1705
SWIDTH 687 0
DWIDTH 11 0
BBX 9 10 1 0
BITMAP
0080
0180
0300
0600
0400
0600
8300
8180
FF80
7F00
ENDCHAR
STARTCHAR 06AA
ENCODING 1706
SWIDTH 687 0
DWIDTH 11 0
BBX 11 8 0 0
BITMAP
0600
0C00
1800
3000
9FC0
8060
FFE0
7FC0
ENDCHAR
STARTCHAR 06AB
ENCODING 1707
SWIDTH 687 0
DWIDTH 11 0
BBX 11 10 0 0
BITMAP
0080
0180
0340
06A0
0440
0600
8300
8180
FF80
7F00
ENDCHAR
STARTCHAR 06AC
ENCODING 1708
SWIDTH 687 0
DWIDTH 11 0
BBX 7 10 2 0
BITMAP
10
02
12
22
12
22
02
82
FE
7C
ENDCHAR
STARTCHAR 06AD
ENCODING 1709
SWIDTH 687 0
DWIDTH 11 0
BBX 7 12 2 0
BITMAP
10
00
28
02
12
22
12
22
02
82
FE
7C
ENDCHAR
STARTCHAR 06AE
ENCODING 1710
SWIDTH 687 0
DWIDTH 11 0
BBX 7 11 2 -2
BITMAP
02
12
22
12
22
02
82
FE
7C
00
54
ENDCHAR
STARTCHAR 06AF
ENCODING 1711
SWIDTH 687 0
DWIDTH 11 0
BBX 9 11 1 0
BITMAP
0100
0280
0580
0B00
0600
0400
0600
8300
8180
FF80
7F00
ENDCHAR
STARTCHAR 06B0
ENCODING 1712
SWIDTH 687 0
DWIDTH 11 0
BBX 11 11 0 0
BITMAP
0100
0280
0580
0B40
06A0
0440
0600
8300
8180
FF80
7F00
ENDCHAR
STARTCHAR 06B1
ENCODING 1713
SWIDTH 687 0
DWIDTH 11 0
BBX 9 11 1 0
BITMAP
2900
0280
0580
0B00
0600
0400
0600
8300
8180
FF80
7F00
ENDCHAR
STARTCHAR 06B2
ENCODING 1714
SWIDTH 687 0
DWIDTH 11 0
BBX 9 13 1 -2
BITMAP
0100
0280
0580
0B00
0600
0400
0600
8300
8180
FF80
7F00
0000
1400
ENDCHAR
STARTCHAR 06B3
ENCODING 1715
SWIDTH 687 0
DWIDTH 11 0
BBX 9 14 1 -3
BITMAP
0100
0280
0580
0B00
0600
0400
0600
8300
8180
FF80
7F00
0800
0000
0800
ENDCHAR
STARTCHAR 06B4
ENCODING 1716
SWIDTH 687 0
DWIDTH 11 0
BBX 9 13 1 0
BITMAP
1000
0000
2900
0280
0580
0B00
0600
0400
0600
8300
8180
FF80
7F00
ENDCHAR
STARTCHAR 06B5
ENCODING 1717
SWIDTH 687 0
DWIDTH 11 0
BBX 8 16 2 -3
BITMAP
05
05
02
00
02
02
02
02
02
02
02
82
82
C6
7C
38
ENDCHAR
STARTCHAR 06B6
ENCODING 1718
SWIDTH 687 0
DWIDTH 11 0
BBX 7 14 2 -3
BITMAP
02
00
02
02
02
02
02
02
02
82
82
C6
7C
38
ENDCHAR
STARTCHAR 06B7
ENCODING 1719
SWIDTH 687 0
DWIDTH 11 0
BBX 8 16 2 -3
BITMAP
02
00
05
00
02
02
02
02
02
02
02
82
82
C6
7C
38
ENDCHAR
STARTCHAR 06B8
ENCODING 1720
SWIDTH 687 0
DWIDTH 11 0
BBX 6 12 3 -3
BITMAP
04
04
04
04
04
04
04
8C
F8
70
00
A8
ENDCHAR
STARTCHAR 06B9
ENCODING 1721
SWIDTH 687 0
DWIDTH 11 0
BBX 9 10 1 -3
BITMAP
0800
0000
8080
8080
8080
C180
7F00
3E00
0000
0800
ENDCHAR
STARTCHAR 06BA
ENCODING 1722
SWIDTH 687 0
DWIDTH 11 0
BBX 9 6 1 -2
BITMAP
8080
8080
8080
C180
7F00
3E00
ENDCHAR
STARTCHAR 06BB
ENCODING 1723
SWIDTH 687 0
DWIDTH 11 0
BBX 9 11 1 -2
BITMAP
1000
1C00
1200
3C00
0000
8080
8080
8080
C180
7F00
3E00
ENDCHAR
STARTCHAR 06BC
ENCODING 1724
SWIDTH 687 0
DWIDTH 11 0
BBX 9 10 1 -3
BITMAP
0800
0000
8080
8080
8080
C180
7F00
3E00
1400
0800
ENDCHAR
STARTCHAR 06BD
ENCODING 1725
SWIDTH 687 0
DWIDTH 11 0
BBX 9 10 1 -2
BITMAP
0800
0000
1400
0000
8080
8080
8080
C180
7F00
3E00
ENDCHAR
STARTCHAR 06BE
ENCODING 1726
SWIDTH 687 0
DWIDTH 11 0
BBX 8 8 1 0
BITMAP
10
18
0C
1E
3F
25
7F
FE
ENDCHAR
STARTCHAR 06BF
ENCODING 1727
SWIDTH 687 0
DWIDTH 11 0
BBX 9 12 1 -3
BITMAP
0800
0000
3C00
6600
0300
3F80
7F00
C000
9500
C000
7F00
3E00
ENDCHAR
STARTCHAR 06C0
ENCODING 1728
SWIDTH 687 0
DWIDTH 11 0
BBX 5 10 3 0
BITMAP
30
40
70
00
70
F8
88
88
F8
70
ENDCHAR
STARTCHAR 06C1
ENCODING 1729
SWIDTH 687 0
DWIDTH 11 0
BBX 11 7 0 -3
BITMAP
0800
1800
F8E0
EBE0
0F00
0C00
0800
ENDCHAR
STARTCHAR 06C2
ENCODING 1730
SWIDTH 687 0
DWIDTH 11 0
BBX 11 12 0 -3
BITMAP
0600
0800
0E00
0000
0000
0800
1800
F8E0
EBE0
0F00
0C00
0800
ENDCHAR
STARTCHAR 06C3
ENCODING 1731
SWIDTH 687 0
DWIDTH 11 0
BBX 8 7 3 -1
BITMAP
50
00
20
30
7F
CF
80
ENDCHAR
STARTCHAR 06C4
ENCODING 1732
SWIDTH 687 0
DWIDTH 11 0
BBX 8 8 1 -3
BITMAP
0E
1F
11
1F
2F
52
7E
FC
ENDCHAR
STARTCHAR 06C5
ENCODING 1733
SWIDTH 687 0
DWIDTH 11 0
BBX 7 8 1 -3
BITMAP
1C
3E
22
3E
DE
64
3C
F8
ENDCHAR
STARTCHAR 06C6
ENCODING 1734
SWIDTH 687 0
DWIDTH 11 0
BBX 5 12 3 -3
BITMAP
50
50
20
00
70
F8
88
F8
78
10
70
60
ENDCHAR
STARTCHAR 06C7
ENCODING 1735
SWIDTH 687 0
DWIDTH 11 0
BBX 5 14 3 -3
BITMAP
20
50
30
10
20
00
70
F8
88
F8
78
10
70
60
ENDCHAR
STARTCHAR 06C8
ENCODING 1736
SWIDTH 687 0
DWIDTH 11 0
BBX 5 12 3 -3
BITMAP
20
20
20
00
70
F8
88
F8
78
10
70
60
ENDCHAR
STARTCHAR 06C9
ENCODING 1737
SWIDTH 687 0
DWIDTH 11 0
BBX 5 11 3 -3
BITMAP
20
50
00
70
F8
88
F8
78
10
70
60
ENDCHAR
STARTCHAR 06CA
ENCODING 1738
SWIDTH 687 0
DWIDTH 11 0
BBX 5 10 3 -3
BITMAP
50
00
70
F8
88
F8
78
10
70
60
ENDCHAR
STARTCHAR 06CB
ENCODING 1739
SWIDTH 687 0
DWIDTH 11 0
BBX 5 12 3 -3
BITMAP
20
00
50
00
70
F8
88
F8
78
10
70
60
ENDCHAR
STARTCHAR 06CC
ENCODING 1740
SWIDTH 687 0
DWIDTH 11 0
BBX 9 8 1 -1
BITMAP
0780
0F80
0800
0F00
8780
8080
FF80
7F00
ENDCHAR
STARTCHAR 06CD
ENCODING 1741
SWIDTH 687 0
DWIDTH 11 0
BBX 11 8 0 -1
BITMAP
01E0
03E0
0200
03C0
E1E0
2020
3FE0
1FC0
ENDCHAR
STARTCHAR 06CE
ENCODING 1742
SWIDTH 687 0
DWIDTH 11 0
BBX 9 9 1 -1
BITMAP
A000
A780
4F80
0800
0F00
8780
8080
FF80
7F00
ENDCHAR
STARTCHAR 06CF
ENCODING 1743
SWIDTH 687 0
DWIDTH 11 0
BBX 5 10 3 -3
BITMAP
20
00
70
F8
88
F8
78
10
70
60
ENDCHAR
STARTCHAR 06D0
ENCODING 1744
SWIDTH 687 0
DWIDTH 11 0
BBX 9 11 1 -3
BITMAP
0780
0F80
0800
0F00
8780
8080
FF80
7F00
1000
0000
1000
ENDCHAR
STARTCHAR 06D1
ENCODING 1745
SWIDTH 687 0
DWIDTH 11 0
BBX 9 10 1 -3
BITMAP
0780
0F80
0800
0F00
8780
8080
FF80
7F00
0000
5400
ENDCHAR
STARTCHAR 06D2
ENCODING 1746
SWIDTH 687 0
DWIDTH 11 0
BBX 9 7 1 -3
BITMAP
0400
1C00
7800
E000
8000
FF80
7F80
ENDCHAR
STARTCHAR 06D3
ENCODING 1747
SWIDTH 687 0
DWIDTH 11 0
BBX 9 10 1 -3
BITMAP
6000
8000
E000
0400
1C00
7800
E000
8000
FF80
7F80
ENDCHAR
STARTCHAR 06D4
ENCODING 1748
SWIDTH 687 0
DWIDTH 11 0
BBX 5 1 3 3
BITMAP
F8
ENDCHAR
STARTCHAR 06D5
ENCODING 1749
SWIDTH 687 0
DWIDTH 11 0
BBX 5 6 3 0
BITMAP
70
F8
88
88
F8
70
ENDCHAR
STARTCHAR 06F0
ENCODING 1776
SWIDTH 687 0
DWIDTH 11 0
BBX 3 3 4 2
BITMAP
40
E0
40
ENDCHAR
STARTCHAR 06F1
ENCODING 1777
SWIDTH 687 0
DWIDTH 11 0
BBX 2 7 4 0
BITMAP
80
80
40
40
40
40
40
ENDCHAR
STARTCHAR 06F2
ENCODING 1778
SWIDTH 687 0
DWIDTH 11 0
BBX 5 7 3 0
BITMAP
88
F8
70
40
40
40
40
ENDCHAR
STARTCHAR 06F3
ENCODING 1779
SWIDTH 687 0
DWIDTH 11 0
BBX 6 7 3 0
BITMAP
94
FC
68
40
40
40
40
ENDCHAR
STARTCHAR 06F4
ENCODING 1780
SWIDTH 687 0
DWIDTH 11 0
BBX 5 8 3 0
BITMAP
18
A0
F8
70
40
40
40
40
ENDCHAR
STARTCHAR 06F5
ENCODING 1781
SWIDTH 687 0
DWIDTH 11 0
BBX 5 7 3 0
BITMAP
20
70
D8
88
A8
F8
50
ENDCHAR
STARTCHAR 06F6
ENCODING 1782
SWIDTH 687 0
DWIDTH 11 0
BBX 5 8 3 0
BITMAP
70
F8
80
D8
78
60
C0
80
ENDCHAR
STARTCHAR 06F7
ENCODING 1783
SWIDTH 687 0
DWIDTH 11 0
BBX 5 7 3 0
BITMAP
88
88
D8
70
70
20
20
ENDCHAR
STARTCHAR 06F8
ENCODING 1784
SWIDTH 687 0
DWIDTH 11 0
BBX 5 7 3 0
BITMAP
20
20
70
70
D8
88
88
ENDCHAR
STARTCHAR 06F9
ENCODING 1785
SWIDTH 687 0
DWIDTH 11 0
BBX 5 7 3 0
BITMAP
70
F8
88
F8
78
08
08
ENDCHAR
STARTCHAR 06FA
ENCODING 1786
SWIDTH 687 0
DWIDTH 11 0
BBX 11 12 0 -3
BITMAP
0100
0000
0280
0000
0020
1120
1920
0FE0
8EC0
8800
F900
7000
ENDCHAR
STARTCHAR 06FB
ENCODING 1787
SWIDTH 687 0
DWIDTH 11 0
BBX 11 11 0 -3
BITMAP
0100
0000
01C0
03E0
1620
1C20
0FE0
8FC0
8800
F900
7000
ENDCHAR
STARTCHAR 06FC
ENCODING 1788
SWIDTH 687 0
DWIDTH 11 0
BBX 7 12 2 -3
BITMAP
20
00
70
F8
80
F8
70
C0
92
C6
FC
78
ENDCHAR
STARTCHAR 06FD
ENCODING 1789
SWIDTH 687 0
DWIDTH 11 0
BBX 6 10 2 -2
BITMAP
38
7C
40
FC
F8
00
50
50
50
50
ENDCHAR
STARTCHAR 06FE
ENCODING 1790
SWIDTH 687 0
DWIDTH 11 0
BBX 5 10 3 -2
BITMAP
60
F0
98
78
F8
80
A8
A8
A8
A8
ENDCHAR
STARTCHAR 06FF
ENCODING 1791
SWIDTH 687 0
DWIDTH 11 0
BBX 8 11 1 0
BITMAP
08
14
00
10
18
0C
1E
3F
25
7F
FE
ENDCHAR
STARTCHAR 0780
ENCODING 1920
SWIDTH 500 0
DWIDTH 8 0
BBX 2 7 3 0
BITMAP
C0
C0
C0
C0
C0
C0
C0
ENDCHAR
STARTCHAR 0781
ENCODING 1921
SWIDTH 500 0
DWIDTH 8 0
BBX 7 7 1 0
BITMAP
66
FC
F8
60
60
60
60
ENDCHAR
STARTCHAR 0782
ENCODING 1922
SWIDTH 500 0
DWIDTH 8 0
BBX 7 7 1 0
BITMAP
6A
FE
FC
60
60
60
60
ENDCHAR
STARTCHAR 0783
ENCODING 1923
SWIDTH 500 0
DWIDTH 8 0
BBX 6 7 1 0
BITMAP
30
FC
FC
30
30
30
30
ENDCHAR
STARTCHAR 0784
ENCODING 1924
SWIDTH 500 0
DWIDTH 8 0
BBX 7 5 1 2
BITMAP
7C
DA
DA
DA
7C
ENDCHAR
STARTCHAR 0785
ENCODING 1925
SWIDTH 500 0
DWIDTH 8 0
BBX 6 7 1 0
BITMAP
CC
CC
FC
7C
0C
0C
0C
ENDCHAR
STARTCHAR 0786
ENCODING 1926
SWIDTH 500 0
DWIDTH 8 0
BBX 6 5 1 2
BITMAP
CC
CC
78
78
30
ENDCHAR
STARTCHAR 0787
ENCODING 1927
SWIDTH 500 0
DWIDTH 8 0
BBX 6 5 1 2
BITMAP
30
78
78
CC
CC
ENDCHAR
STARTCHAR 0788
ENCODING 1928
SWIDTH 500 0
DWIDTH 8 0
BBX 6 7 1 0
BITMAP
78
FC
CC
7C
0C
0C
0C
ENDCHAR
STARTCHAR 0789
ENCODING 1929
SWIDTH 500 0
DWIDTH 8 0
BBX 5 7 1 0
BITMAP
F0
F8
18
18
18
18
18
ENDCHAR
STARTCHAR 078A
ENCODING 1930
SWIDTH 500 0
DWIDTH 8 0
BBX 4 8 2 0
BITMAP
60
C0
70
C0
60
30
30
30
ENDCHAR
STARTCHAR 078B
ENCODING 1931
SWIDTH 500 0
DWIDTH 8 0
BBX 5 8 2 0
BITMAP
40
70
38
18
F0
60
60
60
ENDCHAR
STARTCHAR 078C
ENCODING 1932
SWIDTH 500 0
DWIDTH 8 0
BBX 6 7 1 0
BITMAP
78
E4
F8
C0
78
0C
F8
ENDCHAR
STARTCHAR 078D
ENCODING 1933
SWIDTH 500 0
DWIDTH 8 0
BBX 5 7 1 0
BITMAP
C0
C0
F8
D8
18
18
18
ENDCHAR
STARTCHAR 078E
ENCODING 1934
SWIDTH 500 0
DWIDTH 8 0
BBX 5 7 2 0
BITMAP
C0
C0
C0
70
18
78
70
ENDCHAR
STARTCHAR 078F
ENCODING 1935
SWIDTH 500 0
DWIDTH 8 0
BBX 7 7 1 0
BITMAP
6A
FE
FC
60
60
7E
3E
ENDCHAR
STARTCHAR 0790
ENCODING 1936
SWIDTH 500 0
DWIDTH 8 0
BBX 7 4 1 3
BITMAP
02
FE
FC
C0
ENDCHAR
STARTCHAR 0791
ENCODING 1937
SWIDTH 500 0
DWIDTH 8 0
BBX 6 7 1 0
BITMAP
C0
C0
F0
30
30
3C
3C
ENDCHAR
STARTCHAR 0792
ENCODING 1938
SWIDTH 500 0
DWIDTH 8 0
BBX 7 7 1 0
BITMAP
30
FC
FC
30
30
3E
1E
ENDCHAR
STARTCHAR 0793
ENCODING 1939
SWIDTH 500 0
DWIDTH 8 0
BBX 7 7 1 0
BITMAP
7C
DA
DA
7C
30
3E
1E
ENDCHAR
STARTCHAR 0794
ENCODING 1940
SWIDTH 500 0
DWIDTH 8 0
BBX 7 7 1 0
BITMAP
60
FC
FE
66
66
60
60
ENDCHAR
STARTCHAR 0795
ENCODING 1941
SWIDTH 500 0
DWIDTH 8 0
BBX 7 8 1 0
BITMAP
60
C0
70
C0
60
30
36
36
ENDCHAR
STARTCHAR 0796
ENCODING 1942
SWIDTH 500 0
DWIDTH 8 0
BBX 6 8 1 0
BITMAP
40
70
38
18
F0
60
7C
3C
ENDCHAR
STARTCHAR 0797
ENCODING 1943
SWIDTH 500 0
DWIDTH 8 0
BBX 6 8 1 0
BITMAP
0C
18
38
64
78
30
18
F0
ENDCHAR
STARTCHAR 0798
ENCODING 1944
SWIDTH 500 0
DWIDTH 8 0
BBX 6 8 1 0
BITMAP
54
00
38
64
78
30
18
F0
ENDCHAR
STARTCHAR 0799
ENCODING 1945
SWIDTH 500 0
DWIDTH 8 0
BBX 5 7 2 0
BITMAP
C0
C0
C0
C0
C8
C0
C0
ENDCHAR
STARTCHAR 079A
ENCODING 1946
SWIDTH 500 0
DWIDTH 8 0
BBX 5 7 1 0
BITMAP
18
18
98
18
18
18
18
ENDCHAR
STARTCHAR 079B
ENCODING 1947
SWIDTH 500 0
DWIDTH 8 0
BBX 6 8 1 0
BITMAP
20
B8
1C
0C
78
30
30
30
ENDCHAR
STARTCHAR 079C
ENCODING 1948
SWIDTH 500 0
DWIDTH 8 0
BBX 6 8 1 0
BITMAP
80
30
FC
FC
30
30
30
30
ENDCHAR
STARTCHAR 079D
ENCODING 1949
SWIDTH 500 0
DWIDTH 8 0
BBX 7 5 1 3
BITMAP
A8
02
FE
FC
C0
ENDCHAR
STARTCHAR 079E
ENCODING 1950
SWIDTH 500 0
DWIDTH 8 0
BBX 7 5 1 2
BITMAP
02
FE
FC
C0
08
ENDCHAR
STARTCHAR 079F
ENCODING 1951
SWIDTH 500 0
DWIDTH 8 0
BBX 7 5 1 3
BITMAP
10
02
FE
FC
C0
ENDCHAR
STARTCHAR 07A0
ENCODING 1952
SWIDTH 500 0
DWIDTH 8 0
BBX 7 7 1 0
BITMAP
78
E4
F8
C2
78
0C
F8
ENDCHAR
STARTCHAR 07A1
ENCODING 1953
SWIDTH 500 0
DWIDTH 8 0
BBX 6 8 1 0
BITMAP
10
00
38
64
78
30
18
F0
ENDCHAR
STARTCHAR 07A2
ENCODING 1954
SWIDTH 500 0
DWIDTH 8 0
BBX 6 7 1 0
BITMAP
30
78
78
CC
CC
00
10
ENDCHAR
STARTCHAR 07A3
ENCODING 1955
SWIDTH 500 0
DWIDTH 8 0
BBX 6 7 1 1
BITMAP
20
00
30
78
78
CC
CC
ENDCHAR
STARTCHAR 07A4
ENCODING 1956
SWIDTH 500 0
DWIDTH 8 0
BBX 5 8 2 0
BITMAP
A0
00
C0
C0
70
18
78
70
ENDCHAR
STARTCHAR 07A5
ENCODING 1957
SWIDTH 500 0
DWIDTH 8 0
BBX 6 8 1 0
BITMAP
20
00
78
FC
CC
7C
0C
0C
ENDCHAR
STARTCHAR 07A6
ENCODING 1958
SWIDTH 0 0
DWIDTH 0 0
BBX 4 1 2 9
BITMAP
F0
ENDCHAR
STARTCHAR 07A7
ENCODING 1959
SWIDTH 0 0
DWIDTH 0 0
BBX 4 2 2 9
BITMAP
F0
F0
ENDCHAR
STARTCHAR 07A8
ENCODING 1960
SWIDTH 0 0
DWIDTH 0 0
BBX 4 1 2 -2
BITMAP
F0
ENDCHAR
STARTCHAR 07A9
ENCODING 1961
SWIDTH 0 0
DWIDTH 0 0
BBX 4 2 2 -3
BITMAP
F0
F0
ENDCHAR
STARTCHAR 07AA
ENCODING 1962
SWIDTH 0 0
DWIDTH 0 0
BBX 3 3 3 9
BITMAP
C0
60
C0
ENDCHAR
STARTCHAR 07AB
ENCODING 1963
SWIDTH 0 0
DWIDTH 0 0
BBX 6 3 1 9
BITMAP
D8
6C
D8
ENDCHAR
STARTCHAR 07AC
ENCODING 1964
SWIDTH 0 0
DWIDTH 0 0
BBX 3 3 2 9
BITMAP
60
C0
60
ENDCHAR
STARTCHAR 07AD
ENCODING 1965
SWIDTH 0 0
DWIDTH 0 0
BBX 6 3 1 9
BITMAP
6C
D8
6C
ENDCHAR
STARTCHAR 07AE
ENCODING 1966
SWIDTH 0 0
DWIDTH 0 0
BBX 6 3 1 9
BITMAP
CC
78
CC
ENDCHAR
STARTCHAR 07AF
ENCODING 1967
SWIDTH 0 0
DWIDTH 0 0
BBX 5 4 2 9
BITMAP
70
D8
C0
70
ENDCHAR
STARTCHAR 07B0
ENCODING 1968
SWIDTH 0 0
DWIDTH 0 0
BBX 5 3 2 9
BITMAP
70
D8
70
ENDCHAR
STARTCHAR 07B1
ENCODING 1969
SWIDTH 500 0
DWIDTH 8 0
BBX 6 7 2 0
BITMAP
60
B0
B0
60
C0
FC
7C
ENDCHAR
STARTCHAR 07C0
ENCODING 1984
SWIDTH 500 0
DWIDTH 8 0
BBX 6 8 1 0
BITMAP
78
CC
CC
CC
CC
CC
CC
78
ENDCHAR
STARTCHAR 07C1
ENCODING 1985
SWIDTH 500 0
DWIDTH 8 0
BBX 6 8 1 0
BITMAP
30
38
34
30
30
30
30
FC
ENDCHAR
STARTCHAR 07C2
ENCODING 1986
SWIDTH 500 0
DWIDTH 8 0
BBX 6 8 1 0
BITMAP
CC
CC
CC
FC
C0
C0
C0
C0
ENDCHAR
STARTCHAR 07C3
ENCODING 1987
SWIDTH 500 0
DWIDTH 8 0
BBX 5 8 1 0
BITMAP
18
18
18
F8
18
18
18
F8
ENDCHAR
STARTCHAR 07C4
ENCODING 1988
SWIDTH 500 0
DWIDTH 8 0
BBX 5 8 1 0
BITMAP
18
18
18
F8
C0
C0
C0
F8
ENDCHAR
STARTCHAR 07C5
ENCODING 1989
SWIDTH 500 0
DWIDTH 8 0
BBX 5 8 2 0
BITMAP
C0
C0
C0
F8
C0
C0
C0
C0
ENDCHAR
STARTCHAR 07C6
ENCODING 1990
SWIDTH 500 0
DWIDTH 8 0
BBX 6 8 1 0
BITMAP
C0
C0
C0
FC
0C
0C
0C
0C
ENDCHAR
STARTCHAR 07C7
ENCODING 1991
SWIDTH 500 0
DWIDTH 8 0
BBX 6 8 1 0
BITMAP
C0
C0
C4
CC
D8
F0
E0
C0
ENDCHAR
STARTCHAR 07C8
ENCODING 1992
SWIDTH 500 0
DWIDTH 8 0
BBX 6 8 1 0
BITMAP
C0
C0
FC
CC
D8
F0
E0
C0
ENDCHAR
STARTCHAR 07C9
ENCODING 1993
SWIDTH 500 0
DWIDTH 8 0
BBX 6 8 1 0
BITMAP
78
CC
CC
CC
78
30
30
30
ENDCHAR
STARTCHAR 07CA
ENCODING 1994
SWIDTH 500 0
DWIDTH 8 0
BBX 2 8 3 0
BITMAP
C0
C0
C0
C0
C0
C0
C0
C0
ENDCHAR
STARTCHAR 07CB
ENCODING 1995
SWIDTH 500 0
DWIDTH 8 0
BBX 6 6 1 0
BITMAP
78
FC
CC
CC
FC
78
ENDCHAR
STARTCHAR 07CC
ENCODING 1996
SWIDTH 500 0
DWIDTH 8 0
BBX 6 8 1 0
BITMAP
CC
CC
78
78
30
30
30
30
ENDCHAR
STARTCHAR 07CD
ENCODING 1997
SWIDTH 500 0
DWIDTH 8 0
BBX 6 6 1 0
BITMAP
30
30
78
78
CC
CC
ENDCHAR
STARTCHAR 07CE
ENCODING 1998
SWIDTH 500 0
DWIDTH 8 0
BBX 6 6 1 0
BITMAP
CC
CC
CC
CC
FC
B8
ENDCHAR
STARTCHAR 07CF
ENCODING 1999
SWIDTH 500 0
DWIDTH 8 0
BBX 6 6 1 0
BITMAP
FC
FC
0C
0C
FC
F8
ENDCHAR
STARTCHAR 07D0
ENCODING 2000
SWIDTH 500 0
DWIDTH 8 0
BBX 6 8 1 0
BITMAP
78
FC
CC
FC
78
30
30
30
ENDCHAR
STARTCHAR 07D1
ENCODING 2001
SWIDTH 500 0
DWIDTH 8 0
BBX 6 8 1 0
BITMAP
30
60
70
30
00
00
FC
FC
ENDCHAR
STARTCHAR 07D2
ENCODING 2002
SWIDTH 500 0
DWIDTH 8 0
BBX 7 9 1 0
BITMAP
60
F0
D0
FE
7E
16
06
06
06
ENDCHAR
STARTCHAR 07D3
ENCODING 2003
SWIDTH 500 0
DWIDTH 8 0
BBX 4 8 2 0
BITMAP
F0
F0
C0
F0
F0
C0
C0
C0
ENDCHAR
STARTCHAR 07D4
ENCODING 2004
SWIDTH 500 0
DWIDTH 8 0
BBX 4 8 2 0
BITMAP
F0
F0
30
F0
F0
30
30
30
ENDCHAR
STARTCHAR 07D5
ENCODING 2005
SWIDTH 500 0
DWIDTH 8 0
BBX 6 8 1 0
BITMAP
C0
C0
F8
FC
CC
CC
FC
F8
ENDCHAR
STARTCHAR 07D6
ENCODING 2006
SWIDTH 500 0
DWIDTH 8 0
BBX 6 8 1 0
BITMAP
FC
FC
60
30
30
18
18
18
ENDCHAR
STARTCHAR 07D7
ENCODING 2007
SWIDTH 500 0
DWIDTH 8 0
BBX 5 8 1 0
BITMAP
18
38
78
D8
98
18
18
18
ENDCHAR
STARTCHAR 07D8
ENCODING 2008
SWIDTH 500 0
DWIDTH 8 0
BBX 7 6 1 0
BITMAP
6C
FE
D6
D6
FE
FE
ENDCHAR
STARTCHAR 07D9
ENCODING 2009
SWIDTH 500 0
DWIDTH 8 0
BBX 4 8 2 0
BITMAP
60
60
F0
60
60
60
60
60
ENDCHAR
STARTCHAR 07DA
ENCODING 2010
SWIDTH 500 0
DWIDTH 8 0
BBX 7 8 1 0
BITMAP
6C
6C
FE
6C
6C
6C
7C
58
ENDCHAR
STARTCHAR 07DB
ENCODING 2011
SWIDTH 500 0
DWIDTH 8 0
BBX 6 6 1 0
BITMAP
7C
FC
CC
CC
FC
F8
ENDCHAR
STARTCHAR 07DC
ENCODING 2012
SWIDTH 500 0
DWIDTH 8 0
BBX 6 8 1 0
BITMAP
FC
FC
CC
48
78
78
30
30
ENDCHAR
STARTCHAR 07DD
ENCODING 2013
SWIDTH 500 0
DWIDTH 8 0
BBX 7 8 1 0
BITMAP
0C
1A
1A
7C
D8
D8
F8
F0
ENDCHAR
STARTCHAR 07DE
ENCODING 2014
SWIDTH 500 0
DWIDTH 8 0
BBX 6 8 1 0
BITMAP
CC
CC
FC
CC
CC
0C
0C
0C
ENDCHAR
STARTCHAR 07DF
ENCODING 2015
SWIDTH 500 0
DWIDTH 8 0
BBX 6 8 1 0
BITMAP
70
F8
98
FC
7C
18
18
18
ENDCHAR
STARTCHAR 07E0
ENCODING 2016
SWIDTH 500 0
DWIDTH 8 0
BBX 6 8 1 0
BITMAP
FC
30
30
30
30
30
30
30
ENDCHAR
STARTCHAR 07E1
ENCODING 2017
SWIDTH 500 0
DWIDTH 8 0
BBX 6 8 1 0
BITMAP
30
30
78
78
48
CC
FC
FC
ENDCHAR
STARTCHAR 07E2
ENCODING 2018
SWIDTH 500 0
DWIDTH 8 0
BBX 6 9 1 0
BITMAP
F0
F0
30
78
CC
FC
78
30
30
ENDCHAR
STARTCHAR 07E3
ENCODING 2019
SWIDTH 500 0
DWIDTH 8 0
BBX 6 8 1 0
BITMAP
7C
FC
CC
CC
0C
0C
0C
0C
ENDCHAR
STARTCHAR 07E4
ENCODING 2020
SWIDTH 500 0
DWIDTH 8 0
BBX 6 8 1 0
BITMAP
C0
FC
FC
CC
CC
0C
0C
0C
ENDCHAR
STARTCHAR 07E5
ENCODING 2021
SWIDTH 500 0
DWIDTH 8 0
BBX 6 8 1 0
BITMAP
7C
7C
0C
7C
FC
CC
FC
7C
ENDCHAR
STARTCHAR 07E6
ENCODING 2022
SWIDTH 500 0
DWIDTH 8 0
BBX 6 8 1 0
BITMAP
30
30
78
CC
FC
78
30
30
ENDCHAR
STARTCHAR 07E7
ENCODING 2023
SWIDTH 500 0
DWIDTH 8 0
BBX 6 9 1 0
BITMAP
FC
FC
30
78
CC
FC
78
30
30
ENDCHAR
STARTCHAR 07EB
ENCODING 2027
SWIDTH 0 0
DWIDTH 0 0
BBX 6 2 1 10
BITMAP
FC
FC
ENDCHAR
STARTCHAR 07EC
ENCODING 2028
SWIDTH 0 0
DWIDTH 0 0
BBX 6 3 1 10
BITMAP
64
FC
98
ENDCHAR
STARTCHAR 07ED
ENCODING 2029
SWIDTH 0 0
DWIDTH 0 0
BBX 2 2 3 10
BITMAP
C0
C0
ENDCHAR
STARTCHAR 07EE
ENCODING 2030
SWIDTH 0 0
DWIDTH 0 0
BBX 6 3 1 10
BITMAP
30
78
CC
ENDCHAR
STARTCHAR 07EF
ENCODING 2031
SWIDTH 0 0
DWIDTH 0 0
BBX 6 3 1 10
BITMAP
30
18
FC
ENDCHAR
STARTCHAR 07F0
ENCODING 2032
SWIDTH 0 0
DWIDTH 0 0
BBX 6 3 1 10
BITMAP
98
FC
64
ENDCHAR
STARTCHAR 07F1
ENCODING 2033
SWIDTH 0 0
DWIDTH 0 0
BBX 6 3 1 10
BITMAP
30
60
FC
ENDCHAR
STARTCHAR 07F2
ENCODING 2034
SWIDTH 0 0
DWIDTH 0 0
BBX 2 2 3 -3
BITMAP
C0
C0
ENDCHAR
STARTCHAR 07F3
ENCODING 2035
SWIDTH 0 0
DWIDTH 0 0
BBX 6 2 1 10
BITMAP
CC
CC
ENDCHAR
STARTCHAR 07F4
ENCODING 2036
SWIDTH 500 0
DWIDTH 8 0
BBX 3 4 3 5
BITMAP
C0
E0
60
C0
ENDCHAR
STARTCHAR 07F5
ENCODING 2037
SWIDTH 500 0
DWIDTH 8 0
BBX 3 4 2 5
BITMAP
60
C0
E0
60
ENDCHAR
STARTCHAR 07F6
ENCODING 2038
SWIDTH 500 0
DWIDTH 8 0
BBX 6 9 1 0
BITMAP
78
FC
CC
CC
7C
18
30
FC
FC
ENDCHAR
STARTCHAR 07F7
ENCODING 2039
SWIDTH 500 0
DWIDTH 8 0
BBX 7 8 1 0
BITMAP
38
44
44
6C
82
82
92
6C
ENDCHAR
STARTCHAR 07F8
ENCODING 2040
SWIDTH 500 0
DWIDTH 8 0
BBX 4 7 2 0
BITMAP
60
60
00
00
00
F0
F0
ENDCHAR
STARTCHAR 07F9
ENCODING 2041
SWIDTH 500 0
DWIDTH 8 0
BBX 4 8 2 0
BITMAP
F0
F0
00
60
60
00
60
60
ENDCHAR
STARTCHAR 07FA
ENCODING 2042
SWIDTH 500 0
DWIDTH 8 0
BBX 8 2 0 0
BITMAP
FF
FF
ENDCHAR
STARTCHAR 0964
ENCODING 2404
SWIDTH 375 0
DWIDTH 6 0
BBX 2 8 2 0
BITMAP
C0
C0
C0
C0
C0
C0
C0
C0
ENDCHAR
STARTCHAR 0965
ENCODING 2405
SWIDTH 562 0
DWIDTH 9 0
BBX 5 8 2 0
BITMAP
D8
D8
D8
D8
D8
D8
D8
D8
ENDCHAR
STARTCHAR 0B82
ENCODING 2946
SWIDTH 562 0
DWIDTH 9 0
BBX 5 4 2 5
BITMAP
70
D8
D8
70
ENDCHAR
STARTCHAR 0B83
ENCODING 2947
SWIDTH 812 0
DWIDTH 13 0
BBX 11 9 1 0
BITMAP
0E00
1B00
1B00
0E00
0000
71C0
DB60
DB60
71C0
ENDCHAR
STARTCHAR 0B85
ENCODING 2949
SWIDTH 875 0
DWIDTH 14 0
BBX 12 8 1 0
BITMAP
0E30
1B30
0F30
0330
7FF0
C330
6630
3C30
ENDCHAR
STARTCHAR 0B86
ENCODING 2950
SWIDTH 1125 0
DWIDTH 18 0
BBX 16 11 1 -3
BITMAP
0E30
1B30
0F30
0330
7FF0
C33E
6633
3C33
0183
0186
00FC
ENDCHAR
STARTCHAR 0B87
ENCODING 2951
SWIDTH 937 0
DWIDTH 15 0
BBX 13 14 1 -2
BITMAP
1F80
30E0
6F30
D9B0
D9D8
CED8
C0D8
60D8
60D8
3F98
71C0
DB60
CE60
7BC0
ENDCHAR
STARTCHAR 0B88
ENCODING 2952
SWIDTH 687 0
DWIDTH 11 0
BBX 9 8 1 0
BITMAP
FF80
C600
C600
C600
D680
C600
C600
C600
ENDCHAR
STARTCHAR 0B89
ENCODING 2953
SWIDTH 687 0
DWIDTH 11 0
BBX 9 8 1 0
BITMAP
7000
D800
7800
1800
7000
C000
C000
7F80
ENDCHAR
STARTCHAR 0B8A
ENCODING 2954
SWIDTH 1187 0
DWIDTH 19 0
BBX 17 8 1 0
BITMAP
71EF80
DB3B00
7B1B00
1B9B00
735B00
C19B00
C00000
7FFF80
ENDCHAR
STARTCHAR 0B8E
ENCODING 2958
SWIDTH 687 0
DWIDTH 11 0
BBX 9 8 1 0
BITMAP
3F80
6300
C300
C300
F300
DB00
DB00
7300
ENDCHAR
STARTCHAR 0B8F
ENCODING 2959
SWIDTH 687 0
DWIDTH 11 0
BBX 9 11 1 -3
BITMAP
3F80
6300
C300
C300
F300
DB00
DB00
7300
0300
0600
1C00
ENDCHAR
STARTCHAR 0B90
ENCODING 2960
SWIDTH 750 0
DWIDTH 12 0
BBX 10 11 1 -3
BITMAP
7B80
CCC0
ECC0
DCC0
6180
0700
3C00
6000
CCC0
CCC0
7780
ENDCHAR
STARTCHAR 0B92
ENCODING 2962
SWIDTH 812 0
DWIDTH 13 0
BBX 11 11 1 -3
BITMAP
3F80
60C0
C060
E660
D7C0
D600
6600
03E0
6180
6300
3E00
ENDCHAR
STARTCHAR 0B93
ENCODING 2963
SWIDTH 812 0
DWIDTH 13 0
BBX 11 11 1 -3
BITMAP
3F80
60C0
C060
E660
D7C0
D600
6600
33E0
6980
6B00
3E00
ENDCHAR
STARTCHAR 0B94
ENCODING 2964
SWIDTH 1750 0
DWIDTH 28 0
BBX 26 11 1 -3
BITMAP
3F81E7C0
60C33D80
C0661980
E6661980
D7C79980
D606D980
6606D980
03E39980
61800000
63000000
3E000000
ENDCHAR
STARTCHAR 0B95
ENCODING 2965
SWIDTH 812 0
DWIDTH 13 0
BBX 11 8 1 0
BITMAP
3F80
3600
3600
7FC0
C660
C660
C660
7CC0
ENDCHAR
STARTCHAR 0B99
ENCODING 2969
SWIDTH 1000 0
DWIDTH 16 0
BBX 14 8 1 0
BITMAP
FF0C
CC0C
CC0C
CF8C
CCCC
CCCC
CCCC
CDFC
ENDCHAR
STARTCHAR 0B9A
ENCODING 2970
SWIDTH 687 0
DWIDTH 11 0
BBX 9 8 1 0
BITMAP
3F80
3600
3600
7F80
C600
C600
C600
7C00
ENDCHAR
STARTCHAR 0B9C
ENCODING 2972
SWIDTH 750 0
DWIDTH 12 0
BBX 10 11 1 -3
BITMAP
7B80
CCC0
ECC0
DCC0
6180
0700
1C00
7000
C380
CEC0
78C0
ENDCHAR
STARTCHAR 0B9E
ENCODING 2974
SWIDTH 1000 0
DWIDTH 16 0
BBX 14 11 1 -3
BITMAP
67F0
CCC0
D8C0
D8F8
DECC
DBCC
DBCC
CECC
600C
3838
0FE0
ENDCHAR
STARTCHAR 0B9F
ENCODING 2975
SWIDTH 750 0
DWIDTH 12 0
BBX 10 8 1 0
BITMAP
C000
C000
C000
C000
C000
C000
C000
FFC0
ENDCHAR
STARTCHAR 0BA3
ENCODING 2979
SWIDTH 1437 0
DWIDTH 23 0
BBX 21 8 1 0
BITMAP
3F7DF8
61C730
C1C730
C36DB0
F36DB0
DB6DB0
DB6DB0
71C730
ENDCHAR
STARTCHAR 0BA4
ENCODING 2980
SWIDTH 812 0
DWIDTH 13 0
BBX 11 11 1 -3
BITMAP
3F80
3600
3600
7FC0
C660
C660
C660
7C60
00C0
7F80
C000
ENDCHAR
STARTCHAR 0BA8
ENCODING 2984
SWIDTH 750 0
DWIDTH 12 0
BBX 10 11 1 -3
BITMAP
FF00
CC00
CC00
CF80
CCC0
CCC0
CCC0
CCC0
0180
7F00
C000
ENDCHAR
STARTCHAR 0BA9
ENCODING 2985
SWIDTH 1062 0
DWIDTH 17 0
BBX 15 8 1 0
BITMAP
3F7E
61CC
C1CC
C36C
F36C
DB6C
DB6C
71CC
ENDCHAR
STARTCHAR 0BAA
ENCODING 2986
SWIDTH 625 0
DWIDTH 10 0
BBX 8 8 1 0
BITMAP
C3
C3
C3
C3
C3
C3
C3
FF
ENDCHAR
STARTCHAR 0BAE
ENCODING 2990
SWIDTH 750 0
DWIDTH 12 0
BBX 10 8 1 0
BITMAP
C780
CCC0
CCC0
CCC0
CCC0
CCC0
CCC0
FFC0
ENDCHAR
STARTCHAR 0BAF
ENCODING 2991
SWIDTH 812 0
DWIDTH 13 0
BBX 11 8 1 0
BITMAP
CC60
CC60
CC60
CC60
CC60
DC60
EC60
CFE0
ENDCHAR
STARTCHAR 0BB0
ENCODING 2992
SWIDTH 562 0
DWIDTH 9 0
BBX 7 11 1 -3
BITMAP
FE
CC
CC
CC
CC
CC
CC
CC
0C
18
70
ENDCHAR
STARTCHAR 0BB1
ENCODING 2993
SWIDTH 812 0
DWIDTH 13 0
BBX 11 11 1 -3
BITMAP
7B80
CCC0
CC60
CC60
CC60
CC60
CC60
CC60
00C0
7F80
C000
ENDCHAR
STARTCHAR 0BB2
ENCODING 2994
SWIDTH 875 0
DWIDTH 14 0
BBX 12 8 1 0
BITMAP
3C60
6630
C330
C330
F330
DB30
DB30
71E0
ENDCHAR
STARTCHAR 0BB3
ENCODING 2995
SWIDTH 937 0
DWIDTH 15 0
BBX 13 8 1 0
BITMAP
3CF8
67B0
C330
C330
F330
DB30
DB30
7330
ENDCHAR
STARTCHAR 0BB4
ENCODING 2996
SWIDTH 750 0
DWIDTH 12 0
BBX 10 11 1 -3
BITMAP
C780
CCC0
CCC0
CCC0
CCC0
FFC0
0C00
07C0
C300
C600
7C00
ENDCHAR
STARTCHAR 0BB5
ENCODING 2997
SWIDTH 937 0
DWIDTH 15 0
BBX 13 8 1 0
BITMAP
3E18
6318
C198
C198
F198
D998
DB18
77F8
ENDCHAR
STARTCHAR 0BB6
ENCODING 2998
SWIDTH 1000 0
DWIDTH 16 0
BBX 14 8 1 0
BITMAP
CFFC
CCCC
CCCC
CCCC
CCCC
CCCC
CCCC
7878
ENDCHAR
STARTCHAR 0BB7
ENCODING 2999
SWIDTH 1187 0
DWIDTH 19 0
BBX 17 11 1 -3
BITMAP
3E3800
636C00
C1EC00
C1ED80
F1BF80
D98D80
DB0D80
77FF80
000C00
000C00
000C00
ENDCHAR
STARTCHAR 0BB8
ENCODING 3000
SWIDTH 1125 0
DWIDTH 18 0
BBX 16 8 1 0
BITMAP
3CE6
67B3
C333
C333
F333
DB33
DB33
731E
ENDCHAR
STARTCHAR 0BB9
ENCODING 3001
SWIDTH 1437 0
DWIDTH 23 0
BBX 21 11 1 -3
BITMAP
3E0F70
631998
C19998
C19998
F19998
D99998
DB1998
77F998
000030
7FFFE0
C00000
ENDCHAR
STARTCHAR 0BBE
ENCODING 3006
SWIDTH 562 0
DWIDTH 9 0
BBX 7 8 1 0
BITMAP
FE
CC
CC
CC
CC
CC
CC
CC
ENDCHAR
STARTCHAR 0BBF
ENCODING 3007
SWIDTH 750 0
DWIDTH 12 0
BBX 10 12 1 0
BITMAP
0F00
1980
30C0
30C0
00C0
10C0
44C0
00C0
82C0
00C0
44C0
10C0
ENDCHAR
STARTCHAR 0BC0
ENCODING 3008
SWIDTH 625 0
DWIDTH 10 0
BBX 10 12 1 0
BITMAP
0780
0EC0
1B80
1800
0000
1000
4400
0000
8200
0000
4400
1000
ENDCHAR
STARTCHAR 0BC1
ENCODING 3009
SWIDTH 937 0
DWIDTH 15 0
BBX 13 7 1 1
BITMAP
1FF0
44D8
00D8
8270
0000
4400
1000
ENDCHAR
STARTCHAR 0BC2
ENCODING 3010
SWIDTH 1125 0
DWIDTH 18 0
BBX 16 9 1 1
BITMAP
003C
0066
1FF3
44DB
00DB
8273
0006
443C
1000
ENDCHAR
STARTCHAR 0BC6
ENCODING 3014
SWIDTH 750 0
DWIDTH 12 0
BBX 10 11 1 0
BITMAP
3F00
6180
C0C0
C0C0
C0C0
C0C0
C0C0
DCC0
F6C0
76C0
3CC0
ENDCHAR
STARTCHAR 0BC7
ENCODING 3015
SWIDTH 687 0
DWIDTH 11 0
BBX 9 11 1 0
BITMAP
3F00
6D80
CD80
C700
C000
C000
C000
C700
CD80
6D80
3F00
ENDCHAR
STARTCHAR 0BC8
ENCODING 3016
SWIDTH 1062 0
DWIDTH 17 0
BBX 15 8 1 0
BITMAP
3F78
61CC
C1C6
C366
F366
DB66
DB66
71CC
ENDCHAR
STARTCHAR 0BCA
ENCODING 3018
SWIDTH 1750 0
DWIDTH 28 0
BBX 26 11 1 0
BITMAP
3F000000
61800000
C0C00000
C0C21FC0
C0C89980
C0C01980
C0D05980
DCC01980
F6C89980
76C21980
3CC01980
ENDCHAR
STARTCHAR 0BCB
ENCODING 3019
SWIDTH 1687 0
DWIDTH 27 0
BBX 25 11 1 0
BITMAP
3F000000
6D800000
CD800000
C7043F80
C0113300
C0003300
C020B300
C7003300
CD913300
6D843300
3F003300
ENDCHAR
STARTCHAR 0BCC
ENCODING 3020
SWIDTH 2125 0
DWIDTH 34 0
BBX 32 11 1 0
BITMAP
3F000000
61800000
C0C00000
C0C2079F
C0C88CF6
C0C01866
C0D05866
DCC01E66
F6C89B66
76C21B66
3CC00E66
ENDCHAR
STARTCHAR 0BCD
ENCODING 3021
SWIDTH 562 0
DWIDTH 9 0
BBX 7 10 1 1
BITMAP
30
30
00
10
44
00
82
00
44
10
ENDCHAR
STARTCHAR 0BD0
ENCODING 3024
SWIDTH 875 0
DWIDTH 14 0
BBX 12 13 1 -3
BITMAP
3FC0
6060
F030
D9B0
D9E0
7180
04F0
7060
D660
D560
DF60
60C0
3F80
ENDCHAR
STARTCHAR 0BD7
ENCODING 3031
SWIDTH 937 0
DWIDTH 15 0
BBX 13 8 1 0
BITMAP
3CF8
67B0
C330
C330
F330
DB30
DB30
7330
ENDCHAR
STARTCHAR 0BE6
ENCODING 3046
SWIDTH 687 0
DWIDTH 11 0
BBX 9 8 1 0
BITMAP
3E00
6300
C180
C180
C180
C180
6300
3E00
ENDCHAR
STARTCHAR 0BE7
ENCODING 3047
SWIDTH 812 0
DWIDTH 13 0
BBX 11 8 1 0
BITMAP
3F80
3600
3600
7FC0
C660
C660
C660
7CC0
ENDCHAR
STARTCHAR 0BE8
ENCODING 3048
SWIDTH 687 0
DWIDTH 11 0
BBX 9 8 1 0
BITMAP
7000
D800
D800
7800
1800
7000
C000
7F80
ENDCHAR
STARTCHAR 0BE9
ENCODING 3049
SWIDTH 1000 0
DWIDTH 16 0
BBX 14 8 1 0
BITMAP
FF00
CC00
CC00
CF80
CCC0
CCC0
CCC0
CDFC
ENDCHAR
STARTCHAR 0BEA
ENCODING 3050
SWIDTH 875 0
DWIDTH 14 0
BBX 12 8 1 0
BITMAP
3FB0
3630
3630
7FF0
C600
C600
C600
7C00
ENDCHAR
STARTCHAR 0BEB
ENCODING 3051
SWIDTH 937 0
DWIDTH 15 0
BBX 13 14 1 -3
BITMAP
0FC0
3870
6018
CFD8
CD80
CD80
CDF0
CD98
CD98
CD98
CD98
6018
3870
0FC0
ENDCHAR
STARTCHAR 0BEC
ENCODING 3052
SWIDTH 1125 0
DWIDTH 18 0
BBX 16 8 1 0
BITMAP
3F80
3600
3600
7FB8
C6CC
C6CC
C6CC
7CDF
ENDCHAR
STARTCHAR 0BED
ENCODING 3053
SWIDTH 687 0
DWIDTH 11 0
BBX 9 8 1 0
BITMAP
3F80
6300
C300
C300
F300
DB00
DB00
7300
ENDCHAR
STARTCHAR 0BEE
ENCODING 3054
SWIDTH 875 0
DWIDTH 14 0
BBX 12 8 1 0
BITMAP
0E30
1B30
0F30
0330
7FF0
C330
6630
3C30
ENDCHAR
STARTCHAR 0BEF
ENCODING 3055
SWIDTH 1125 0
DWIDTH 18 0
BBX 16 8 1 0
BITMAP
3F80
3600
3600
7FFE
C6DB
C6DB
C6DB
7C73
ENDCHAR
STARTCHAR 0BF0
ENCODING 3056
SWIDTH 812 0
DWIDTH 13 0
BBX 11 10 1 0
BITMAP
0380
00C0
CC60
CC60
CC60
CC60
CC60
CC60
CCC0
7B80
ENDCHAR
STARTCHAR 0BF1
ENCODING 3057
SWIDTH 875 0
DWIDTH 14 0
BBX 12 8 1 0
BITMAP
7BF0
CE60
C660
C660
C660
C660
C660
C660
ENDCHAR
STARTCHAR 0BF2
ENCODING 3058
SWIDTH 1125 0
DWIDTH 18 0
BBX 16 11 1 -3
BITMAP
3F80
3600
3600
7FFC
C618
C67E
C6DB
7C73
0006
00FC
0180
ENDCHAR
STARTCHAR 0BF3
ENCODING 3059
SWIDTH 812 0
DWIDTH 13 0
BBX 11 8 1 0
BITMAP
3E00
6300
C180
C180
F180
D980
DB00
77E0
ENDCHAR
STARTCHAR 0BF4
ENCODING 3060
SWIDTH 812 0
DWIDTH 13 0
BBX 12 13 1 0
BITMAP
01C0
0360
0760
0D70
0C00
C780
CCC0
CCC0
CCC0
CCC0
CCC0
CCC0
FFC0
ENDCHAR
STARTCHAR 0BF5
ENCODING 3061
SWIDTH 1937 0
DWIDTH 31 0
BBX 29 14 1 -3
BITMAP
0FFFFC00
38000700
60000180
67C3F998
CC6660D8
D83660D8
D8367CD8
DE3666D8
DB3666D8
DB666670
6EFC6600
60000600
38001C00
0FFFF000
ENDCHAR
STARTCHAR 0BF6
ENCODING 3062
SWIDTH 750 0
DWIDTH 12 0
BBX 10 11 1 -3
BITMAP
CC00
CC00
CCC0
CCC0
CCC0
7CC0
0CC0
7FC0
CC00
CC00
7800
ENDCHAR
STARTCHAR 0BF7
ENCODING 3063
SWIDTH 1062 0
DWIDTH 17 0
BBX 15 8 1 0
BITMAP
3F80
6300
C300
C300
F3D8
DB6C
DB6C
736E
ENDCHAR
STARTCHAR 0BF8
ENCODING 3064
SWIDTH 1625 0
DWIDTH 26 0
BBX 24 14 1 -3
BITMAP
0F8000
38E000
603000
C07C70
C0F6D8
C1B3D8
C1B3DB
DDB37F
F7B31B
77B61B
3CEFFF
000018
000018
000018
ENDCHAR
STARTCHAR 0BF9
ENCODING 3065
SWIDTH 1062 0
DWIDTH 17 0
BBX 15 15 1 -3
BITMAP
003C
0FE6
3866
6006
CFF0
CCC0
CCC0
CCF8
CCCC
CCCC
CCCC
CCCC
600C
3838
0FE0
ENDCHAR
STARTCHAR 0BFA
ENCODING 3066
SWIDTH 812 0
DWIDTH 13 0
BBX 13 16 1 -3
BITMAP
00E0
01B0
03B0
06B8
0600
FF00
CC00
CC00
CF80
CCC0
CCC0
CCC0
CCC0
0180
7F00
C000
ENDCHAR
STARTCHAR 0E01
ENCODING 3585
SWIDTH 625 0
DWIDTH 10 0
BBX 7 7 2 0
BITMAP
7C
C6
66
C6
C6
C6
C6
ENDCHAR
STARTCHAR 0E02
ENCODING 3586
SWIDTH 625 0
DWIDTH 10 0
BBX 8 7 1 0
BITMAP
73
DB
DB
33
33
33
7E
ENDCHAR
STARTCHAR 0E03
ENCODING 3587
SWIDTH 625 0
DWIDTH 10 0
BBX 8 7 1 0
BITMAP
53
FB
DB
33
33
33
7E
ENDCHAR
STARTCHAR 0E04
ENCODING 3588
SWIDTH 625 0
DWIDTH 10 0
BBX 8 7 1 0
BITMAP
7E
C3
D3
EB
EB
F3
E3
ENDCHAR
STARTCHAR 0E05
ENCODING 3589
SWIDTH 625 0
DWIDTH 10 0
BBX 8 7 1 0
BITMAP
76
CB
D3
EB
EB
F3
E3
ENDCHAR
STARTCHAR 0E06
ENCODING 3590
SWIDTH 625 0
DWIDTH 10 0
BBX 8 7 1 0
BITMAP
53
FB
DB
33
7B
B7
63
ENDCHAR
STARTCHAR 0E07
ENCODING 3591
SWIDTH 625 0
DWIDTH 10 0
BBX 8 7 1 0
BITMAP
06
CB
67
63
33
33
1E
ENDCHAR
STARTCHAR 0E08
ENCODING 3592
SWIDTH 625 0
DWIDTH 10 0
BBX 7 7 2 0
BITMAP
7C
86
66
B6
66
66
3C
ENDCHAR
STARTCHAR 0E09
ENCODING 3593
SWIDTH 625 0
DWIDTH 10 0
BBX 10 7 0 0
BITMAP
1E00
6300
B300
7780
3F40
3B40
3180
ENDCHAR
STARTCHAR 0E0A
ENCODING 3594
SWIDTH 625 0
DWIDTH 10 0
BBX 9 7 1 0
BITMAP
7380
DE00
DB00
3300
3300
3300
7E00
ENDCHAR
STARTCHAR 0E0B
ENCODING 3595
SWIDTH 625 0
DWIDTH 10 0
BBX 9 7 1 0
BITMAP
5380
FE00
DB00
3300
3300
3300
7E00
ENDCHAR
STARTCHAR 0E0C
ENCODING 3596
SWIDTH 625 0
DWIDTH 10 0
BBX 9 7 1 0
BITMAP
7980
CD80
6D80
CD80
CD80
AB80
4D80
ENDCHAR
STARTCHAR 0E0D
ENCODING 3597
SWIDTH 625 0
DWIDTH 10 0
BBX 9 9 1 -2
BITMAP
7980
CD80
6D80
CD80
CD80
BF80
4080
1880
0F00
ENDCHAR
STARTCHAR 0E0E
ENCODING 3598
SWIDTH 625 0
DWIDTH 10 0
BBX 8 9 1 -2
BITMAP
3E
63
33
63
63
A3
43
1B
1F
ENDCHAR
STARTCHAR 0E0F
ENCODING 3599
SWIDTH 625 0
DWIDTH 10 0
BBX 8 9 1 -2
BITMAP
3E
63
33
63
63
A3
43
6B
77
ENDCHAR
STARTCHAR 0E10
ENCODING 3600
SWIDTH 625 0
DWIDTH 10 0
BBX 8 10 1 -3
BITMAP
3F
60
7E
03
43
BF
40
03
D3
EF
ENDCHAR
STARTCHAR 0E11
ENCODING 3601
SWIDTH 625 0
DWIDTH 10 0
BBX 9 7 0 0
BITMAP
5100
FB80
DB80
3580
3580
3980
3980
ENDCHAR
STARTCHAR 0E12
ENCODING 3602
SWIDTH 625 0
DWIDTH 10 0
BBX 9 7 1 0
BITMAP
5980
AD80
8D80
AD80
AD80
AB80
CD80
ENDCHAR
STARTCHAR 0E13
ENCODING 3603
SWIDTH 625 0
DWIDTH 10 0
BBX 10 7 0 0
BITMAP
3900
6500
3500
6580
6740
D740
6580
ENDCHAR
STARTCHAR 0E14
ENCODING 3604
SWIDTH 625 0
DWIDTH 10 0
BBX 8 7 1 0
BITMAP
7E
C3
CB
D7
D7
DB
F3
ENDCHAR
STARTCHAR 0E15
ENCODING 3605
SWIDTH 625 0
DWIDTH 10 0
BBX 8 7 1 0
BITMAP
76
CB
CB
D7
D7
DB
F3
ENDCHAR
STARTCHAR 0E16
ENCODING 3606
SWIDTH 625 0
DWIDTH 10 0
BBX 7 7 2 0
BITMAP
7C
C6
66
C6
E6
D6
66
ENDCHAR
STARTCHAR 0E17
ENCODING 3607
SWIDTH 625 0
DWIDTH 10 0
BBX 8 7 1 0
BITMAP
62
B7
67
6B
6B
73
73
ENDCHAR
STARTCHAR 0E18
ENCODING 3608
SWIDTH 625 0
DWIDTH 10 0
BBX 7 7 2 0
BITMAP
7E
C0
FC
66
66
66
FC
ENDCHAR
STARTCHAR 0E19
ENCODING 3609
SWIDTH 625 0
DWIDTH 10 0
BBX 10 7 0 0
BITMAP
6300
B300
7300
3780
3F40
3B40
3180
ENDCHAR
STARTCHAR 0E1A
ENCODING 3610
SWIDTH 625 0
DWIDTH 10 0
BBX 8 7 1 0
BITMAP
63
B3
73
33
33
33
7E
ENDCHAR
STARTCHAR 0E1B
ENCODING 3611
SWIDTH 625 0
DWIDTH 10 0
BBX 8 9 1 0
BITMAP
03
03
63
B3
73
33
33
33
7E
ENDCHAR
STARTCHAR 0E1C
ENCODING 3612
SWIDTH 625 0
DWIDTH 10 0
BBX 7 7 2 0
BITMAP
66
D6
E6
C6
D6
EE
C6
ENDCHAR
STARTCHAR 0E1D
ENCODING 3613
SWIDTH 625 0
DWIDTH 10 0
BBX 7 9 2 0
BITMAP
06
06
66
D6
E6
C6
D6
EE
C6
ENDCHAR
STARTCHAR 0E1E
ENCODING 3614
SWIDTH 625 0
DWIDTH 10 0
BBX 8 7 1 0
BITMAP
63
B3
63
63
6B
77
63
ENDCHAR
STARTCHAR 0E1F
ENCODING 3615
SWIDTH 625 0
DWIDTH 10 0
BBX 8 9 1 0
BITMAP
03
03
63
B3
63
63
6B
77
63
ENDCHAR
STARTCHAR 0E20
ENCODING 3616
SWIDTH 625 0
DWIDTH 10 0
BBX 8 7 1 0
BITMAP
3E
63
33
63
63
A3
43
ENDCHAR
STARTCHAR 0E21
ENCODING 3617
SWIDTH 625 0
DWIDTH 10 0
BBX 8 7 1 0
BITMAP
33
5B
33
73
BB
B7
63
ENDCHAR
STARTCHAR 0E22
ENCODING 3618
SWIDTH 625 0
DWIDTH 10 0
BBX 7 7 2 0
BITMAP
66
D6
E6
C6
76
C6
FC
ENDCHAR
STARTCHAR 0E23
ENCODING 3619
SWIDTH 625 0
DWIDTH 10 0
BBX 6 7 2 0
BITMAP
7C
C0
F8
0C
1C
2C
18
ENDCHAR
STARTCHAR 0E24
ENCODING 3620
SWIDTH 625 0
DWIDTH 10 0
BBX 7 9 2 -2
BITMAP
7C
C6
66
C6
E6
D6
66
06
06
ENDCHAR
STARTCHAR 0E25
ENCODING 3621
SWIDTH 625 0
DWIDTH 10 0
BBX 8 7 1 0
BITMAP
3E
43
7B
CF
E7
D3
63
ENDCHAR
STARTCHAR 0E26
ENCODING 3622
SWIDTH 625 0
DWIDTH 10 0
BBX 8 9 1 -2
BITMAP
3E
63
33
63
63
A3
43
03
03
ENDCHAR
STARTCHAR 0E27
ENCODING 3623
SWIDTH 625 0
DWIDTH 10 0
BBX 6 7 2 0
BITMAP
78
CC
0C
0C
1C
2C
18
ENDCHAR
STARTCHAR 0E28
ENCODING 3624
SWIDTH 625 0
DWIDTH 10 0
BBX 9 8 1 0
BITMAP
0180
7F00
C700
D300
EB00
EB00
F300
E300
ENDCHAR
STARTCHAR 0E29
ENCODING 3625
SWIDTH 625 0
DWIDTH 10 0
BBX 10 7 0 0
BITMAP
6180
B180
7380
35C0
3380
3180
7F00
ENDCHAR
STARTCHAR 0E2A
ENCODING 3626
SWIDTH 625 0
DWIDTH 10 0
BBX 9 8 1 0
BITMAP
0180
3F00
4700
7B00
CF00
E700
D300
6300
ENDCHAR
STARTCHAR 0E2B
ENCODING 3627
SWIDTH 625 0
DWIDTH 10 0
BBX 9 7 1 0
BITMAP
6300
B580
6700
6B00
6B00
7300
7300
ENDCHAR
STARTCHAR 0E2C
ENCODING 3628
SWIDTH 625 0
DWIDTH 10 0
BBX 9 9 1 0
BITMAP
0300
0580
6300
B300
6300
6300
6B00
7700
6300
ENDCHAR
STARTCHAR 0E2D
ENCODING 3629
SWIDTH 625 0
DWIDTH 10 0
BBX 7 7 2 0
BITMAP
7C
86
66
D6
E6
C6
7C
ENDCHAR
STARTCHAR 0E2E
ENCODING 3630
SWIDTH 625 0
DWIDTH 10 0
BBX 8 7 2 0
BITMAP
7D
C7
7E
66
D6
D6
7C
ENDCHAR
STARTCHAR 0E2F
ENCODING 3631
SWIDTH 625 0
DWIDTH 10 0
BBX 8 7 1 0
BITMAP
63
D3
E7
7B
03
03
03
ENDCHAR
STARTCHAR 0E30
ENCODING 3632
SWIDTH 625 0
DWIDTH 10 0
BBX 8 7 1 0
BITMAP
60
D0
7F
00
60
D0
7F
ENDCHAR
STARTCHAR 0E31
ENCODING 3633
SWIDTH 0 0
DWIDTH 0 0
BBX 5 2 -7 8
BITMAP
C0
F8
ENDCHAR
STARTCHAR 0E32
ENCODING 3634
SWIDTH 625 0
DWIDTH 10 0
BBX 6 7 2 0
BITMAP
78
CC
0C
0C
0C
0C
0C
ENDCHAR
STARTCHAR 0E33
ENCODING 3635
SWIDTH 625 0
DWIDTH 10 0
BBX 11 10 -3 0
BITMAP
C000
C000
0000
03C0
0660
0060
0060
0060
0060
0060
ENDCHAR
STARTCHAR 0E34
ENCODING 3636
SWIDTH 0 0
DWIDTH 0 0
BBX 5 1 -7 8
BITMAP
F8
ENDCHAR
STARTCHAR 0E35
ENCODING 3637
SWIDTH 0 0
DWIDTH 0 0
BBX 5 2 -7 8
BITMAP
08
F8
ENDCHAR
STARTCHAR 0E36
ENCODING 3638
SWIDTH 0 0
DWIDTH 0 0
BBX 5 2 -7 8
BITMAP
18
F8
ENDCHAR
STARTCHAR 0E37
ENCODING 3639
SWIDTH 0 0
DWIDTH 0 0
BBX 5 2 -7 8
BITMAP
28
F8
ENDCHAR
STARTCHAR 0E38
ENCODING 3640
SWIDTH 0 0
DWIDTH 0 0
BBX 3 2 -5 -3
BITMAP
E0
60
ENDCHAR
STARTCHAR 0E39
ENCODING 3641
SWIDTH 0 0
DWIDTH 0 0
BBX 5 2 -7 -3
BITMAP
D8
70
ENDCHAR
STARTCHAR 0E3A
ENCODING 3642
SWIDTH 0 0
DWIDTH 0 0
BBX 2 2 -3 -3
BITMAP
C0
C0
ENDCHAR
STARTCHAR 0E3F
ENCODING 3647
SWIDTH 500 0
DWIDTH 8 0
BBX 6 13 1 -2
BITMAP
30
30
F8
CC
CC
CC
F8
CC
CC
CC
F8
30
30
ENDCHAR
STARTCHAR 0E40
ENCODING 3648
SWIDTH 625 0
DWIDTH 10 0
BBX 4 7 3 0
BITMAP
C0
C0
C0
C0
E0
D0
60
ENDCHAR
STARTCHAR 0E41
ENCODING 3649
SWIDTH 625 0
DWIDTH 10 0
BBX 9 7 1 0
BITMAP
C600
C600
C600
C600
E700
D680
6300
ENDCHAR
STARTCHAR 0E42
ENCODING 3650
SWIDTH 625 0
DWIDTH 10 0
BBX 6 10 2 0
BITMAP
7C
C0
F0
18
18
18
18
18
34
18
ENDCHAR
STARTCHAR 0E43
ENCODING 3651
SWIDTH 625 0
DWIDTH 10 0
BBX 6 10 2 0
BITMAP
78
AC
4C
18
18
18
18
18
34
18
ENDCHAR
STARTCHAR 0E44
ENCODING 3652
SWIDTH 625 0
DWIDTH 10 0
BBX 6 10 2 0
BITMAP
B0
58
58
18
18
18
18
18
34
18
ENDCHAR
STARTCHAR 0E45
ENCODING 3653
SWIDTH 625 0
DWIDTH 10 0
BBX 6 9 2 -2
BITMAP
78
CC
0C
0C
0C
0C
0C
0C
0C
ENDCHAR
STARTCHAR 0E46
ENCODING 3654
SWIDTH 625 0
DWIDTH 10 0
BBX 6 9 2 -2
BITMAP
78
CC
AC
4C
0C
0C
0C
0C
18
ENDCHAR
STARTCHAR 0E47
ENCODING 3655
SWIDTH 0 0
DWIDTH 0 0
BBX 5 3 -7 8
BITMAP
78
A0
D8
ENDCHAR
STARTCHAR 0E48
ENCODING 3656
SWIDTH 0 0
DWIDTH 0 0
BBX 1 2 -5 11
BITMAP
80
80
ENDCHAR
STARTCHAR 0E49
ENCODING 3657
SWIDTH 0 0
DWIDTH 0 0
BBX 6 2 -8 11
BITMAP
E4
78
ENDCHAR
STARTCHAR 0E4A
ENCODING 3658
SWIDTH 0 0
DWIDTH 0 0
BBX 7 2 -8 11
BITMAP
D8
AE
ENDCHAR
STARTCHAR 0E4B
ENCODING 3659
SWIDTH 0 0
DWIDTH 0 0
BBX 3 3 -5 10
BITMAP
40
E0
40
ENDCHAR
STARTCHAR 0E4C
ENCODING 3660
SWIDTH 0 0
DWIDTH 0 0
BBX 4 2 -6 8
BITMAP
70
C0
ENDCHAR
STARTCHAR 0E4D
ENCODING 3661
SWIDTH 0 0
DWIDTH 0 0
BBX 3 3 -4 8
BITMAP
40
A0
40
ENDCHAR
STARTCHAR 0E4E
ENCODING 3662
SWIDTH 0 0
DWIDTH 0 0
BBX 3 5 -6 8
BITMAP
60
C0
60
C0
60
ENDCHAR
STARTCHAR 0E4F
ENCODING 3663
SWIDTH 625 0
DWIDTH 10 0
BBX 8 7 1 0
BITMAP
3C
66
C3
DB
C3
66
3C
ENDCHAR
STARTCHAR 0E50
ENCODING 3664
SWIDTH 625 0
DWIDTH 10 0
BBX 8 7 1 0
BITMAP
3C
66
C3
C3
C3
66
3C
ENDCHAR
STARTCHAR 0E51
ENCODING 3665
SWIDTH 625 0
DWIDTH 10 0
BBX 8 7 1 0
BITMAP
3C
66
C3
E3
D3
56
2C
ENDCHAR
STARTCHAR 0E52
ENCODING 3666
SWIDTH 625 0
DWIDTH 10 0
BBX 9 9 1 0
BITMAP
C000
C000
CB00
D580
C980
C180
C180
C180
FF00
ENDCHAR
STARTCHAR 0E53
ENCODING 3667
SWIDTH 625 0
DWIDTH 10 0
BBX 9 7 1 0
BITMAP
3600
6B00
C980
C180
E180
5300
2600
ENDCHAR
STARTCHAR 0E54
ENCODING 3668
SWIDTH 625 0
DWIDTH 10 0
BBX 8 9 1 0
BITMAP
03
03
7E
C0
C4
CA
CA
C4
7B
ENDCHAR
STARTCHAR 0E55
ENCODING 3669
SWIDTH 625 0
DWIDTH 10 0
BBX 8 9 1 0
BITMAP
13
2B
7E
C0
C4
CA
CA
C4
7B
ENDCHAR
STARTCHAR 0E56
ENCODING 3670
SWIDTH 625 0
DWIDTH 10 0
BBX 8 9 1 0
BITMAP
C0
C0
FC
C6
03
03
43
A6
7C
ENDCHAR
STARTCHAR 0E57
ENCODING 3671
SWIDTH 625 0
DWIDTH 10 0
BBX 10 9 0 0
BITMAP
00C0
00C0
28C0
7CC0
D6C0
C6C0
E6C0
5CC0
2F80
ENDCHAR
STARTCHAR 0E58
ENCODING 3672
SWIDTH 625 0
DWIDTH 10 0
BBX 9 9 1 0
BITMAP
0300
0300
7E00
C000
C100
C280
D980
DD80
7300
ENDCHAR
STARTCHAR 0E59
ENCODING 3673
SWIDTH 625 0
DWIDTH 10 0
BBX 9 9 1 0
BITMAP
0180
0180
7300
DA00
CE00
C600
E600
D300
6300
ENDCHAR
STARTCHAR 0E5A
ENCODING 3674
SWIDTH 625 0
DWIDTH 10 0
BBX 10 7 0 0
BITMAP
66C0
D6C0
EEC0
76C0
06C0
06C0
06C0
ENDCHAR
STARTCHAR 0E5B
ENCODING 3675
SWIDTH 1250 0
DWIDTH 20 0
BBX 18 7 1 0
BITMAP
3C0000
660000
C2A000
CCA800
C1FC40
635780
3E4000
ENDCHAR
STARTCHAR 1040
ENCODING 4160
SWIDTH 500 0
DWIDTH 8 0
BBX 6 5 1 1
BITMAP
78
CC
CC
CC
78
ENDCHAR
STARTCHAR 1041
ENCODING 4161
SWIDTH 500 0
DWIDTH 8 0
BBX 6 5 1 1
BITMAP
78
CC
0C
CC
78
ENDCHAR
STARTCHAR 1042
ENCODING 4162
SWIDTH 500 0
DWIDTH 8 0
BBX 6 9 1 -3
BITMAP
0C
0C
0C
0C
0C
0C
0C
0C
FC
ENDCHAR
STARTCHAR 1043
ENCODING 4163
SWIDTH 500 0
DWIDTH 8 0
BBX 6 9 1 -3
BITMAP
78
CC
0C
0C
F8
60
30
18
0C
ENDCHAR
STARTCHAR 1044
ENCODING 4164
SWIDTH 500 0
DWIDTH 8 0
BBX 6 9 1 -3
BITMAP
78
CC
C0
C0
7C
18
30
60
C0
ENDCHAR
STARTCHAR 1045
ENCODING 4165
SWIDTH 500 0
DWIDTH 8 0
BBX 6 9 1 -3
BITMAP
78
AC
AC
4C
0C
0C
CC
CC
78
ENDCHAR
STARTCHAR 1046
ENCODING 4166
SWIDTH 500 0
DWIDTH 8 0
BBX 6 8 1 1
BITMAP
78
CC
C0
CC
D8
CC
CC
78
ENDCHAR
STARTCHAR 1047
ENCODING 4167
SWIDTH 500 0
DWIDTH 8 0
BBX 6 9 1 -3
BITMAP
78
CC
CC
0C
18
30
60
6C
38
ENDCHAR
STARTCHAR 1048
ENCODING 4168
SWIDTH 500 0
DWIDTH 8 0
BBX 6 5 1 1
BITMAP
30
30
30
78
CC
ENDCHAR
STARTCHAR 1049
ENCODING 4169
SWIDTH 500 0
DWIDTH 8 0
BBX 6 9 1 -3
BITMAP
78
CC
CC
D8
CC
C0
CC
CC
78
ENDCHAR
STARTCHAR 10A0
ENCODING 4256
SWIDTH 500 0
DWIDTH 8 0
BBX 6 9 1 0
BITMAP
FC
60
C0
C0
C0
C0
CC
CC
78
ENDCHAR
STARTCHAR 10A1
ENCODING 4257
SWIDTH 562 0
DWIDTH 9 0
BBX 8 9 1 0
BITMAP
CC
CC
CC
CC
7C
0C
0C
0C
0F
ENDCHAR
STARTCHAR 10A2
ENCODING 4258
SWIDTH 687 0
DWIDTH 11 0
BBX 9 10 1 -1
BITMAP
FC00
CC00
CC00
0C00
0C00
0C00
0C00
0C00
0F80
0180
ENDCHAR
STARTCHAR 10A3
ENCODING 4259
SWIDTH 500 0
DWIDTH 8 0
BBX 6 9 1 0
BITMAP
FC
30
78
CC
CC
CC
CC
CC
78
ENDCHAR
STARTCHAR 10A4
ENCODING 4260
SWIDTH 500 0
DWIDTH 8 0
BBX 6 9 1 0
BITMAP
FC
CC
CC
0C
0C
0C
0C
0C
0C
ENDCHAR
STARTCHAR 10A5
ENCODING 4261
SWIDTH 687 0
DWIDTH 11 0
BBX 9 9 1 0
BITMAP
FC00
CC00
CC00
0C00
0F80
0D80
0C00
0C00
0C00
ENDCHAR
STARTCHAR 10A6
ENCODING 4262
SWIDTH 562 0
DWIDTH 9 0
BBX 8 9 0 0
BITMAP
F0
30
30
3E
33
33
33
33
1E
ENDCHAR
STARTCHAR 10A7
ENCODING 4263
SWIDTH 687 0
DWIDTH 11 0
BBX 9 9 1 0
BITMAP
3C00
6C00
CC00
CC00
CF80
CD80
CC00
6C00
3C00
ENDCHAR
STARTCHAR 10A8
ENCODING 4264
SWIDTH 500 0
DWIDTH 8 0
BBX 6 9 1 0
BITMAP
FC
0C
0C
0C
0C
0C
0C
0C
0C
ENDCHAR
STARTCHAR 10A9
ENCODING 4265
SWIDTH 500 0
DWIDTH 8 0
BBX 6 9 1 0
BITMAP
C0
C0
F8
CC
CC
CC
7C
0C
0C
ENDCHAR
STARTCHAR 10AA
ENCODING 4266
SWIDTH 687 0
DWIDTH 11 0
BBX 9 9 1 0
BITMAP
F800
D800
1800
1F00
1980
1980
1980
1980
0F00
ENDCHAR
STARTCHAR 10AB
ENCODING 4267
SWIDTH 562 0
DWIDTH 9 0
BBX 8 9 1 0
BITMAP
FC
0C
0C
7F
CC
CC
CC
CC
78
ENDCHAR
STARTCHAR 10AC
ENCODING 4268
SWIDTH 500 0
DWIDTH 8 0
BBX 6 9 1 0
BITMAP
FC
C0
C0
FC
CC
CC
CC
CC
CC
ENDCHAR
STARTCHAR 10AD
ENCODING 4269
SWIDTH 687 0
DWIDTH 11 0
BBX 10 9 1 0
BITMAP
7800
CC00
CC00
CC00
CC00
CC00
CCC0
CEC0
7B80
ENDCHAR
STARTCHAR 10AE
ENCODING 4270
SWIDTH 562 0
DWIDTH 9 0
BBX 8 9 0 0
BITMAP
F3
33
33
33
33
33
33
33
1E
ENDCHAR
STARTCHAR 10AF
ENCODING 4271
SWIDTH 562 0
DWIDTH 9 0
BBX 8 9 0 0
BITMAP
F3
33
33
33
1F
03
03
03
03
ENDCHAR
STARTCHAR 10B0
ENCODING 4272
SWIDTH 687 0
DWIDTH 11 0
BBX 9 9 1 0
BITMAP
0C00
0C00
0C00
0C00
0F80
0D80
CC00
CC00
7800
ENDCHAR
STARTCHAR 10B1
ENCODING 4273
SWIDTH 500 0
DWIDTH 8 0
BBX 6 9 1 0
BITMAP
C0
C0
C0
C0
C0
C0
CC
CC
78
ENDCHAR
STARTCHAR 10B2
ENCODING 4274
SWIDTH 500 0
DWIDTH 8 0
BBX 6 9 1 0
BITMAP
F8
CC
CC
CC
CC
F8
C0
C0
FC
ENDCHAR
STARTCHAR 10B3
ENCODING 4275
SWIDTH 687 0
DWIDTH 11 0
BBX 10 9 1 0
BITMAP
7800
CC00
CC00
CC00
CC00
CC00
CF80
CCC0
78C0
ENDCHAR
STARTCHAR 10B4
ENCODING 4276
SWIDTH 625 0
DWIDTH 10 0
BBX 8 9 1 0
BITMAP
7E
DB
DB
DB
DB
7E
18
18
18
ENDCHAR
STARTCHAR 10B5
ENCODING 4277
SWIDTH 625 0
DWIDTH 10 0
BBX 8 9 1 0
BITMAP
18
18
18
D8
FF
1B
18
18
18
ENDCHAR
STARTCHAR 10B6
ENCODING 4278
SWIDTH 500 0
DWIDTH 8 0
BBX 6 9 1 0
BITMAP
78
CC
CC
CC
CC
CC
CC
CC
CC
ENDCHAR
STARTCHAR 10B7
ENCODING 4279
SWIDTH 500 0
DWIDTH 8 0
BBX 6 9 1 0
BITMAP
CC
CC
CC
CC
7C
0C
0C
0C
0C
ENDCHAR
STARTCHAR 10B8
ENCODING 4280
SWIDTH 500 0
DWIDTH 8 0
BBX 6 9 1 0
BITMAP
CC
CC
CC
CC
7C
0C
CC
CC
78
ENDCHAR
STARTCHAR 10B9
ENCODING 4281
SWIDTH 500 0
DWIDTH 8 0
BBX 6 9 1 0
BITMAP
C0
C0
C0
C0
FC
CC
CC
CC
CC
ENDCHAR
STARTCHAR 10BA
ENCODING 4282
SWIDTH 500 0
DWIDTH 8 0
BBX 6 12 1 -3
BITMAP
78
CC
CC
C0
C0
C0
CC
CC
78
0C
0C
18
ENDCHAR
STARTCHAR 10BB
ENCODING 4283
SWIDTH 687 0
DWIDTH 11 0
BBX 9 9 1 0
BITMAP
FC00
0C00
0C00
7F80
CD80
CC00
CC00
CC00
7800
ENDCHAR
STARTCHAR 10BC
ENCODING 4284
SWIDTH 500 0
DWIDTH 8 0
BBX 6 9 1 0
BITMAP
F8
CC
CC
CC
F8
C0
F8
D8
C0
ENDCHAR
STARTCHAR 10BD
ENCODING 4285
SWIDTH 500 0
DWIDTH 8 0
BBX 6 9 1 0
BITMAP
78
CC
CC
60
30
18
CC
CC
78
ENDCHAR
STARTCHAR 10BE
ENCODING 4286
SWIDTH 500 0
DWIDTH 8 0
BBX 6 9 1 0
BITMAP
CC
CC
CC
CC
FC
C0
C0
C0
FC
ENDCHAR
STARTCHAR 10BF
ENCODING 4287
SWIDTH 625 0
DWIDTH 10 0
BBX 8 12 1 -3
BITMAP
FF
66
3C
18
18
3C
66
66
66
C0
C0
C0
ENDCHAR
STARTCHAR 10C0
ENCODING 4288
SWIDTH 687 0
DWIDTH 11 0
BBX 9 9 1 0
BITMAP
F800
D800
1800
1800
1800
1800
1980
1980
0F00
ENDCHAR
STARTCHAR 10C1
ENCODING 4289
SWIDTH 500 0
DWIDTH 8 0
BBX 6 9 1 0
BITMAP
C0
C0
F0
D8
D8
CC
C0
C0
C0
ENDCHAR
STARTCHAR 10C2
ENCODING 4290
SWIDTH 500 0
DWIDTH 8 0
BBX 6 9 1 0
BITMAP
C0
F8
0C
0C
0C
0C
CC
CC
78
ENDCHAR
STARTCHAR 10C3
ENCODING 4291
SWIDTH 500 0
DWIDTH 8 0
BBX 6 9 1 0
BITMAP
0C
0C
CC
CC
CC
CC
7C
0C
0C
ENDCHAR
STARTCHAR 10C4
ENCODING 4292
SWIDTH 500 0
DWIDTH 8 0
BBX 6 9 1 0
BITMAP
CC
CC
CC
CC
78
30
30
30
30
ENDCHAR
STARTCHAR 10C5
ENCODING 4293
SWIDTH 750 0
DWIDTH 12 0
BBX 10 9 1 0
BITMAP
0F80
0CC0
0CC0
0F80
0C00
7F00
CD80
CD80
78C0
ENDCHAR
STARTCHAR 10D0
ENCODING 4304
SWIDTH 500 0
DWIDTH 8 0
BBX 6 6 1 0
BITMAP
30
30
18
CC
CC
78
ENDCHAR
STARTCHAR 10D1
ENCODING 4305
SWIDTH 500 0
DWIDTH 8 0
BBX 6 9 1 0
BITMAP
78
6C
CC
18
78
CC
CC
CC
78
ENDCHAR
STARTCHAR 10D2
ENCODING 4306
SWIDTH 500 0
DWIDTH 8 0
BBX 6 9 1 -3
BITMAP
78
CC
CC
18
78
CC
CC
CC
78
ENDCHAR
STARTCHAR 10D3
ENCODING 4307
SWIDTH 500 0
DWIDTH 8 0
BBX 7 9 1 -3
BITMAP
6C
D6
D6
D6
CC
C0
78
0C
0C
ENDCHAR
STARTCHAR 10D4
ENCODING 4308
SWIDTH 500 0
DWIDTH 8 0
BBX 6 9 1 -3
BITMAP
78
CC
CC
0C
0C
CC
CC
CC
78
ENDCHAR
STARTCHAR 10D5
ENCODING 4309
SWIDTH 500 0
DWIDTH 8 0
BBX 6 9 1 -3
BITMAP
78
CC
CC
38
0C
CC
CC
CC
78
ENDCHAR
STARTCHAR 10D6
ENCODING 4310
SWIDTH 500 0
DWIDTH 8 0
BBX 6 9 1 0
BITMAP
78
CC
CC
78
CC
CC
CC
CC
78
ENDCHAR
STARTCHAR 10D7
ENCODING 4311
SWIDTH 500 0
DWIDTH 8 0
BBX 7 6 1 0
BITMAP
6C
D6
D6
D6
D6
66
ENDCHAR
STARTCHAR 10D8
ENCODING 4312
SWIDTH 500 0
DWIDTH 8 0
BBX 6 6 1 0
BITMAP
78
CC
CC
CC
CC
CC
ENDCHAR
STARTCHAR 10D9
ENCODING 4313
SWIDTH 500 0
DWIDTH 8 0
BBX 6 9 1 -3
BITMAP
78
0C
0C
78
0C
CC
CC
CC
78
ENDCHAR
STARTCHAR 10DA
ENCODING 4314
SWIDTH 500 0
DWIDTH 8 0
BBX 7 9 1 -3
BITMAP
54
AA
AA
AA
82
C2
78
0C
0C
ENDCHAR
STARTCHAR 10DB
ENCODING 4315
SWIDTH 500 0
DWIDTH 8 0
BBX 6 9 1 0
BITMAP
78
CC
0C
7C
CC
CC
CC
CC
78
ENDCHAR
STARTCHAR 10DC
ENCODING 4316
SWIDTH 500 0
DWIDTH 8 0
BBX 6 9 1 0
BITMAP
7C
C0
C0
F8
CC
CC
CC
CC
78
ENDCHAR
STARTCHAR 10DD
ENCODING 4317
SWIDTH 500 0
DWIDTH 8 0
BBX 7 6 1 0
BITMAP
6C
D6
D6
D6
C6
C6
ENDCHAR
STARTCHAR 10DE
ENCODING 4318
SWIDTH 500 0
DWIDTH 8 0
BBX 6 10 1 0
BITMAP
C0
C0
78
0C
0C
38
0C
CC
CC
78
ENDCHAR
STARTCHAR 10DF
ENCODING 4319
SWIDTH 500 0
DWIDTH 8 0
BBX 7 9 1 -3
BITMAP
3E
B6
B6
66
06
66
66
66
3C
ENDCHAR
STARTCHAR 10E0
ENCODING 4320
SWIDTH 500 0
DWIDTH 8 0
BBX 7 10 1 0
BITMAP
0C
0C
78
C0
6C
D6
D6
D6
C6
C6
ENDCHAR
STARTCHAR 10E1
ENCODING 4321
SWIDTH 500 0
DWIDTH 8 0
BBX 6 9 1 0
BITMAP
C0
C0
C0
CC
D8
CC
CC
CC
78
ENDCHAR
STARTCHAR 10E2
ENCODING 4322
SWIDTH 500 0
DWIDTH 8 0
BBX 7 11 1 -3
BITMAP
10
10
7C
D6
D6
D6
C6
C6
C6
C6
7C
ENDCHAR
STARTCHAR 10E3
ENCODING 4323
SWIDTH 500 0
DWIDTH 8 0
BBX 6 9 1 -3
BITMAP
D8
6C
6C
0C
0C
CC
CC
CC
78
ENDCHAR
STARTCHAR 10E4
ENCODING 4324
SWIDTH 500 0
DWIDTH 8 0
BBX 7 9 1 -3
BITMAP
6C
D6
D6
DC
66
06
66
66
3C
ENDCHAR
STARTCHAR 10E5
ENCODING 4325
SWIDTH 500 0
DWIDTH 8 0
BBX 6 12 1 -3
BITMAP
0C
0C
0C
7C
CC
CC
0C
0C
CC
CC
CC
78
ENDCHAR
STARTCHAR 10E6
ENCODING 4326
SWIDTH 500 0
DWIDTH 8 0
BBX 7 9 1 -3
BITMAP
6C
D6
D6
D6
C6
C6
78
0C
0C
ENDCHAR
STARTCHAR 10E7
ENCODING 4327
SWIDTH 500 0
DWIDTH 8 0
BBX 6 9 1 -3
BITMAP
CC
CC
CC
CC
7C
0C
CC
CC
78
ENDCHAR
STARTCHAR 10E8
ENCODING 4328
SWIDTH 500 0
DWIDTH 8 0
BBX 6 9 1 0
BITMAP
D8
6C
0C
7C
CC
CC
CC
CC
78
ENDCHAR
STARTCHAR 10E9
ENCODING 4329
SWIDTH 500 0
DWIDTH 8 0
BBX 6 10 1 0
BITMAP
70
D8
F0
C0
F8
CC
CC
CC
CC
CC
ENDCHAR
STARTCHAR 10EA
ENCODING 4330
SWIDTH 500 0
DWIDTH 8 0
BBX 7 10 1 -3
BITMAP
30
1C
C6
C6
DC
C6
C6
C6
C6
7C
ENDCHAR
STARTCHAR 10EB
ENCODING 4331
SWIDTH 500 0
DWIDTH 8 0
BBX 6 9 1 0
BITMAP
0C
0C
0C
7C
CC
CC
CC
CC
78
ENDCHAR
STARTCHAR 10EC
ENCODING 4332
SWIDTH 500 0
DWIDTH 8 0
BBX 6 12 1 -3
BITMAP
6C
D8
C0
F8
CC
CC
CC
D8
D8
F0
E0
C0
ENDCHAR
STARTCHAR 10ED
ENCODING 4333
SWIDTH 500 0
DWIDTH 8 0
BBX 7 12 1 -3
BITMAP
30
30
32
76
CC
CC
76
32
18
CC
CC
78
ENDCHAR
STARTCHAR 10EE
ENCODING 4334
SWIDTH 500 0
DWIDTH 8 0
BBX 6 9 1 0
BITMAP
C0
C0
C0
F8
CC
CC
CC
CC
78
ENDCHAR
STARTCHAR 10EF
ENCODING 4335
SWIDTH 500 0
DWIDTH 8 0
BBX 8 10 0 -3
BITMAP
18
18
78
99
1E
18
1C
06
66
3C
ENDCHAR
STARTCHAR 10F0
ENCODING 4336
SWIDTH 500 0
DWIDTH 8 0
BBX 6 10 1 0
BITMAP
C0
C0
78
0C
38
0C
38
0C
CC
78
ENDCHAR
STARTCHAR 10F1
ENCODING 4337
SWIDTH 500 0
DWIDTH 8 0
BBX 7 9 1 0
BITMAP
08
6C
D6
D4
E6
CC
C6
C6
7C
ENDCHAR
STARTCHAR 10F2
ENCODING 4338
SWIDTH 500 0
DWIDTH 8 0
BBX 6 6 1 0
BITMAP
78
CC
CC
CC
78
CC
ENDCHAR
STARTCHAR 10F3
ENCODING 4339
SWIDTH 500 0
DWIDTH 8 0
BBX 6 9 1 -3
BITMAP
FC
0C
18
38
0C
0C
CC
CC
78
ENDCHAR
STARTCHAR 10F4
ENCODING 4340
SWIDTH 500 0
DWIDTH 8 0
BBX 6 11 1 -3
BITMAP
38
60
38
0C
0C
38
0C
CC
CC
CC
78
ENDCHAR
STARTCHAR 10F5
ENCODING 4341
SWIDTH 500 0
DWIDTH 8 0
BBX 7 12 1 -3
BITMAP
78
CC
CC
CC
7E
0C
7E
CC
CC
CC
CC
78
ENDCHAR
STARTCHAR 10F6
ENCODING 4342
SWIDTH 500 0
DWIDTH 8 0
BBX 7 12 1 -3
BITMAP
60
10
10
7C
D6
D6
D6
D6
7C
10
10
0C
ENDCHAR
STARTCHAR 10F7
ENCODING 4343
SWIDTH 500 0
DWIDTH 8 0
BBX 6 9 1 -3
BITMAP
78
CC
CC
18
30
60
CC
CC
78
ENDCHAR
STARTCHAR 10F8
ENCODING 4344
SWIDTH 500 0
DWIDTH 8 0
BBX 6 9 1 -3
BITMAP
CC
CC
CC
CC
F8
C0
CC
CC
78
ENDCHAR
STARTCHAR 10F9
ENCODING 4345
SWIDTH 500 0
DWIDTH 8 0
BBX 6 9 1 -3
BITMAP
78
CC
CC
CC
78
60
CC
CC
78
ENDCHAR
STARTCHAR 10FA
ENCODING 4346
SWIDTH 500 0
DWIDTH 8 0
BBX 6 6 1 0
BITMAP
78
CC
CC
C0
60
FC
ENDCHAR
STARTCHAR 10FB
ENCODING 4347
SWIDTH 500 0
DWIDTH 8 0
BBX 5 6 2 0
BITMAP
C0
C0
18
18
C0
C0
ENDCHAR
STARTCHAR 10FC
ENCODING 4348
SWIDTH 500 0
DWIDTH 8 0
BBX 5 6 1 6
BITMAP
78
C0
F0
D8
D8
70
ENDCHAR
STARTCHAR 1200
ENCODING 4608
SWIDTH 500 0
DWIDTH 8 0
BBX 6 9 1 0
BITMAP
CC
CC
CC
CC
CC
CC
CC
CC
78
ENDCHAR
STARTCHAR 1201
ENCODING 4609
SWIDTH 625 0
DWIDTH 10 0
BBX 9 9 1 0
BITMAP
CC00
CC00
CC00
CC00
CF80
CC00
CC00
CC00
7800
ENDCHAR
STARTCHAR 1202
ENCODING 4610
SWIDTH 625 0
DWIDTH 10 0
BBX 9 9 1 0
BITMAP
CC00
CC00
CC00
CC00
7C00
0C00
0C00
0C00
0F80
ENDCHAR
STARTCHAR 1203
ENCODING 4611
SWIDTH 500 0
DWIDTH 8 0
BBX 6 9 1 0
BITMAP
CC
CC
CC
CC
7C
0C
0C
0C
0C
ENDCHAR
STARTCHAR 1204
ENCODING 4612
SWIDTH 625 0
DWIDTH 10 0
BBX 9 9 1 0
BITMAP
CC00
CC00
CC00
CC00
7C00
0C00
0F00
0D80
0F00
ENDCHAR
STARTCHAR 1205
ENCODING 4613
SWIDTH 500 0
DWIDTH 8 0
BBX 6 9 1 0
BITMAP
CC
CC
EC
6C
CC
CC
CC
CC
78
ENDCHAR
STARTCHAR 1206
ENCODING 4614
SWIDTH 625 0
DWIDTH 10 0
BBX 9 9 1 0
BITMAP
CF00
CD80
CF00
CC00
CC00
CC00
CC00
CC00
7800
ENDCHAR
STARTCHAR 1208
ENCODING 4616
SWIDTH 562 0
DWIDTH 9 0
BBX 7 9 1 0
BITMAP
10
38
6C
6C
6C
C6
C6
C6
C6
ENDCHAR
STARTCHAR 1209
ENCODING 4617
SWIDTH 687 0
DWIDTH 11 0
BBX 10 9 1 0
BITMAP
1000
3800
6C00
6C00
6FC0
C600
C600
C600
C600
ENDCHAR
STARTCHAR 120A
ENCODING 4618
SWIDTH 687 0
DWIDTH 11 0
BBX 10 9 1 0
BITMAP
1000
3800
6C00
6C00
6C00
C600
C600
C600
C7C0
ENDCHAR
STARTCHAR 120B
ENCODING 4619
SWIDTH 562 0
DWIDTH 9 0
BBX 7 9 1 0
BITMAP
10
38
6C
6C
6C
C6
C6
06
06
ENDCHAR
STARTCHAR 120C
ENCODING 4620
SWIDTH 687 0
DWIDTH 11 0
BBX 10 9 1 0
BITMAP
1000
3800
6C00
6C00
6C00
C600
C780
C6C0
C780
ENDCHAR
STARTCHAR 120D
ENCODING 4621
SWIDTH 562 0
DWIDTH 9 0
BBX 7 9 1 0
BITMAP
10
38
6C
6C
6C
C6
F6
DE
F6
ENDCHAR
STARTCHAR 120E
ENCODING 4622
SWIDTH 812 0
DWIDTH 13 0
BBX 12 9 1 0
BITMAP
1000
3800
6C00
6CE0
6FB0
C6E0
C600
C600
C600
ENDCHAR
STARTCHAR 120F
ENCODING 4623
SWIDTH 625 0
DWIDTH 10 0
BBX 9 9 1 0
BITMAP
1000
3800
6C00
6C00
6C00
C600
C600
0600
1F80
ENDCHAR
STARTCHAR 1210
ENCODING 4624
SWIDTH 750 0
DWIDTH 12 0
BBX 10 9 1 0
BITMAP
0C00
0C00
0C00
0C00
7F80
CCC0
CCC0
CCC0
CCC0
ENDCHAR
STARTCHAR 1211
ENCODING 4625
SWIDTH 875 0
DWIDTH 14 0
BBX 13 9 1 0
BITMAP
0C00
0C00
0C00
0C00
7F80
CCC0
CCF8
CCC0
CCC0
ENDCHAR
STARTCHAR 1212
ENCODING 4626
SWIDTH 875 0
DWIDTH 14 0
BBX 13 9 1 0
BITMAP
0C00
0C00
0C00
0C00
7F80
CCC0
CCC0
CCC0
CCF8
ENDCHAR
STARTCHAR 1213
ENCODING 4627
SWIDTH 750 0
DWIDTH 12 0
BBX 10 9 1 0
BITMAP
0C00
0C00
0C00
0C00
7F80
CCC0
CCC0
00C0
00C0
ENDCHAR
STARTCHAR 1214
ENCODING 4628
SWIDTH 875 0
DWIDTH 14 0
BBX 13 9 1 0
BITMAP
0C00
0C00
0C00
0C00
7F80
CCC0
CCF0
CCD8
CCF0
ENDCHAR
STARTCHAR 1215
ENCODING 4629
SWIDTH 750 0
DWIDTH 12 0
BBX 10 9 1 0
BITMAP
1800
1800
1C00
0C00
7F80
CCC0
CCC0
CCC0
CCC0
ENDCHAR
STARTCHAR 1216
ENCODING 4630
SWIDTH 750 0
DWIDTH 12 0
BBX 10 9 1 0
BITMAP
0C00
0C00
0C00
0C00
7F80
CCC0
CCC0
C000
C000
ENDCHAR
STARTCHAR 1217
ENCODING 4631
SWIDTH 812 0
DWIDTH 13 0
BBX 12 9 1 0
BITMAP
0C00
0C00
0C00
0C00
7F80
CCC0
CCC0
00C0
03F0
ENDCHAR
STARTCHAR 1218
ENCODING 4632
SWIDTH 937 0
DWIDTH 15 0
BBX 13 9 1 0
BITMAP
7FF0
CD98
CD98
CD98
CDF0
CC00
CC00
CC00
7C00
ENDCHAR
STARTCHAR 1219
ENCODING 4633
SWIDTH 1062 0
DWIDTH 17 0
BBX 16 9 1 0
BITMAP
7FF0
CD98
CD9F
CD98
CDF0
CC00
CC00
CC00
7C00
ENDCHAR
STARTCHAR 121A
ENCODING 4634
SWIDTH 1062 0
DWIDTH 17 0
BBX 16 9 1 0
BITMAP
7FF0
CD98
CD98
CD98
CDF8
CC18
CC18
CC18
7C1F
ENDCHAR
STARTCHAR 121B
ENCODING 4635
SWIDTH 937 0
DWIDTH 15 0
BBX 13 9 1 0
BITMAP
7FF0
CD98
CD98
CD98
CDF8
CC18
CC18
CC18
7C18
ENDCHAR
STARTCHAR 121C
ENCODING 4636
SWIDTH 1062 0
DWIDTH 17 0
BBX 16 9 1 0
BITMAP
7FF0
CD98
CD98
CD98
CDF8
CC18
CC1E
CC1B
7C1E
ENDCHAR
STARTCHAR 121D
ENCODING 4637
SWIDTH 937 0
DWIDTH 15 0
BBX 13 9 1 0
BITMAP
7FF0
CD98
CD98
CD98
7DF0
0C00
0C00
1800
1800
ENDCHAR
STARTCHAR 121E
ENCODING 4638
SWIDTH 937 0
DWIDTH 15 0
BBX 13 9 1 0
BITMAP
7FF0
CD98
CD98
CD98
7DF0
0C00
0C00
0C00
0C00
ENDCHAR
STARTCHAR 121F
ENCODING 4639
SWIDTH 1000 0
DWIDTH 16 0
BBX 15 9 1 0
BITMAP
7FF0
CD98
CD98
CD98
CDF8
CC18
CC18
CC18
7C7E
ENDCHAR
STARTCHAR 1220
ENCODING 4640
SWIDTH 750 0
DWIDTH 12 0
BBX 10 9 1 0
BITMAP
CCC0
CCC0
CCC0
CCC0
CCC0
CCC0
CF80
CC00
7800
ENDCHAR
STARTCHAR 1221
ENCODING 4641
SWIDTH 875 0
DWIDTH 14 0
BBX 13 9 1 0
BITMAP
CCC0
CCC0
CCF8
CCC0
CCC0
CCC0
CF80
CC00
7800
ENDCHAR
STARTCHAR 1222
ENCODING 4642
SWIDTH 875 0
DWIDTH 14 0
BBX 13 9 1 0
BITMAP
CCC0
CCC0
CCC0
CCC0
CCC0
CCC0
7FC0
00C0
00F8
ENDCHAR
STARTCHAR 1223
ENCODING 4643
SWIDTH 750 0
DWIDTH 12 0
BBX 10 9 1 0
BITMAP
CCC0
CCC0
CCC0
CCC0
CCC0
CCC0
7FC0
00C0
00C0
ENDCHAR
STARTCHAR 1224
ENCODING 4644
SWIDTH 875 0
DWIDTH 14 0
BBX 13 9 1 0
BITMAP
CCC0
CCC0
CCC0
CCC0
CCC0
CCC0
7FF0
00D8
00F0
ENDCHAR
STARTCHAR 1225
ENCODING 4645
SWIDTH 750 0
DWIDTH 12 0
BBX 10 9 1 0
BITMAP
CCC0
CCC0
CCC0
CCC0
CCC0
CCC0
FF80
C000
C000
ENDCHAR
STARTCHAR 1226
ENCODING 4646
SWIDTH 750 0
DWIDTH 12 0
BBX 10 9 1 0
BITMAP
CCC0
CCC0
CCC0
CCC0
CCC0
CCC0
7F80
0C00
1800
ENDCHAR
STARTCHAR 1227
ENCODING 4647
SWIDTH 812 0
DWIDTH 13 0
BBX 12 9 1 0
BITMAP
CCC0
CCC0
CCC0
CCC0
CCC0
CCC0
7FC0
00C0
03F0
ENDCHAR
STARTCHAR 1228
ENCODING 4648
SWIDTH 500 0
DWIDTH 8 0
BBX 6 9 1 0
BITMAP
C0
C0
C0
C0
C0
C0
C0
C0
FC
ENDCHAR
STARTCHAR 1229
ENCODING 4649
SWIDTH 500 0
DWIDTH 8 0
BBX 6 9 1 0
BITMAP
C0
C0
C0
C0
C0
C0
FC
30
30
ENDCHAR
STARTCHAR 122A
ENCODING 4650
SWIDTH 500 0
DWIDTH 8 0
BBX 6 9 1 0
BITMAP
C0
C0
C0
C0
C0
C0
CC
CC
78
ENDCHAR
STARTCHAR 122B
ENCODING 4651
SWIDTH 625 0
DWIDTH 10 0
BBX 9 9 1 0
BITMAP
C000
C000
C000
C000
C000
CF80
CC00
CC00
7800
ENDCHAR
STARTCHAR 122C
ENCODING 4652
SWIDTH 562 0
DWIDTH 9 0
BBX 8 9 1 0
BITMAP
C0
C0
C0
C0
C0
C0
CE
DB
FE
ENDCHAR
STARTCHAR 122D
ENCODING 4653
SWIDTH 500 0
DWIDTH 8 0
BBX 6 9 1 0
BITMAP
FC
C0
C0
C0
C0
C0
C0
C0
FC
ENDCHAR
STARTCHAR 122E
ENCODING 4654
SWIDTH 562 0
DWIDTH 9 0
BBX 8 9 1 0
BITMAP
FE
DB
CE
C0
C0
C0
C0
C0
FC
ENDCHAR
STARTCHAR 122F
ENCODING 4655
SWIDTH 750 0
DWIDTH 12 0
BBX 11 9 1 0
BITMAP
FC00
3000
3000
3000
3000
33E0
3300
3300
1E00
ENDCHAR
STARTCHAR 1230
ENCODING 4656
SWIDTH 500 0
DWIDTH 8 0
BBX 6 9 1 0
BITMAP
30
30
78
CC
CC
CC
CC
CC
CC
ENDCHAR
STARTCHAR 1231
ENCODING 4657
SWIDTH 625 0
DWIDTH 10 0
BBX 9 9 1 0
BITMAP
3000
3000
7800
CC00
CF80
CC00
CC00
CC00
CC00
ENDCHAR
STARTCHAR 1232
ENCODING 4658
SWIDTH 625 0
DWIDTH 10 0
BBX 9 9 1 0
BITMAP
3000
3000
7800
CC00
CC00
CC00
CC00
CC00
CF80
ENDCHAR
STARTCHAR 1233
ENCODING 4659
SWIDTH 500 0
DWIDTH 8 0
BBX 6 9 1 0
BITMAP
30
30
78
CC
CC
CC
CC
0C
0C
ENDCHAR
STARTCHAR 1234
ENCODING 4660
SWIDTH 625 0
DWIDTH 10 0
BBX 9 9 1 0
BITMAP
3000
3000
7800
CC00
CC00
CC00
CF00
CD80
CF00
ENDCHAR
STARTCHAR 1235
ENCODING 4661
SWIDTH 500 0
DWIDTH 8 0
BBX 6 9 1 0
BITMAP
C0
C0
78
CC
CC
CC
CC
CC
CC
ENDCHAR
STARTCHAR 1236
ENCODING 4662
SWIDTH 500 0
DWIDTH 8 0
BBX 6 9 1 0
BITMAP
30
30
78
CC
CC
CC
CC
C0
C0
ENDCHAR
STARTCHAR 1237
ENCODING 4663
SWIDTH 562 0
DWIDTH 9 0
BBX 8 9 1 0
BITMAP
30
30
78
CC
CC
CC
CC
0C
3F
ENDCHAR
STARTCHAR 1238
ENCODING 4664
SWIDTH 500 0
DWIDTH 8 0
BBX 6 9 1 0
BITMAP
FC
30
78
CC
CC
CC
CC
CC
CC
ENDCHAR
STARTCHAR 1239
ENCODING 4665
SWIDTH 625 0
DWIDTH 10 0
BBX 9 9 1 0
BITMAP
FC00
3000
7800
CC00
CF80
CC00
CC00
CC00
CC00
ENDCHAR
STARTCHAR 123A
ENCODING 4666
SWIDTH 625 0
DWIDTH 10 0
BBX 9 9 1 0
BITMAP
FC00
3000
7800
CC00
CC00
CC00
CC00
CC00
CF80
ENDCHAR
STARTCHAR 123B
ENCODING 4667
SWIDTH 500 0
DWIDTH 8 0
BBX 6 9 1 0
BITMAP
FC
30
78
CC
CC
CC
CC
0C
0C
ENDCHAR
STARTCHAR 123C
ENCODING 4668
SWIDTH 625 0
DWIDTH 10 0
BBX 9 9 1 0
BITMAP
FC00
3000
7800
CC00
CC00
CC00
CF00
CD80
CF00
ENDCHAR
STARTCHAR 123D
ENCODING 4669
SWIDTH 625 0
DWIDTH 10 0
BBX 8 9 1 0
BITMAP
FC
30
1E
33
33
33
33
33
33
ENDCHAR
STARTCHAR 123E
ENCODING 4670
SWIDTH 500 0
DWIDTH 8 0
BBX 6 9 1 0
BITMAP
FC
30
78
CC
CC
CC
CC
C0
C0
ENDCHAR
STARTCHAR 123F
ENCODING 4671
SWIDTH 562 0
DWIDTH 9 0
BBX 8 9 1 0
BITMAP
FC
30
78
CC
CC
CC
CC
0C
3F
ENDCHAR
STARTCHAR 1240
ENCODING 4672
SWIDTH 750 0
DWIDTH 12 0
BBX 10 9 1 0
BITMAP
0C00
0C00
7F80
CCC0
CCC0
7F80
0C00
0C00
0C00
ENDCHAR
STARTCHAR 1241
ENCODING 4673
SWIDTH 750 0
DWIDTH 12 0
BBX 10 9 1 0
BITMAP
0C00
0C00
7F80
CCC0
CCC0
7F80
0C00
0F80
0C00
ENDCHAR
STARTCHAR 1242
ENCODING 4674
SWIDTH 750 0
DWIDTH 12 0
BBX 10 9 1 0
BITMAP
0C00
0C00
7F80
CCC0
CCC0
7F80
0C00
0C00
0F80
ENDCHAR
STARTCHAR 1243
ENCODING 4675
SWIDTH 750 0
DWIDTH 12 0
BBX 10 9 1 0
BITMAP
0C00
0C00
7F80
CCC0
CCC0
7F80
0C00
1800
F000
ENDCHAR
STARTCHAR 1244
ENCODING 4676
SWIDTH 750 0
DWIDTH 12 0
BBX 10 9 1 0
BITMAP
0C00
0C00
7F80
CCC0
CCC0
7F80
0F00
0D80
0F00
ENDCHAR
STARTCHAR 1245
ENCODING 4677
SWIDTH 750 0
DWIDTH 12 0
BBX 10 9 1 0
BITMAP
1800
1C00
0C00
7F80
CCC0
CCC0
7F80
0C00
0C00
ENDCHAR
STARTCHAR 1246
ENCODING 4678
SWIDTH 750 0
DWIDTH 12 0
BBX 10 9 1 0
BITMAP
1E00
3300
1E00
7F80
CCC0
CCC0
7F80
0C00
0C00
ENDCHAR
STARTCHAR 1248
ENCODING 4680
SWIDTH 812 0
DWIDTH 13 0
BBX 12 9 1 0
BITMAP
0C00
0C00
7F80
CCC0
CCC0
7F80
0CE0
0FB0
0CE0
ENDCHAR
STARTCHAR 124A
ENCODING 4682
SWIDTH 937 0
DWIDTH 15 0
BBX 14 9 1 0
BITMAP
0C00
0C00
7FB0
CCF0
CCF0
7FBC
0C00
0C00
0C00
ENDCHAR
STARTCHAR 124B
ENCODING 4683
SWIDTH 750 0
DWIDTH 12 0
BBX 10 9 1 0
BITMAP
0C00
0C00
7F80
CCC0
CCC0
7F80
0C00
0C00
3F00
ENDCHAR
STARTCHAR 124C
ENCODING 4684
SWIDTH 750 0
DWIDTH 12 0
BBX 10 9 1 0
BITMAP
0C00
0C00
7F80
CCC0
CCC0
7F80
0F00
0D80
7F00
ENDCHAR
STARTCHAR 124D
ENCODING 4685
SWIDTH 937 0
DWIDTH 15 0
BBX 14 9 1 0
BITMAP
0C00
0C00
7FB0
CCF0
CCFC
7F8C
0C00
0C00
0C00
ENDCHAR
STARTCHAR 1250
ENCODING 4688
SWIDTH 750 0
DWIDTH 12 0
BBX 10 9 1 0
BITMAP
3F00
0C00
7F80
CCC0
CCC0
7F80
0C00
0C00
0C00
ENDCHAR
STARTCHAR 1251
ENCODING 4689
SWIDTH 750 0
DWIDTH 12 0
BBX 10 9 1 0
BITMAP
3F00
0C00
7F80
CCC0
CCC0
7F80
0C00
0F80
0C00
ENDCHAR
STARTCHAR 1252
ENCODING 4690
SWIDTH 750 0
DWIDTH 12 0
BBX 10 9 1 0
BITMAP
3F00
0C00
7F80
CCC0
CCC0
7F80
0C00
0C00
0F80
ENDCHAR
STARTCHAR 1253
ENCODING 4691
SWIDTH 750 0
DWIDTH 12 0
BBX 10 9 1 0
BITMAP
3F00
0C00
7F80
CCC0
CCC0
7F80
0C00
1800
F000
ENDCHAR
STARTCHAR 1254
ENCODING 4692
SWIDTH 750 0
DWIDTH 12 0
BBX 10 9 1 0
BITMAP
3F00
0C00
7F80
CCC0
CCC0
7F80
0F00
0D80
0F00
ENDCHAR
STARTCHAR 1255
ENCODING 4693
SWIDTH 750 0
DWIDTH 12 0
BBX 10 9 1 0
BITMAP
7E00
1800
1C00
0C00
7F80
CCC0
CCC0
7F80
0C00
ENDCHAR
STARTCHAR 1256
ENCODING 4694
SWIDTH 750 0
DWIDTH 12 0
BBX 10 9 1 0
BITMAP
7F80
1E00
3300
1E00
7F80
CCC0
CCC0
7F80
0C00
ENDCHAR
STARTCHAR 1258
ENCODING 4696
SWIDTH 812 0
DWIDTH 13 0
BBX 12 9 1 0
BITMAP
3F00
0C00
7F80
CCC0
CCC0
7F80
0CE0
0FB0
0CE0
ENDCHAR
STARTCHAR 125A
ENCODING 4698
SWIDTH 937 0
DWIDTH 15 0
BBX 14 9 1 0
BITMAP
3F00
0C00
7FB0
CCF0
CCF0
7FBC
0C00
0C00
0C00
ENDCHAR
STARTCHAR 125B
ENCODING 4699
SWIDTH 750 0
DWIDTH 12 0
BBX 10 9 1 0
BITMAP
3F00
0C00
7F80
CCC0
CCC0
7F80
0C00
0C00
3F00
ENDCHAR
STARTCHAR 125C
ENCODING 4700
SWIDTH 750 0
DWIDTH 12 0
BBX 10 9 1 0
BITMAP
3F00
0C00
7F80
CCC0
CCC0
7F80
0F00
0D80
7F00
ENDCHAR
STARTCHAR 125D
ENCODING 4701
SWIDTH 937 0
DWIDTH 15 0
BBX 14 9 1 0
BITMAP
3F00
0C00
7FB0
CCF0
CCFC
7F8C
0C00
0C00
0C00
ENDCHAR
STARTCHAR 1260
ENCODING 4704
SWIDTH 500 0
DWIDTH 8 0
BBX 6 9 1 0
BITMAP
78
CC
CC
CC
CC
CC
CC
CC
CC
ENDCHAR
STARTCHAR 1261
ENCODING 4705
SWIDTH 625 0
DWIDTH 10 0
BBX 9 9 1 0
BITMAP
7800
CC00
CC00
CC00
CF80
CC00
CC00
CC00
CC00
ENDCHAR
STARTCHAR 1262
ENCODING 4706
SWIDTH 625 0
DWIDTH 10 0
BBX 9 9 1 0
BITMAP
7800
CC00
CC00
CC00
CC00
CC00
CC00
CC00
CF80
ENDCHAR
STARTCHAR 1263
ENCODING 4707
SWIDTH 500 0
DWIDTH 8 0
BBX 6 9 1 0
BITMAP
78
CC
CC
CC
CC
CC
CC
0C
0C
ENDCHAR
STARTCHAR 1264
ENCODING 4708
SWIDTH 625 0
DWIDTH 10 0
BBX 9 9 1 0
BITMAP
7800
CC00
CC00
CC00
CC00
CC00
CF00
CD80
CF00
ENDCHAR
STARTCHAR 1265
ENCODING 4709
SWIDTH 687 0
DWIDTH 11 0
BBX 9 9 1 0
BITMAP
0F00
1980
1980
1980
F980
1980
1980
1980
1980
ENDCHAR
STARTCHAR 1266
ENCODING 4710
SWIDTH 500 0
DWIDTH 8 0
BBX 6 9 1 0
BITMAP
78
CC
CC
CC
CC
CC
CC
C0
C0
ENDCHAR
STARTCHAR 1267
ENCODING 4711
SWIDTH 562 0
DWIDTH 9 0
BBX 8 9 1 0
BITMAP
78
CC
CC
CC
CC
CC
CC
0C
3F
ENDCHAR
STARTCHAR 1268
ENCODING 4712
SWIDTH 500 0
DWIDTH 8 0
BBX 6 9 1 0
BITMAP
FC
00
78
CC
CC
CC
CC
CC
CC
ENDCHAR
STARTCHAR 1269
ENCODING 4713
SWIDTH 625 0
DWIDTH 10 0
BBX 9 9 1 0
BITMAP
FC00
0000
7800
CC00
CF80
CC00
CC00
CC00
CC00
ENDCHAR
STARTCHAR 126A
ENCODING 4714
SWIDTH 625 0
DWIDTH 10 0
BBX 9 9 1 0
BITMAP
FC00
0000
7800
CC00
CC00
CC00
CC00
CC00
CF80
ENDCHAR
STARTCHAR 126B
ENCODING 4715
SWIDTH 500 0
DWIDTH 8 0
BBX 6 9 1 0
BITMAP
FC
00
78
CC
CC
CC
CC
0C
0C
ENDCHAR
STARTCHAR 126C
ENCODING 4716
SWIDTH 625 0
DWIDTH 10 0
BBX 9 9 1 0
BITMAP
FC00
0000
7800
CC00
CC00
CC00
CF00
CD80
CF00
ENDCHAR
STARTCHAR 126D
ENCODING 4717
SWIDTH 687 0
DWIDTH 11 0
BBX 9 9 1 0
BITMAP
1F80
0000
0F00
1980
F980
1980
1980
1980
1980
ENDCHAR
STARTCHAR 126E
ENCODING 4718
SWIDTH 500 0
DWIDTH 8 0
BBX 6 9 1 0
BITMAP
FC
00
78
CC
CC
CC
CC
C0
C0
ENDCHAR
STARTCHAR 126F
ENCODING 4719
SWIDTH 562 0
DWIDTH 9 0
BBX 8 9 1 0
BITMAP
FC
00
78
CC
CC
CC
CC
0C
3F
ENDCHAR
STARTCHAR 1270
ENCODING 4720
SWIDTH 562 0
DWIDTH 9 0
BBX 8 9 1 0
BITMAP
18
18
18
FF
18
18
18
18
18
ENDCHAR
STARTCHAR 1271
ENCODING 4721
SWIDTH 562 0
DWIDTH 9 0
BBX 8 9 1 0
BITMAP
18
18
18
FF
18
18
1F
18
18
ENDCHAR
STARTCHAR 1272
ENCODING 4722
SWIDTH 562 0
DWIDTH 9 0
BBX 8 9 1 0
BITMAP
18
18
18
FF
18
18
18
18
1F
ENDCHAR
STARTCHAR 1273
ENCODING 4723
SWIDTH 562 0
DWIDTH 9 0
BBX 8 9 1 0
BITMAP
18
18
18
FF
18
18
18
30
E0
ENDCHAR
STARTCHAR 1274
ENCODING 4724
SWIDTH 562 0
DWIDTH 9 0
BBX 8 9 1 0
BITMAP
18
18
18
FF
18
18
1E
1B
1E
ENDCHAR
STARTCHAR 1275
ENCODING 4725
SWIDTH 562 0
DWIDTH 9 0
BBX 8 9 1 0
BITMAP
30
38
18
FF
18
18
18
18
18
ENDCHAR
STARTCHAR 1276
ENCODING 4726
SWIDTH 562 0
DWIDTH 9 0
BBX 8 9 1 0
BITMAP
3C
66
3C
FF
18
18
18
18
18
ENDCHAR
STARTCHAR 1277
ENCODING 4727
SWIDTH 562 0
DWIDTH 9 0
BBX 8 9 1 0
BITMAP
18
18
18
FF
18
18
18
18
7E
ENDCHAR
STARTCHAR 1278
ENCODING 4728
SWIDTH 562 0
DWIDTH 9 0
BBX 8 9 1 0
BITMAP
7E
18
18
FF
18
18
18
18
18
ENDCHAR
STARTCHAR 1279
ENCODING 4729
SWIDTH 562 0
DWIDTH 9 0
BBX 8 9 1 0
BITMAP
7E
18
18
FF
18
18
1F
18
18
ENDCHAR
STARTCHAR 127A
ENCODING 4730
SWIDTH 562 0
DWIDTH 9 0
BBX 8 9 1 0
BITMAP
7E
18
18
FF
18
18
18
18
1F
ENDCHAR
STARTCHAR 127B
ENCODING 4731
SWIDTH 562 0
DWIDTH 9 0
BBX 8 9 1 0
BITMAP
7E
18
18
FF
18
18
18
30
E0
ENDCHAR
STARTCHAR 127C
ENCODING 4732
SWIDTH 562 0
DWIDTH 9 0
BBX 8 9 1 0
BITMAP
7E
18
18
FF
18
18
1E
1B
1E
ENDCHAR
STARTCHAR 127D
ENCODING 4733
SWIDTH 562 0
DWIDTH 9 0
BBX 8 9 1 0
BITMAP
FC
30
38
18
FF
18
18
18
18
ENDCHAR
STARTCHAR 127E
ENCODING 4734
SWIDTH 562 0
DWIDTH 9 0
BBX 8 9 1 0
BITMAP
FF
3C
66
3C
FF
18
18
18
18
ENDCHAR
STARTCHAR 127F
ENCODING 4735
SWIDTH 562 0
DWIDTH 9 0
BBX 8 9 1 0
BITMAP
7E
18
18
FF
18
18
18
18
7E
ENDCHAR
STARTCHAR 1280
ENCODING 4736
SWIDTH 687 0
DWIDTH 11 0
BBX 9 9 1 0
BITMAP
1800
1800
F800
1F80
0180
0300
0300
0600
0600
ENDCHAR
STARTCHAR 1281
ENCODING 4737
SWIDTH 812 0
DWIDTH 13 0
BBX 12 9 1 0
BITMAP
1800
1800
F800
1F80
01F0
0300
0300
0600
0600
ENDCHAR
STARTCHAR 1282
ENCODING 4738
SWIDTH 687 0
DWIDTH 11 0
BBX 10 9 1 0
BITMAP
1800
1800
F800
1F80
0180
0300
0300
0600
07C0
ENDCHAR
STARTCHAR 1283
ENCODING 4739
SWIDTH 687 0
DWIDTH 11 0
BBX 9 9 1 0
BITMAP
1800
1800
F800
1F80
0180
0300
0300
0600
3C00
ENDCHAR
STARTCHAR 1284
ENCODING 4740
SWIDTH 687 0
DWIDTH 11 0
BBX 10 9 1 0
BITMAP
1800
1800
F800
1F80
0180
0300
0380
06C0
0780
ENDCHAR
STARTCHAR 1285
ENCODING 4741
SWIDTH 750 0
DWIDTH 12 0
BBX 10 9 1 0
BITMAP
0C00
0C00
7C00
CFC0
C0C0
0180
0180
0300
0300
ENDCHAR
STARTCHAR 1286
ENCODING 4742
SWIDTH 750 0
DWIDTH 12 0
BBX 11 9 1 0
BITMAP
0FC0
1B60
F9C0
1800
0E00
0600
0600
0600
0600
ENDCHAR
STARTCHAR 1288
ENCODING 4744
SWIDTH 937 0
DWIDTH 15 0
BBX 14 9 1 0
BITMAP
1800
1800
F800
1FB8
01EC
0338
0300
0600
0600
ENDCHAR
STARTCHAR 128A
ENCODING 4746
SWIDTH 937 0
DWIDTH 15 0
BBX 14 9 1 0
BITMAP
1800
1800
F830
1FB0
01F0
033C
0300
0600
0600
ENDCHAR
STARTCHAR 128B
ENCODING 4747
SWIDTH 687 0
DWIDTH 11 0
BBX 9 9 1 0
BITMAP
1800
1800
F800
1F80
0180
0180
0300
0600
1F80
ENDCHAR
STARTCHAR 128C
ENCODING 4748
SWIDTH 687 0
DWIDTH 11 0
BBX 10 9 1 0
BITMAP
1800
1800
F800
1F80
0180
0300
0380
06C0
3F80
ENDCHAR
STARTCHAR 128D
ENCODING 4749
SWIDTH 937 0
DWIDTH 15 0
BBX 14 9 1 0
BITMAP
1800
1800
F830
1FB0
01FC
030C
0300
0600
0600
ENDCHAR
STARTCHAR 1290
ENCODING 4752
SWIDTH 500 0
DWIDTH 8 0
BBX 6 9 1 0
BITMAP
C0
C0
C0
FC
0C
18
18
30
30
ENDCHAR
STARTCHAR 1291
ENCODING 4753
SWIDTH 625 0
DWIDTH 10 0
BBX 9 9 1 0
BITMAP
C000
C000
C000
FC00
0F80
1800
1800
3000
3000
ENDCHAR
STARTCHAR 1292
ENCODING 4754
SWIDTH 500 0
DWIDTH 8 0
BBX 7 9 1 0
BITMAP
C0
C0
C0
FC
0C
18
18
30
3E
ENDCHAR
STARTCHAR 1293
ENCODING 4755
SWIDTH 500 0
DWIDTH 8 0
BBX 6 9 1 0
BITMAP
78
CC
CC
C0
70
30
30
30
30
ENDCHAR
STARTCHAR 1294
ENCODING 4756
SWIDTH 500 0
DWIDTH 8 0
BBX 7 9 1 0
BITMAP
C0
C0
C0
FC
0C
18
1C
36
3C
ENDCHAR
STARTCHAR 1295
ENCODING 4757
SWIDTH 625 0
DWIDTH 10 0
BBX 8 9 1 0
BITMAP
F8
18
30
3F
03
06
06
0C
0C
ENDCHAR
STARTCHAR 1296
ENCODING 4758
SWIDTH 562 0
DWIDTH 9 0
BBX 8 9 1 0
BITMAP
7E
DB
CE
C0
70
30
30
30
30
ENDCHAR
STARTCHAR 1297
ENCODING 4759
SWIDTH 500 0
DWIDTH 8 0
BBX 6 9 1 0
BITMAP
78
CC
CC
C0
70
30
30
30
FC
ENDCHAR
STARTCHAR 1298
ENCODING 4760
SWIDTH 625 0
DWIDTH 10 0
BBX 8 9 1 0
BITMAP
FC
30
30
3F
03
06
06
0C
0C
ENDCHAR
STARTCHAR 1299
ENCODING 4761
SWIDTH 750 0
DWIDTH 12 0
BBX 11 9 1 0
BITMAP
FC00
3000
3000
3F00
03E0
0600
0600
0C00
0C00
ENDCHAR
STARTCHAR 129A
ENCODING 4762
SWIDTH 625 0
DWIDTH 10 0
BBX 9 9 1 0
BITMAP
FC00
3000
3000
3F00
0300
0600
0600
0C00
0F80
ENDCHAR
STARTCHAR 129B
ENCODING 4763
SWIDTH 500 0
DWIDTH 8 0
BBX 6 9 1 0
BITMAP
FC
30
78
CC
C0
70
30
30
30
ENDCHAR
STARTCHAR 129C
ENCODING 4764
SWIDTH 500 0
DWIDTH 8 0
BBX 9 9 -1 0
BITMAP
FC00
3000
3000
3F00
0300
0600
0700
0D80
0F00
ENDCHAR
STARTCHAR 129D
ENCODING 4765
SWIDTH 625 0
DWIDTH 10 0
BBX 8 9 1 0
BITMAP
FC
30
F8
18
30
3F
03
06
0C
ENDCHAR
STARTCHAR 129E
ENCODING 4766
SWIDTH 562 0
DWIDTH 9 0
BBX 8 9 1 0
BITMAP
FC
30
7E
DB
CE
70
30
30
30
ENDCHAR
STARTCHAR 129F
ENCODING 4767
SWIDTH 500 0
DWIDTH 8 0
BBX 6 9 1 0
BITMAP
FC
30
78
CC
C0
70
30
30
FC
ENDCHAR
STARTCHAR 12A0
ENCODING 4768
SWIDTH 562 0
DWIDTH 9 0
BBX 7 9 1 0
BITMAP
60
60
30
78
6C
C6
C6
C6
C6
ENDCHAR
STARTCHAR 12A1
ENCODING 4769
SWIDTH 687 0
DWIDTH 11 0
BBX 10 9 1 0
BITMAP
6000
6000
3000
7800
6FC0
C600
C600
C600
C600
ENDCHAR
STARTCHAR 12A2
ENCODING 4770
SWIDTH 687 0
DWIDTH 11 0
BBX 10 9 1 0
BITMAP
6000
6000
3000
7800
6C00
C600
C600
C600
C7C0
ENDCHAR
STARTCHAR 12A3
ENCODING 4771
SWIDTH 562 0
DWIDTH 9 0
BBX 7 9 1 0
BITMAP
60
60
30
78
6C
C6
C6
06
06
ENDCHAR
STARTCHAR 12A4
ENCODING 4772
SWIDTH 687 0
DWIDTH 11 0
BBX 10 9 1 0
BITMAP
6000
6000
3000
7800
6C00
C600
C780
C6C0
C780
ENDCHAR
STARTCHAR 12A5
ENCODING 4773
SWIDTH 562 0
DWIDTH 9 0
BBX 7 9 1 0
BITMAP
30
18
30
18
30
7C
6C
C6
C6
ENDCHAR
STARTCHAR 12A6
ENCODING 4774
SWIDTH 562 0
DWIDTH 9 0
BBX 7 9 1 0
BITMAP
60
60
30
78
6C
C6
C6
C0
C0
ENDCHAR
STARTCHAR 12A7
ENCODING 4775
SWIDTH 625 0
DWIDTH 10 0
BBX 8 9 1 0
BITMAP
FC
30
18
3C
36
63
63
63
63
ENDCHAR
STARTCHAR 12A8
ENCODING 4776
SWIDTH 500 0
DWIDTH 8 0
BBX 6 9 1 0
BITMAP
C0
C0
78
CC
CC
CC
CC
CC
CC
ENDCHAR
STARTCHAR 12A9
ENCODING 4777
SWIDTH 625 0
DWIDTH 10 0
BBX 9 9 1 0
BITMAP
C000
C000
7800
CC00
CF80
CC00
CC00
CC00
CC00
ENDCHAR
STARTCHAR 12AA
ENCODING 4778
SWIDTH 625 0
DWIDTH 10 0
BBX 9 9 1 0
BITMAP
C000
C000
7800
CC00
CC00
CC00
CC00
CC00
CF80
ENDCHAR
STARTCHAR 12AB
ENCODING 4779
SWIDTH 500 0
DWIDTH 8 0
BBX 6 9 1 0
BITMAP
C0
C0
78
CC
CC
CC
CC
0C
0C
ENDCHAR
STARTCHAR 12AC
ENCODING 4780
SWIDTH 625 0
DWIDTH 10 0
BBX 9 9 1 0
BITMAP
C000
C000
7800
CC00
CC00
CC00
CF00
CD80
CF00
ENDCHAR
STARTCHAR 12AD
ENCODING 4781
SWIDTH 500 0
DWIDTH 8 0
BBX 6 9 1 0
BITMAP
C0
C0
78
CC
CC
EC
6C
CC
CC
ENDCHAR
STARTCHAR 12AE
ENCODING 4782
SWIDTH 500 0
DWIDTH 8 0
BBX 6 9 1 0
BITMAP
C0
C0
78
CC
CC
CC
CC
C0
C0
ENDCHAR
STARTCHAR 12B0
ENCODING 4784
SWIDTH 812 0
DWIDTH 13 0
BBX 12 9 1 0
BITMAP
C000
C000
7800
CCE0
CFB0
CCE0
CC00
CC00
CC00
ENDCHAR
STARTCHAR 12B2
ENCODING 4786
SWIDTH 750 0
DWIDTH 12 0
BBX 11 9 1 0
BITMAP
C000
C000
7980
CD80
CF80
CDE0
CC00
CC00
CC00
ENDCHAR
STARTCHAR 12B3
ENCODING 4787
SWIDTH 562 0
DWIDTH 9 0
BBX 8 9 1 0
BITMAP
C0
C0
78
CC
CC
CC
CC
0C
3F
ENDCHAR
STARTCHAR 12B4
ENCODING 4788
SWIDTH 625 0
DWIDTH 10 0
BBX 9 9 1 0
BITMAP
C000
C000
7800
CC00
CC00
CC00
CF00
0D80
3F00
ENDCHAR
STARTCHAR 12B5
ENCODING 4789
SWIDTH 750 0
DWIDTH 12 0
BBX 11 9 1 0
BITMAP
C000
C000
7980
CD80
CFE0
CC60
CC00
CC00
CC00
ENDCHAR
STARTCHAR 12B8
ENCODING 4792
SWIDTH 625 0
DWIDTH 10 0
BBX 8 9 1 0
BITMAP
FC
30
1E
33
33
33
33
33
33
ENDCHAR
STARTCHAR 12B9
ENCODING 4793
SWIDTH 750 0
DWIDTH 12 0
BBX 11 9 1 0
BITMAP
FC00
3000
1E00
3300
33E0
3300
3300
3300
3300
ENDCHAR
STARTCHAR 12BA
ENCODING 4794
SWIDTH 750 0
DWIDTH 12 0
BBX 11 9 1 0
BITMAP
FC00
3000
1E00
3300
3300
3300
3300
3300
33E0
ENDCHAR
STARTCHAR 12BB
ENCODING 4795
SWIDTH 625 0
DWIDTH 10 0
BBX 8 9 1 0
BITMAP
FC
30
1E
33
33
33
33
03
03
ENDCHAR
STARTCHAR 12BC
ENCODING 4796
SWIDTH 750 0
DWIDTH 12 0
BBX 11 9 1 0
BITMAP
FC00
3000
1E00
3300
3300
3300
33C0
3360
33C0
ENDCHAR
STARTCHAR 12BD
ENCODING 4797
SWIDTH 625 0
DWIDTH 10 0
BBX 8 9 1 0
BITMAP
FC
30
1E
33
33
3B
1B
33
33
ENDCHAR
STARTCHAR 12BE
ENCODING 4798
SWIDTH 625 0
DWIDTH 10 0
BBX 8 9 1 0
BITMAP
FC
30
1E
33
33
33
33
30
30
ENDCHAR
STARTCHAR 12C0
ENCODING 4800
SWIDTH 937 0
DWIDTH 15 0
BBX 14 9 1 0
BITMAP
FC00
3000
1E00
3338
33EC
3338
3300
3300
3300
ENDCHAR
STARTCHAR 12C2
ENCODING 4802
SWIDTH 875 0
DWIDTH 14 0
BBX 13 9 1 0
BITMAP
FC00
3000
1E60
3360
33E0
3378
3300
3300
3300
ENDCHAR
STARTCHAR 12C3
ENCODING 4803
SWIDTH 687 0
DWIDTH 11 0
BBX 10 9 1 0
BITMAP
FC00
3000
1E00
3300
3300
3300
3300
0300
0FC0
ENDCHAR
STARTCHAR 12C4
ENCODING 4804
SWIDTH 750 0
DWIDTH 12 0
BBX 11 9 1 0
BITMAP
FC00
3000
1E00
3300
3300
3300
33C0
0360
0FC0
ENDCHAR
STARTCHAR 12C5
ENCODING 4805
SWIDTH 875 0
DWIDTH 14 0
BBX 13 9 1 0
BITMAP
FC00
3000
1E60
3360
33F8
3318
3300
3300
3300
ENDCHAR
STARTCHAR 12C8
ENCODING 4808
SWIDTH 750 0
DWIDTH 12 0
BBX 10 9 1 0
BITMAP
7F80
CCC0
CCC0
CCC0
CCC0
CCC0
CCC0
CCC0
7F80
ENDCHAR
STARTCHAR 12C9
ENCODING 4809
SWIDTH 875 0
DWIDTH 14 0
BBX 13 9 1 0
BITMAP
7F80
CCC0
CCC0
CCC0
CCC0
CCC0
CCC0
CCC0
7FF8
ENDCHAR
STARTCHAR 12CA
ENCODING 4810
SWIDTH 750 0
DWIDTH 12 0
BBX 10 9 1 0
BITMAP
7F80
CCC0
CCC0
CCC0
7F80
0C00
0C00
0C00
0F80
ENDCHAR
STARTCHAR 12CB
ENCODING 4811
SWIDTH 750 0
DWIDTH 12 0
BBX 10 9 1 0
BITMAP
7F80
CCC0
CCC0
CCC0
7F80
0C00
0C00
0C00
0C00
ENDCHAR
STARTCHAR 12CC
ENCODING 4812
SWIDTH 750 0
DWIDTH 12 0
BBX 10 9 1 0
BITMAP
7F80
CCC0
CCC0
CCC0
7F80
0C00
0F00
0D80
0F00
ENDCHAR
STARTCHAR 12CD
ENCODING 4813
SWIDTH 875 0
DWIDTH 14 0
BBX 13 9 1 0
BITMAP
7F80
CCC0
CCC0
CCC0
CCF8
CCC0
CCC0
CCC0
7F80
ENDCHAR
STARTCHAR 12CE
ENCODING 4814
SWIDTH 750 0
DWIDTH 12 0
BBX 10 9 1 0
BITMAP
7F80
CCC0
CCC0
CCC0
7F80
0C00
0C00
1800
1800
ENDCHAR
STARTCHAR 12D0
ENCODING 4816
SWIDTH 500 0
DWIDTH 8 0
BBX 6 9 1 0
BITMAP
78
CC
CC
CC
CC
CC
CC
CC
78
ENDCHAR
STARTCHAR 12D1
ENCODING 4817
SWIDTH 625 0
DWIDTH 10 0
BBX 9 9 1 0
BITMAP
7800
CC00
CC00
CC00
CF80
CC00
CC00
CC00
7800
ENDCHAR
STARTCHAR 12D2
ENCODING 4818
SWIDTH 625 0
DWIDTH 10 0
BBX 9 9 1 0
BITMAP
7800
CC00
CC00
CC00
7800
0C00
0C00
0C00
0F80
ENDCHAR
STARTCHAR 12D3
ENCODING 4819
SWIDTH 500 0
DWIDTH 8 0
BBX 6 9 1 0
BITMAP
78
CC
CC
CC
78
0C
0C
0C
0C
ENDCHAR
STARTCHAR 12D4
ENCODING 4820
SWIDTH 625 0
DWIDTH 10 0
BBX 9 9 1 0
BITMAP
7800
CC00
CC00
CC00
7800
0C00
0F00
0D80
0F00
ENDCHAR
STARTCHAR 12D5
ENCODING 4821
SWIDTH 500 0
DWIDTH 8 0
BBX 6 9 1 0
BITMAP
30
30
78
CC
CC
CC
CC
CC
78
ENDCHAR
STARTCHAR 12D6
ENCODING 4822
SWIDTH 500 0
DWIDTH 8 0
BBX 6 9 1 0
BITMAP
78
CC
CC
CC
78
C0
C0
C0
C0
ENDCHAR
STARTCHAR 12D8
ENCODING 4824
SWIDTH 500 0
DWIDTH 8 0
BBX 6 9 1 0
BITMAP
CC
CC
CC
CC
FC
CC
CC
CC
CC
ENDCHAR
STARTCHAR 12D9
ENCODING 4825
SWIDTH 625 0
DWIDTH 10 0
BBX 9 9 1 0
BITMAP
CC00
CC00
CC00
CC00
FF80
CC00
CC00
CC00
CC00
ENDCHAR
STARTCHAR 12DA
ENCODING 4826
SWIDTH 625 0
DWIDTH 10 0
BBX 9 9 1 0
BITMAP
CC00
CC00
CC00
CC00
FC00
CC00
CC00
CC00
CF80
ENDCHAR
STARTCHAR 12DB
ENCODING 4827
SWIDTH 500 0
DWIDTH 8 0
BBX 6 9 1 0
BITMAP
CC
CC
CC
CC
FC
CC
CC
0C
0C
ENDCHAR
STARTCHAR 12DC
ENCODING 4828
SWIDTH 625 0
DWIDTH 10 0
BBX 9 9 1 0
BITMAP
CC00
CC00
CC00
CC00
FC00
CC00
CF00
CD80
CF00
ENDCHAR
STARTCHAR 12DD
ENCODING 4829
SWIDTH 687 0
DWIDTH 11 0
BBX 9 9 1 0
BITMAP
7180
D980
D980
1980
1F80
1980
1980
1980
1980
ENDCHAR
STARTCHAR 12DE
ENCODING 4830
SWIDTH 500 0
DWIDTH 8 0
BBX 6 9 1 0
BITMAP
CC
CC
CC
CC
FC
CC
CC
C0
C0
ENDCHAR
STARTCHAR 12DF
ENCODING 4831
SWIDTH 562 0
DWIDTH 9 0
BBX 8 9 1 0
BITMAP
CC
CC
CC
CC
FC
CC
CC
0C
3F
ENDCHAR
STARTCHAR 12E0
ENCODING 4832
SWIDTH 875 0
DWIDTH 14 0
BBX 12 9 1 0
BITMAP
70E0
D9B0
D9B0
1980
1F80
1980
1980
1980
1980
ENDCHAR
STARTCHAR 12E1
ENCODING 4833
SWIDTH 875 0
DWIDTH 14 0
BBX 12 9 1 0
BITMAP
70E0
D9B0
D9B0
1980
1FF0
1980
1980
1980
1980
ENDCHAR
STARTCHAR 12E2
ENCODING 4834
SWIDTH 875 0
DWIDTH 14 0
BBX 12 9 1 0
BITMAP
70E0
D9B0
D9B0
1980
1F80
1980
1980
1980
19F0
ENDCHAR
STARTCHAR 12E3
ENCODING 4835
SWIDTH 875 0
DWIDTH 14 0
BBX 12 9 1 0
BITMAP
70E0
D9B0
D9B0
1980
1F80
1980
1980
0180
0180
ENDCHAR
STARTCHAR 12E4
ENCODING 4836
SWIDTH 875 0
DWIDTH 14 0
BBX 12 9 1 0
BITMAP
70E0
D9B0
D9B0
1980
1F80
1980
19E0
19B0
19E0
ENDCHAR
STARTCHAR 12E5
ENCODING 4837
SWIDTH 875 0
DWIDTH 14 0
BBX 12 9 1 0
BITMAP
FCE0
31B0
71B0
D980
DF80
1980
1980
1980
1980
ENDCHAR
STARTCHAR 12E6
ENCODING 4838
SWIDTH 875 0
DWIDTH 14 0
BBX 12 9 1 0
BITMAP
70E0
D9B0
D9B0
1980
1F80
1980
1980
1800
1800
ENDCHAR
STARTCHAR 12E7
ENCODING 4839
SWIDTH 875 0
DWIDTH 14 0
BBX 12 9 1 0
BITMAP
70E0
D9B0
D9B0
1980
1F80
1980
1980
0180
07E0
ENDCHAR
STARTCHAR 12E8
ENCODING 4840
SWIDTH 500 0
DWIDTH 8 0
BBX 6 9 1 0
BITMAP
78
CC
CC
CC
78
30
30
30
30
ENDCHAR
STARTCHAR 12E9
ENCODING 4841
SWIDTH 500 0
DWIDTH 8 0
BBX 7 9 1 0
BITMAP
78
CC
CC
CC
78
30
3E
30
30
ENDCHAR
STARTCHAR 12EA
ENCODING 4842
SWIDTH 687 0
DWIDTH 11 0
BBX 10 9 1 0
BITMAP
7800
CC00
CC00
CC00
7B00
3300
3F00
33C0
3000
ENDCHAR
STARTCHAR 12EB
ENCODING 4843
SWIDTH 562 0
DWIDTH 9 0
BBX 7 9 1 0
BITMAP
3C
66
66
66
3C
18
18
18
F8
ENDCHAR
STARTCHAR 12EC
ENCODING 4844
SWIDTH 625 0
DWIDTH 10 0
BBX 9 9 1 0
BITMAP
7800
CC00
CC00
CC00
7800
3700
3D80
3700
3000
ENDCHAR
STARTCHAR 12ED
ENCODING 4845
SWIDTH 625 0
DWIDTH 10 0
BBX 8 9 1 0
BITMAP
78
CC
CC
CC
78
30
33
33
FE
ENDCHAR
STARTCHAR 12EE
ENCODING 4846
SWIDTH 625 0
DWIDTH 10 0
BBX 9 9 1 0
BITMAP
7800
CC00
CF80
CC00
7800
3000
3000
3000
3000
ENDCHAR
STARTCHAR 12F0
ENCODING 4848
SWIDTH 500 0
DWIDTH 8 0
BBX 6 9 1 0
BITMAP
78
CC
CC
CC
78
30
30
30
FC
ENDCHAR
STARTCHAR 12F1
ENCODING 4849
SWIDTH 625 0
DWIDTH 10 0
BBX 9 9 1 0
BITMAP
7800
CC00
CC00
CC00
7800
FC00
0F80
0C00
0C00
ENDCHAR
STARTCHAR 12F2
ENCODING 4850
SWIDTH 625 0
DWIDTH 10 0
BBX 9 9 1 0
BITMAP
7800
CC00
CC00
CC00
7800
FC00
0C00
0C00
0F80
ENDCHAR
STARTCHAR 12F3
ENCODING 4851
SWIDTH 500 0
DWIDTH 8 0
BBX 6 9 1 0
BITMAP
78
CC
CC
CC
78
FC
0C
0C
0C
ENDCHAR
STARTCHAR 12F4
ENCODING 4852
SWIDTH 625 0
DWIDTH 10 0
BBX 9 9 1 0
BITMAP
7800
CC00
CC00
CC00
7800
FC00
0F00
0D80
0F00
ENDCHAR
STARTCHAR 12F5
ENCODING 4853
SWIDTH 625 0
DWIDTH 10 0
BBX 9 9 1 0
BITMAP
7800
CC00
CF80
CC00
7800
3000
3000
3000
FC00
ENDCHAR
STARTCHAR 12F6
ENCODING 4854
SWIDTH 500 0
DWIDTH 8 0
BBX 6 9 1 0
BITMAP
78
CC
CC
CC
78
FC
C0
C0
C0
ENDCHAR
STARTCHAR 12F7
ENCODING 4855
SWIDTH 562 0
DWIDTH 9 0
BBX 8 9 1 0
BITMAP
78
CC
CC
CC
78
FC
0C
0C
3F
ENDCHAR
STARTCHAR 12F8
ENCODING 4856
SWIDTH 500 0
DWIDTH 8 0
BBX 6 9 1 0
BITMAP
30
30
78
CC
CC
78
30
30
FC
ENDCHAR
STARTCHAR 12F9
ENCODING 4857
SWIDTH 625 0
DWIDTH 10 0
BBX 9 9 1 0
BITMAP
3000
3000
7800
CC00
CC00
7800
FC00
0F80
0C00
ENDCHAR
STARTCHAR 12FA
ENCODING 4858
SWIDTH 625 0
DWIDTH 10 0
BBX 9 9 1 0
BITMAP
3000
3000
7800
CC00
CC00
7800
FC00
0C00
0F80
ENDCHAR
STARTCHAR 12FB
ENCODING 4859
SWIDTH 500 0
DWIDTH 8 0
BBX 6 9 1 0
BITMAP
30
30
78
CC
CC
78
FC
0C
0C
ENDCHAR
STARTCHAR 12FC
ENCODING 4860
SWIDTH 625 0
DWIDTH 10 0
BBX 9 9 1 0
BITMAP
3000
3000
7800
CC00
CC00
7800
FF00
0D80
0F00
ENDCHAR
STARTCHAR 12FD
ENCODING 4861
SWIDTH 625 0
DWIDTH 10 0
BBX 9 9 1 0
BITMAP
3000
3000
7800
CF80
CC00
7800
3000
3000
FC00
ENDCHAR
STARTCHAR 12FE
ENCODING 4862
SWIDTH 500 0
DWIDTH 8 0
BBX 6 9 1 0
BITMAP
30
30
78
CC
CC
78
FC
C0
C0
ENDCHAR
STARTCHAR 12FF
ENCODING 4863
SWIDTH 562 0
DWIDTH 9 0
BBX 8 9 1 0
BITMAP
30
30
78
CC
CC
78
FC
0C
3F
ENDCHAR
STARTCHAR 1300
ENCODING 4864
SWIDTH 500 0
DWIDTH 8 0
BBX 6 9 1 0
BITMAP
FC
30
78
CC
CC
78
30
30
FC
ENDCHAR
STARTCHAR 1301
ENCODING 4865
SWIDTH 625 0
DWIDTH 10 0
BBX 9 9 1 0
BITMAP
FC00
3000
7800
CC00
CC00
7800
FC00
0F80
0C00
ENDCHAR
STARTCHAR 1302
ENCODING 4866
SWIDTH 625 0
DWIDTH 10 0
BBX 9 9 1 0
BITMAP
FC00
3000
7800
CC00
CC00
7800
FC00
0C00
0F80
ENDCHAR
STARTCHAR 1303
ENCODING 4867
SWIDTH 500 0
DWIDTH 8 0
BBX 6 9 1 0
BITMAP
FC
30
78
CC
CC
78
FC
0C
0C
ENDCHAR
STARTCHAR 1304
ENCODING 4868
SWIDTH 625 0
DWIDTH 10 0
BBX 9 9 1 0
BITMAP
FC00
3000
7800
CC00
CC00
7800
FF00
0D80
0F00
ENDCHAR
STARTCHAR 1305
ENCODING 4869
SWIDTH 625 0
DWIDTH 10 0
BBX 9 9 1 0
BITMAP
FC00
3000
7800
CF80
CC00
7800
3000
3000
FC00
ENDCHAR
STARTCHAR 1306
ENCODING 4870
SWIDTH 500 0
DWIDTH 8 0
BBX 6 9 1 0
BITMAP
FC
30
78
CC
CC
78
FC
C0
C0
ENDCHAR
STARTCHAR 1307
ENCODING 4871
SWIDTH 562 0
DWIDTH 9 0
BBX 8 9 1 0
BITMAP
FC
30
78
CC
CC
78
FC
0C
3F
ENDCHAR
STARTCHAR 1308
ENCODING 4872
SWIDTH 500 0
DWIDTH 8 0
BBX 6 9 1 0
BITMAP
FC
0C
0C
0C
0C
0C
0C
0C
0C
ENDCHAR
STARTCHAR 1309
ENCODING 4873
SWIDTH 625 0
DWIDTH 10 0
BBX 9 9 1 0
BITMAP
FC00
0C00
0C00
0C00
0F80
0C00
0C00
0C00
0C00
ENDCHAR
STARTCHAR 130A
ENCODING 4874
SWIDTH 500 0
DWIDTH 8 0
BBX 6 9 1 0
BITMAP
FC
0C
18
18
30
30
60
60
7C
ENDCHAR
STARTCHAR 130B
ENCODING 4875
SWIDTH 500 0
DWIDTH 8 0
BBX 6 9 1 0
BITMAP
FC
0C
0C
0C
0C
0C
0C
18
F0
ENDCHAR
STARTCHAR 130C
ENCODING 4876
SWIDTH 500 0
DWIDTH 8 0
BBX 6 9 1 0
BITMAP
FC
0C
18
18
30
30
78
6C
78
ENDCHAR
STARTCHAR 130D
ENCODING 4877
SWIDTH 562 0
DWIDTH 9 0
BBX 8 9 0 0
BITMAP
7F
DB
73
03
03
03
03
03
03
ENDCHAR
STARTCHAR 130E
ENCODING 4878
SWIDTH 500 0
DWIDTH 8 0
BBX 6 9 1 0
BITMAP
30
30
FC
0C
0C
0C
0C
0C
0C
ENDCHAR
STARTCHAR 1310
ENCODING 4880
SWIDTH 750 0
DWIDTH 12 0
BBX 11 9 1 0
BITMAP
FC00
0C00
0C00
0DC0
0F60
0DC0
0C00
0C00
0C00
ENDCHAR
STARTCHAR 1312
ENCODING 4882
SWIDTH 750 0
DWIDTH 12 0
BBX 11 9 1 0
BITMAP
FC00
0C00
0D80
0D80
0F80
0DE0
0C00
0C00
0C00
ENDCHAR
STARTCHAR 1313
ENCODING 4883
SWIDTH 500 0
DWIDTH 8 0
BBX 6 9 1 0
BITMAP
FC
0C
0C
0C
FC
0C
0C
0C
0C
ENDCHAR
STARTCHAR 1314
ENCODING 4884
SWIDTH 625 0
DWIDTH 10 0
BBX 8 9 1 0
BITMAP
3F
03
06
06
0C
0C
1E
1B
FE
ENDCHAR
STARTCHAR 1315
ENCODING 4885
SWIDTH 750 0
DWIDTH 12 0
BBX 11 9 1 0
BITMAP
FC00
0C00
0D80
0D80
0FE0
0C60
0C00
0C00
0C00
ENDCHAR
STARTCHAR 1318
ENCODING 4888
SWIDTH 500 0
DWIDTH 8 0
BBX 6 9 1 0
BITMAP
FC
30
FC
0C
0C
0C
0C
0C
0C
ENDCHAR
STARTCHAR 1319
ENCODING 4889
SWIDTH 625 0
DWIDTH 10 0
BBX 9 9 1 0
BITMAP
FC00
3000
FC00
0C00
0F80
0C00
0C00
0C00
0C00
ENDCHAR
STARTCHAR 131A
ENCODING 4890
SWIDTH 500 0
DWIDTH 8 0
BBX 6 9 1 0
BITMAP
FC
30
FC
0C
18
30
30
60
7C
ENDCHAR
STARTCHAR 131B
ENCODING 4891
SWIDTH 500 0
DWIDTH 8 0
BBX 6 9 1 0
BITMAP
FC
30
FC
0C
0C
0C
0C
18
F0
ENDCHAR
STARTCHAR 131C
ENCODING 4892
SWIDTH 500 0
DWIDTH 8 0
BBX 6 9 1 0
BITMAP
FC
30
FC
0C
18
30
78
6C
78
ENDCHAR
STARTCHAR 131D
ENCODING 4893
SWIDTH 562 0
DWIDTH 9 0
BBX 8 9 0 0
BITMAP
3F
0C
7F
DB
73
03
03
03
03
ENDCHAR
STARTCHAR 131E
ENCODING 4894
SWIDTH 500 0
DWIDTH 8 0
BBX 6 9 1 0
BITMAP
FC
28
FC
0C
0C
0C
0C
0C
0C
ENDCHAR
STARTCHAR 1320
ENCODING 4896
SWIDTH 750 0
DWIDTH 12 0
BBX 10 9 1 0
BITMAP
7F80
CCC0
CCC0
CCC0
CCC0
CCC0
CCC0
CCC0
CCC0
ENDCHAR
STARTCHAR 1321
ENCODING 4897
SWIDTH 875 0
DWIDTH 14 0
BBX 13 9 1 0
BITMAP
7F80
CCC0
CCC0
CCC0
CCF8
CCC0
CCC0
CCC0
CCC0
ENDCHAR
STARTCHAR 1322
ENCODING 4898
SWIDTH 875 0
DWIDTH 14 0
BBX 13 9 1 0
BITMAP
7F80
CCC0
CCC0
CCC0
CCC0
CCC0
CCC0
CCC0
CCF8
ENDCHAR
STARTCHAR 1323
ENCODING 4899
SWIDTH 750 0
DWIDTH 12 0
BBX 10 9 1 0
BITMAP
7F80
CCC0
CCC0
CCC0
CCC0
CCC0
CCC0
00C0
00C0
ENDCHAR
STARTCHAR 1324
ENCODING 4900
SWIDTH 875 0
DWIDTH 14 0
BBX 13 9 1 0
BITMAP
7F80
CCC0
CCC0
CCC0
CCC0
CCC0
CCF0
CCD8
CCF0
ENDCHAR
STARTCHAR 1325
ENCODING 4901
SWIDTH 750 0
DWIDTH 12 0
BBX 10 9 1 0
BITMAP
7F80
CCC0
CCC0
CCC0
CCC0
0E00
0600
0600
0600
ENDCHAR
STARTCHAR 1326
ENCODING 4902
SWIDTH 750 0
DWIDTH 12 0
BBX 10 9 1 0
BITMAP
7F80
CCC0
CCC0
CCC0
CCC0
CCC0
CCC0
C000
C000
ENDCHAR
STARTCHAR 1327
ENCODING 4903
SWIDTH 812 0
DWIDTH 13 0
BBX 12 9 1 0
BITMAP
7F80
CCC0
CCC0
CCC0
CCC0
CCC0
CCC0
00C0
03F0
ENDCHAR
STARTCHAR 1328
ENCODING 4904
SWIDTH 875 0
DWIDTH 14 0
BBX 12 9 1 0
BITMAP
7FE0
C630
C630
C630
C630
F7B0
DEF0
DEF0
F7B0
ENDCHAR
STARTCHAR 1329
ENCODING 4905
SWIDTH 1000 0
DWIDTH 16 0
BBX 15 9 1 0
BITMAP
7FE0
C630
C630
C630
C63E
F7B0
DEF0
DEF0
F7B0
ENDCHAR
STARTCHAR 132A
ENCODING 4906
SWIDTH 1000 0
DWIDTH 16 0
BBX 15 9 1 0
BITMAP
7FE0
C630
C630
C630
C630
F7B0
DEF0
DEF0
F7BE
ENDCHAR
STARTCHAR 132B
ENCODING 4907
SWIDTH 875 0
DWIDTH 14 0
BBX 12 9 1 0
BITMAP
7FE0
C630
C630
F7B0
DEF0
DEF0
F7B0
0030
0030
ENDCHAR
STARTCHAR 132C
ENCODING 4908
SWIDTH 1000 0
DWIDTH 16 0
BBX 15 9 1 0
BITMAP
7FE0
C630
C630
C630
C630
F7B0
DEFC
DEF6
F7BC
ENDCHAR
STARTCHAR 132D
ENCODING 4909
SWIDTH 875 0
DWIDTH 14 0
BBX 12 9 1 0
BITMAP
7FE0
C630
F630
DE30
DE30
F7C0
0360
0360
03C0
ENDCHAR
STARTCHAR 132E
ENCODING 4910
SWIDTH 875 0
DWIDTH 14 0
BBX 12 9 1 0
BITMAP
7FE0
C630
C630
C7B0
C6F0
F6F0
DFB0
D800
F000
ENDCHAR
STARTCHAR 132F
ENCODING 4911
SWIDTH 937 0
DWIDTH 15 0
BBX 14 9 1 0
BITMAP
7FE0
C630
C630
F7B0
DEF0
DEF0
F7B0
0030
00FC
ENDCHAR
STARTCHAR 1330
ENCODING 4912
SWIDTH 500 0
DWIDTH 8 0
BBX 6 9 1 0
BITMAP
30
30
78
CC
CC
78
CC
CC
CC
ENDCHAR
STARTCHAR 1331
ENCODING 4913
SWIDTH 625 0
DWIDTH 10 0
BBX 9 9 1 0
BITMAP
3000
3000
7800
CC00
CC00
7800
CC00
CF80
CC00
ENDCHAR
STARTCHAR 1332
ENCODING 4914
SWIDTH 625 0
DWIDTH 10 0
BBX 9 9 1 0
BITMAP
3000
3000
7800
CC00
CC00
7800
CC00
CC00
CF80
ENDCHAR
STARTCHAR 1333
ENCODING 4915
SWIDTH 500 0
DWIDTH 8 0
BBX 6 9 1 0
BITMAP
30
30
78
CC
CC
78
CC
0C
0C
ENDCHAR
STARTCHAR 1334
ENCODING 4916
SWIDTH 625 0
DWIDTH 10 0
BBX 9 9 1 0
BITMAP
3000
3000
7800
CC00
CC00
7800
CF00
CD80
CF00
ENDCHAR
STARTCHAR 1335
ENCODING 4917
SWIDTH 625 0
DWIDTH 10 0
BBX 9 9 1 0
BITMAP
3000
3000
7800
CF80
CC00
7800
CC00
CC00
CC00
ENDCHAR
STARTCHAR 1336
ENCODING 4918
SWIDTH 500 0
DWIDTH 8 0
BBX 6 9 1 0
BITMAP
30
30
78
CC
CC
78
CC
C0
C0
ENDCHAR
STARTCHAR 1337
ENCODING 4919
SWIDTH 562 0
DWIDTH 9 0
BBX 8 9 1 0
BITMAP
30
30
78
CC
CC
78
CC
0C
3F
ENDCHAR
STARTCHAR 1338
ENCODING 4920
SWIDTH 500 0
DWIDTH 8 0
BBX 6 9 1 0
BITMAP
78
CC
CC
CC
78
CC
CC
CC
CC
ENDCHAR
STARTCHAR 1339
ENCODING 4921
SWIDTH 625 0
DWIDTH 10 0
BBX 9 9 1 0
BITMAP
7800
CC00
CC00
CC00
7800
CC00
CF80
CC00
CC00
ENDCHAR
STARTCHAR 133A
ENCODING 4922
SWIDTH 625 0
DWIDTH 10 0
BBX 9 9 1 0
BITMAP
7800
CC00
CC00
CC00
7800
CC00
CC00
CC00
CF80
ENDCHAR
STARTCHAR 133B
ENCODING 4923
SWIDTH 500 0
DWIDTH 8 0
BBX 6 9 1 0
BITMAP
78
CC
CC
CC
78
CC
CC
0C
0C
ENDCHAR
STARTCHAR 133C
ENCODING 4924
SWIDTH 625 0
DWIDTH 10 0
BBX 9 9 1 0
BITMAP
7800
CC00
CC00
CC00
7800
CC00
CF00
CD80
CF00
ENDCHAR
STARTCHAR 133D
ENCODING 4925
SWIDTH 625 0
DWIDTH 10 0
BBX 9 9 1 0
BITMAP
7800
CC00
CF80
CC00
7800
CC00
CC00
CC00
CC00
ENDCHAR
STARTCHAR 133E
ENCODING 4926
SWIDTH 500 0
DWIDTH 8 0
BBX 6 9 1 0
BITMAP
78
CC
CC
CC
78
CC
CC
C0
C0
ENDCHAR
STARTCHAR 133F
ENCODING 4927
SWIDTH 562 0
DWIDTH 9 0
BBX 8 9 1 0
BITMAP
78
CC
CC
CC
78
CC
CC
0C
3F
ENDCHAR
STARTCHAR 1340
ENCODING 4928
SWIDTH 500 0
DWIDTH 8 0
BBX 6 9 1 0
BITMAP
78
CC
CC
CC
FC
CC
CC
CC
78
ENDCHAR
STARTCHAR 1341
ENCODING 4929
SWIDTH 625 0
DWIDTH 10 0
BBX 9 9 1 0
BITMAP
7800
CC00
CC00
CC00
FF80
CC00
CC00
CC00
7800
ENDCHAR
STARTCHAR 1342
ENCODING 4930
SWIDTH 625 0
DWIDTH 10 0
BBX 9 9 1 0
BITMAP
7800
CC00
FC00
CC00
7800
0C00
0C00
0C00
0F80
ENDCHAR
STARTCHAR 1343
ENCODING 4931
SWIDTH 500 0
DWIDTH 8 0
BBX 6 9 1 0
BITMAP
78
CC
FC
CC
78
0C
0C
0C
0C
ENDCHAR
STARTCHAR 1344
ENCODING 4932
SWIDTH 625 0
DWIDTH 10 0
BBX 9 9 1 0
BITMAP
7800
CC00
FC00
CC00
7800
0C00
0F00
0D80
0F00
ENDCHAR
STARTCHAR 1345
ENCODING 4933
SWIDTH 500 0
DWIDTH 8 0
BBX 6 9 1 0
BITMAP
30
30
78
CC
CC
FC
CC
CC
78
ENDCHAR
STARTCHAR 1346
ENCODING 4934
SWIDTH 500 0
DWIDTH 8 0
BBX 6 9 1 0
BITMAP
78
CC
FC
CC
78
C0
C0
C0
C0
ENDCHAR
STARTCHAR 1348
ENCODING 4936
SWIDTH 625 0
DWIDTH 10 0
BBX 9 9 1 0
BITMAP
C000
C000
C000
C000
F800
CC00
CC00
CC00
7F80
ENDCHAR
STARTCHAR 1349
ENCODING 4937
SWIDTH 625 0
DWIDTH 10 0
BBX 9 9 1 0
BITMAP
C000
C000
F800
CC00
CC00
CC00
7F80
1800
3000
ENDCHAR
STARTCHAR 134A
ENCODING 4938
SWIDTH 687 0
DWIDTH 11 0
BBX 10 9 1 0
BITMAP
C000
C000
C000
C000
F800
CC00
CCC0
CCC0
7F80
ENDCHAR
STARTCHAR 134B
ENCODING 4939
SWIDTH 625 0
DWIDTH 10 0
BBX 9 9 1 0
BITMAP
C000
C000
F800
CC00
CC00
CC00
7F80
0C00
0C00
ENDCHAR
STARTCHAR 134C
ENCODING 4940
SWIDTH 750 0
DWIDTH 12 0
BBX 11 9 1 0
BITMAP
C000
C000
C000
C000
F800
CC00
CDC0
CF60
7FC0
ENDCHAR
STARTCHAR 134D
ENCODING 4941
SWIDTH 625 0
DWIDTH 10 0
BBX 9 9 1 0
BITMAP
FF00
C000
F800
CC00
CC00
CC00
7F80
0C00
0C00
ENDCHAR
STARTCHAR 134E
ENCODING 4942
SWIDTH 625 0
DWIDTH 10 0
BBX 9 9 1 0
BITMAP
FF00
CD80
C700
C000
F800
CC00
CC00
CC00
7F80
ENDCHAR
STARTCHAR 134F
ENCODING 4943
SWIDTH 625 0
DWIDTH 10 0
BBX 9 9 1 0
BITMAP
C000
C000
F800
CC00
CC00
CC00
7F80
0C00
3F00
ENDCHAR
STARTCHAR 1350
ENCODING 4944
SWIDTH 500 0
DWIDTH 8 0
BBX 6 9 1 0
BITMAP
FC
30
30
30
30
30
30
30
30
ENDCHAR
STARTCHAR 1351
ENCODING 4945
SWIDTH 500 0
DWIDTH 8 0
BBX 7 9 1 0
BITMAP
FC
30
30
30
3E
30
30
30
30
ENDCHAR
STARTCHAR 1352
ENCODING 4946
SWIDTH 500 0
DWIDTH 8 0
BBX 7 9 1 0
BITMAP
FC
30
30
30
30
30
30
30
3E
ENDCHAR
STARTCHAR 1353
ENCODING 4947
SWIDTH 562 0
DWIDTH 9 0
BBX 7 9 1 0
BITMAP
7E
18
18
18
18
18
18
30
E0
ENDCHAR
STARTCHAR 1354
ENCODING 4948
SWIDTH 500 0
DWIDTH 8 0
BBX 7 9 1 0
BITMAP
FC
30
30
30
30
30
3C
36
3C
ENDCHAR
STARTCHAR 1355
ENCODING 4949
SWIDTH 500 0
DWIDTH 8 0
BBX 6 9 1 0
BITMAP
FC
30
30
30
38
18
18
18
18
ENDCHAR
STARTCHAR 1356
ENCODING 4950
SWIDTH 500 0
DWIDTH 8 0
BBX 6 9 1 0
BITMAP
FC
30
30
30
60
60
C0
C0
C0
ENDCHAR
STARTCHAR 1357
ENCODING 4951
SWIDTH 562 0
DWIDTH 9 0
BBX 7 9 1 0
BITMAP
7E
18
18
18
18
18
18
30
FC
ENDCHAR
STARTCHAR 1358
ENCODING 4952
SWIDTH 625 0
DWIDTH 10 0
BBX 8 9 1 0
BITMAP
FC
30
30
30
30
30
33
33
1E
ENDCHAR
STARTCHAR 1359
ENCODING 4953
SWIDTH 937 0
DWIDTH 15 0
BBX 13 9 1 0
BITMAP
1F80
0600
7FF0
CD98
CD98
CD98
CDF8
CC18
7C18
ENDCHAR
STARTCHAR 135A
ENCODING 4954
SWIDTH 875 0
DWIDTH 14 0
BBX 12 9 1 0
BITMAP
FC00
3000
3000
3000
3E00
3300
3330
3330
1FE0
ENDCHAR
STARTCHAR 1361
ENCODING 4961
SWIDTH 500 0
DWIDTH 8 0
BBX 2 5 3 2
BITMAP
C0
C0
00
C0
C0
ENDCHAR
STARTCHAR 1362
ENCODING 4962
SWIDTH 500 0
DWIDTH 8 0
BBX 5 5 2 2
BITMAP
D8
D8
00
D8
D8
ENDCHAR
STARTCHAR 1363
ENCODING 4963
SWIDTH 500 0
DWIDTH 8 0
BBX 4 7 2 2
BITMAP
F0
00
60
60
00
60
60
ENDCHAR
STARTCHAR 1364
ENCODING 4964
SWIDTH 500 0
DWIDTH 8 0
BBX 4 9 2 0
BITMAP
F0
00
60
60
00
60
60
00
F0
ENDCHAR
STARTCHAR 1365
ENCODING 4965
SWIDTH 500 0
DWIDTH 8 0
BBX 4 7 2 1
BITMAP
60
60
00
F0
00
60
60
ENDCHAR
STARTCHAR 1366
ENCODING 4966
SWIDTH 500 0
DWIDTH 8 0
BBX 6 5 1 2
BITMAP
C0
C0
1C
C0
C0
ENDCHAR
STARTCHAR 1367
ENCODING 4967
SWIDTH 500 0
DWIDTH 8 0
BBX 2 8 3 1
BITMAP
C0
C0
00
C0
C0
00
C0
C0
ENDCHAR
STARTCHAR 1368
ENCODING 4968
SWIDTH 625 0
DWIDTH 10 0
BBX 8 10 1 0
BITMAP
18
18
C3
C3
18
18
C3
C3
18
18
ENDCHAR
STARTCHAR 1369
ENCODING 4969
SWIDTH 500 0
DWIDTH 8 0
BBX 6 11 1 -1
BITMAP
FC
00
C0
C0
F8
CC
CC
CC
78
00
FC
ENDCHAR
STARTCHAR 136A
ENCODING 4970
SWIDTH 500 0
DWIDTH 8 0
BBX 6 11 1 -1
BITMAP
FC
00
78
CC
F8
C0
F8
CC
78
00
FC
ENDCHAR
STARTCHAR 136B
ENCODING 4971
SWIDTH 500 0
DWIDTH 8 0
BBX 6 11 1 -1
BITMAP
FC
00
FC
C0
C0
C0
C0
C0
C0
00
FC
ENDCHAR
STARTCHAR 136C
ENCODING 4972
SWIDTH 500 0
DWIDTH 8 0
BBX 6 11 1 -1
BITMAP
FC
00
78
CC
CC
CC
CC
CC
78
00
FC
ENDCHAR
STARTCHAR 136D
ENCODING 4973
SWIDTH 562 0
DWIDTH 9 0
BBX 7 12 1 -2
BITMAP
FE
00
30
30
30
7E
60
CC
CC
78
00
FE
ENDCHAR
STARTCHAR 136E
ENCODING 4974
SWIDTH 500 0
DWIDTH 8 0
BBX 6 11 1 -1
BITMAP
FC
00
FC
0C
18
30
78
6C
78
00
FC
ENDCHAR
STARTCHAR 136F
ENCODING 4975
SWIDTH 500 0
DWIDTH 8 0
BBX 6 11 1 -1
BITMAP
FC
00
FC
0C
18
30
60
60
7C
00
FC
ENDCHAR
STARTCHAR 1370
ENCODING 4976
SWIDTH 500 0
DWIDTH 8 0
BBX 6 11 1 -1
BITMAP
FC
00
FC
30
30
30
30
30
FC
00
FC
ENDCHAR
STARTCHAR 1371
ENCODING 4977
SWIDTH 500 0
DWIDTH 8 0
BBX 6 11 1 -1
BITMAP
FC
00
CC
CC
FC
CC
CC
CC
78
00
FC
ENDCHAR
STARTCHAR 1372
ENCODING 4978
SWIDTH 500 0
DWIDTH 8 0
BBX 6 11 1 -1
BITMAP
FC
00
30
30
30
30
30
30
30
00
FC
ENDCHAR
STARTCHAR 1373
ENCODING 4979
SWIDTH 500 0
DWIDTH 8 0
BBX 6 11 1 -1
BITMAP
FC
00
FC
30
60
78
CC
CC
CC
00
FC
ENDCHAR
STARTCHAR 1374
ENCODING 4980
SWIDTH 625 0
DWIDTH 10 0
BBX 8 11 1 -1
BITMAP
FF
00
0E
DB
DB
DB
DB
DB
73
00
FF
ENDCHAR
STARTCHAR 1375
ENCODING 4981
SWIDTH 625 0
DWIDTH 10 0
BBX 8 11 1 -1
BITMAP
FF
00
DB
DB
DF
73
03
03
03
00
FF
ENDCHAR
STARTCHAR 1376
ENCODING 4982
SWIDTH 500 0
DWIDTH 8 0
BBX 6 11 1 -1
BITMAP
FC
00
CC
CC
CC
7C
0C
0C
0C
00
FC
ENDCHAR
STARTCHAR 1377
ENCODING 4983
SWIDTH 500 0
DWIDTH 8 0
BBX 7 11 1 -1
BITMAP
FC
00
FC
30
30
38
18
18
7E
00
FC
ENDCHAR
STARTCHAR 1378
ENCODING 4984
SWIDTH 562 0
DWIDTH 9 0
BBX 8 11 1 -1
BITMAP
FE
00
FE
DB
CE
C0
C0
C0
FC
00
FE
ENDCHAR
STARTCHAR 1379
ENCODING 4985
SWIDTH 687 0
DWIDTH 11 0
BBX 9 11 1 -1
BITMAP
FF80
0000
FF80
3600
3600
3600
3600
3600
3600
0000
FF80
ENDCHAR
STARTCHAR 137A
ENCODING 4986
SWIDTH 625 0
DWIDTH 10 0
BBX 8 11 1 -1
BITMAP
FF
00
F8
18
30
3F
03
06
0C
00
FF
ENDCHAR
STARTCHAR 137B
ENCODING 4987
SWIDTH 500 0
DWIDTH 8 0
BBX 6 11 1 -1
BITMAP
FC
00
78
CC
CC
78
30
30
30
00
FC
ENDCHAR
STARTCHAR 137C
ENCODING 4988
SWIDTH 812 0
DWIDTH 13 0
BBX 11 11 1 -1
BITMAP
FFE0
0000
71C0
DB60
DB60
71C0
3F80
3180
3180
0000
FFE0
ENDCHAR
STARTCHAR 1680
ENCODING 5760
SWIDTH 750 0
DWIDTH 12 0
BBX 12 1 0 2
BITMAP
FFF0
ENDCHAR
STARTCHAR 1681
ENCODING 5761
SWIDTH 750 0
DWIDTH 12 0
BBX 12 5 0 -2
BITMAP
FFF0
0200
0200
0200
0200
ENDCHAR
STARTCHAR 1682
ENCODING 5762
SWIDTH 750 0
DWIDTH 12 0
BBX 12 5 0 -2
BITMAP
FFF0
0500
0500
0500
0500
ENDCHAR
STARTCHAR 1683
ENCODING 5763
SWIDTH 750 0
DWIDTH 12 0
BBX 12 5 0 -2
BITMAP
FFF0
0A80
0A80
0A80
0A80
ENDCHAR
STARTCHAR 1684
ENCODING 5764
SWIDTH 750 0
DWIDTH 12 0
BBX 12 5 0 -2
BITMAP
FFF0
1540
1540
1540
1540
ENDCHAR
STARTCHAR 1685
ENCODING 5765
SWIDTH 750 0
DWIDTH 12 0
BBX 12 5 0 -2
BITMAP
FFF0
2AA0
2AA0
2AA0
2AA0
ENDCHAR
STARTCHAR 1686
ENCODING 5766
SWIDTH 750 0
DWIDTH 12 0
BBX 12 5 0 2
BITMAP
0200
0200
0200
0200
FFF0
ENDCHAR
STARTCHAR 1687
ENCODING 5767
SWIDTH 750 0
DWIDTH 12 0
BBX 12 5 0 2
BITMAP
0500
0500
0500
0500
FFF0
ENDCHAR
STARTCHAR 1688
ENCODING 5768
SWIDTH 750 0
DWIDTH 12 0
BBX 12 5 0 2
BITMAP
0A80
0A80
0A80
0A80
FFF0
ENDCHAR
STARTCHAR 1689
ENCODING 5769
SWIDTH 750 0
DWIDTH 12 0
BBX 12 5 0 2
BITMAP
1540
1540
1540
1540
FFF0
ENDCHAR
STARTCHAR 168A
ENCODING 5770
SWIDTH 750 0
DWIDTH 12 0
BBX 12 5 0 2
BITMAP
2AA0
2AA0
2AA0
2AA0
FFF0
ENDCHAR
STARTCHAR 168B
ENCODING 5771
SWIDTH 750 0
DWIDTH 12 0
BBX 12 9 0 -2
BITMAP
0080
0100
0100
0100
FFF0
0200
0200
0200
0400
ENDCHAR
STARTCHAR 168C
ENCODING 5772
SWIDTH 750 0
DWIDTH 12 0
BBX 12 9 0 -2
BITMAP
0280
0500
0500
0500
FFF0
0A00
0A00
0A00
1400
ENDCHAR
STARTCHAR 168D
ENCODING 5773
SWIDTH 750 0
DWIDTH 12 0
BBX 12 9 0 -2
BITMAP
0540
0A80
0A80
0A80
FFF0
1500
1500
1500
2A00
ENDCHAR
STARTCHAR 168E
ENCODING 5774
SWIDTH 750 0
DWIDTH 12 0
BBX 12 9 0 -2
BITMAP
0AA0
1540
1540
1540
FFF0
2A80
2A80
2A80
5500
ENDCHAR
STARTCHAR 168F
ENCODING 5775
SWIDTH 750 0
DWIDTH 12 0
BBX 12 9 0 -2
BITMAP
1550
2AA0
2AA0
2AA0
FFF0
5540
5540
5540
AA80
ENDCHAR
STARTCHAR 1690
ENCODING 5776
SWIDTH 750 0
DWIDTH 12 0
BBX 12 5 0 0
BITMAP
0200
0200
FFF0
0200
0200
ENDCHAR
STARTCHAR 1691
ENCODING 5777
SWIDTH 750 0
DWIDTH 12 0
BBX 12 5 0 0
BITMAP
0500
0500
FFF0
0500
0500
ENDCHAR
STARTCHAR 1692
ENCODING 5778
SWIDTH 750 0
DWIDTH 12 0
BBX 12 5 0 0
BITMAP
0A80
0A80
FFF0
0A80
0A80
ENDCHAR
STARTCHAR 1693
ENCODING 5779
SWIDTH 750 0
DWIDTH 12 0
BBX 12 5 0 0
BITMAP
1540
1540
FFF0
1540
1540
ENDCHAR
STARTCHAR 1694
ENCODING 5780
SWIDTH 750 0
DWIDTH 12 0
BBX 12 5 0 0
BITMAP
2AA0
2AA0
FFF0
2AA0
2AA0
ENDCHAR
STARTCHAR 1695
ENCODING 5781
SWIDTH 750 0
DWIDTH 12 0
BBX 12 11 0 -3
BITMAP
1040
0880
0880
0500
0700
FFF0
0700
0500
0880
0880
1040
ENDCHAR
STARTCHAR 1696
ENCODING 5782
SWIDTH 750 0
DWIDTH 12 0
BBX 12 11 0 -3
BITMAP
0200
0700
0D80
18C0
3060
FFF0
3060
18C0
0D80
0700
0200
ENDCHAR
STARTCHAR 1697
ENCODING 5783
SWIDTH 750 0
DWIDTH 12 0
BBX 12 6 0 -3
BITMAP
FFF0
0C00
0C00
0D80
0C80
0780
ENDCHAR
STARTCHAR 1698
ENCODING 5784
SWIDTH 750 0
DWIDTH 12 0
BBX 12 6 0 -3
BITMAP
FFF0
6DB0
3760
1FC0
0D80
1FC0
ENDCHAR
STARTCHAR 1699
ENCODING 5785
SWIDTH 750 0
DWIDTH 12 0
BBX 12 10 0 2
BITMAP
1540
3FE0
1540
3FE0
1540
3FE0
1540
3FE0
1540
FFF0
ENDCHAR
STARTCHAR 169A
ENCODING 5786
SWIDTH 750 0
DWIDTH 12 0
BBX 12 3 0 0
BITMAP
FFF0
0000
1FC0
ENDCHAR
STARTCHAR 169B
ENCODING 5787
SWIDTH 750 0
DWIDTH 12 0
BBX 11 9 1 -2
BITMAP
C000
6000
3000
1800
0FE0
1800
3000
6000
C000
ENDCHAR
STARTCHAR 169C
ENCODING 5788
SWIDTH 750 0
DWIDTH 12 0
BBX 11 9 0 -2
BITMAP
0060
00C0
0180
0300
FE00
0300
0180
00C0
0060
ENDCHAR
STARTCHAR 16A0
ENCODING 5792
SWIDTH 500 0
DWIDTH 8 0
BBX 7 9 1 0
BITMAP
C4
C8
F2
C4
C8
F0
C0
C0
C0
ENDCHAR
STARTCHAR 16A1
ENCODING 5793
SWIDTH 500 0
DWIDTH 8 0
BBX 7 12 1 0
BITMAP
30
30
00
C4
C8
F2
C4
C8
F0
C0
C0
C0
ENDCHAR
STARTCHAR 16A2
ENCODING 5794
SWIDTH 500 0
DWIDTH 8 0
BBX 6 9 1 0
BITMAP
F0
D8
CC
CC
CC
CC
CC
CC
CC
ENDCHAR
STARTCHAR 16A3
ENCODING 5795
SWIDTH 500 0
DWIDTH 8 0
BBX 7 9 1 0
BITMAP
E0
F0
D8
CC
C6
D6
D6
D6
D6
ENDCHAR
STARTCHAR 16A4
ENCODING 5796
SWIDTH 500 0
DWIDTH 8 0
BBX 7 9 1 0
BITMAP
F8
CC
C6
C6
D6
D6
C6
C6
C6
ENDCHAR
STARTCHAR 16A5
ENCODING 5797
SWIDTH 500 0
DWIDTH 8 0
BBX 7 9 1 0
BITMAP
F8
CC
E6
D6
D6
D6
D6
D6
D6
ENDCHAR
STARTCHAR 16A6
ENCODING 5798
SWIDTH 500 0
DWIDTH 8 0
BBX 6 9 1 0
BITMAP
C0
C0
F0
D8
CC
D8
F0
C0
C0
ENDCHAR
STARTCHAR 16A7
ENCODING 5799
SWIDTH 500 0
DWIDTH 8 0
BBX 7 9 1 0
BITMAP
C0
F0
DC
C6
D6
C6
DC
F0
C0
ENDCHAR
STARTCHAR 16A8
ENCODING 5800
SWIDTH 500 0
DWIDTH 8 0
BBX 5 9 2 0
BITMAP
E0
D0
C8
E0
D0
C8
C0
C0
C0
ENDCHAR
STARTCHAR 16A9
ENCODING 5801
SWIDTH 500 0
DWIDTH 8 0
BBX 6 9 1 0
BITMAP
E4
D8
C0
E4
D8
C0
C0
C0
C0
ENDCHAR
STARTCHAR 16AA
ENCODING 5802
SWIDTH 500 0
DWIDTH 8 0
BBX 6 9 1 0
BITMAP
E4
D8
C0
E0
D0
C8
C0
C0
C0
ENDCHAR
STARTCHAR 16AB
ENCODING 5803
SWIDTH 500 0
DWIDTH 8 0
BBX 6 9 1 0
BITMAP
E0
D8
C4
E0
D8
C4
C0
C0
C0
ENDCHAR
STARTCHAR 16AC
ENCODING 5804
SWIDTH 500 0
DWIDTH 8 0
BBX 6 9 1 0
BITMAP
B0
70
30
B8
74
30
38
34
30
ENDCHAR
STARTCHAR 16AD
ENCODING 5805
SWIDTH 500 0
DWIDTH 8 0
BBX 4 9 2 0
BITMAP
C0
C0
C0
E0
D0
C0
E0
D0
C0
ENDCHAR
STARTCHAR 16AE
ENCODING 5806
SWIDTH 500 0
DWIDTH 8 0
BBX 4 9 2 0
BITMAP
30
30
30
70
B0
30
70
B0
30
ENDCHAR
STARTCHAR 16AF
ENCODING 5807
SWIDTH 500 0
DWIDTH 8 0
BBX 6 9 1 0
BITMAP
34
38
30
74
B8
30
70
B0
30
ENDCHAR
STARTCHAR 16B0
ENCODING 5808
SWIDTH 500 0
DWIDTH 8 0
BBX 6 9 1 0
BITMAP
34
38
30
70
B0
30
70
B0
30
ENDCHAR
STARTCHAR 16B1
ENCODING 5809
SWIDTH 500 0
DWIDTH 8 0
BBX 6 9 1 0
BITMAP
F0
D8
CC
D8
E0
F0
D8
C0
C0
ENDCHAR
STARTCHAR 16B2
ENCODING 5810
SWIDTH 500 0
DWIDTH 8 0
BBX 4 5 2 2
BITMAP
30
60
C0
60
30
ENDCHAR
STARTCHAR 16B3
ENCODING 5811
SWIDTH 500 0
DWIDTH 8 0
BBX 6 9 1 0
BITMAP
C0
C0
C0
C0
C0
E0
F0
D8
CC
ENDCHAR
STARTCHAR 16B4
ENCODING 5812
SWIDTH 500 0
DWIDTH 8 0
BBX 6 9 1 0
BITMAP
C4
C8
F0
C0
C0
C0
C0
C0
C0
ENDCHAR
STARTCHAR 16B5
ENCODING 5813
SWIDTH 500 0
DWIDTH 8 0
BBX 6 12 1 0
BITMAP
30
30
00
C4
C8
F0
C0
C0
C0
C0
C0
C0
ENDCHAR
STARTCHAR 16B6
ENCODING 5814
SWIDTH 500 0
DWIDTH 8 0
BBX 7 9 1 0
BITMAP
62
64
F8
E0
60
60
60
60
60
ENDCHAR
STARTCHAR 16B7
ENCODING 5815
SWIDTH 500 0
DWIDTH 8 0
BBX 6 9 1 0
BITMAP
CC
CC
68
30
30
58
CC
CC
CC
ENDCHAR
STARTCHAR 16B8
ENCODING 5816
SWIDTH 500 0
DWIDTH 8 0
BBX 6 9 1 0
BITMAP
CC
CC
68
B4
B4
58
CC
CC
CC
ENDCHAR
STARTCHAR 16B9
ENCODING 5817
SWIDTH 500 0
DWIDTH 8 0
BBX 6 9 1 0
BITMAP
F0
D8
CC
D8
F0
C0
C0
C0
C0
ENDCHAR
STARTCHAR 16BA
ENCODING 5818
SWIDTH 500 0
DWIDTH 8 0
BBX 6 9 1 0
BITMAP
CC
CC
CC
EC
DC
CC
CC
CC
CC
ENDCHAR
STARTCHAR 16BB
ENCODING 5819
SWIDTH 500 0
DWIDTH 8 0
BBX 6 9 1 0
BITMAP
CC
CC
EC
DC
CC
EC
DC
CC
CC
ENDCHAR
STARTCHAR 16BC
ENCODING 5820
SWIDTH 500 0
DWIDTH 8 0
BBX 6 9 1 0
BITMAP
30
30
B4
78
78
B4
30
30
30
ENDCHAR
STARTCHAR 16BD
ENCODING 5821
SWIDTH 500 0
DWIDTH 8 0
BBX 4 9 2 0
BITMAP
60
60
60
F0
F0
60
60
60
60
ENDCHAR
STARTCHAR 16BE
ENCODING 5822
SWIDTH 500 0
DWIDTH 8 0
BBX 6 9 1 0
BITMAP
30
30
B0
70
38
34
30
30
30
ENDCHAR
STARTCHAR 16BF
ENCODING 5823
SWIDTH 500 0
DWIDTH 8 0
BBX 4 9 2 0
BITMAP
C0
C0
C0
C0
E0
D0
C0
C0
C0
ENDCHAR
STARTCHAR 16C0
ENCODING 5824
SWIDTH 500 0
DWIDTH 8 0
BBX 6 9 1 0
BITMAP
30
30
B0
78
78
34
30
30
30
ENDCHAR
STARTCHAR 16C1
ENCODING 5825
SWIDTH 500 0
DWIDTH 8 0
BBX 2 9 3 0
BITMAP
C0
C0
C0
C0
C0
C0
C0
C0
C0
ENDCHAR
STARTCHAR 16C2
ENCODING 5826
SWIDTH 500 0
DWIDTH 8 0
BBX 4 9 2 0
BITMAP
60
60
60
F0
F0
60
60
60
60
ENDCHAR
STARTCHAR 16C3
ENCODING 5827
SWIDTH 500 0
DWIDTH 8 0
BBX 8 7 0 1
BITMAP
30
60
CC
66
33
06
0C
ENDCHAR
STARTCHAR 16C4
ENCODING 5828
SWIDTH 500 0
DWIDTH 8 0
BBX 8 9 0 0
BITMAP
18
18
3C
5A
99
5A
3C
18
18
ENDCHAR
STARTCHAR 16C5
ENCODING 5829
SWIDTH 500 0
DWIDTH 8 0
BBX 6 9 1 0
BITMAP
30
30
34
38
70
B0
30
30
30
ENDCHAR
STARTCHAR 16C6
ENCODING 5830
SWIDTH 500 0
DWIDTH 8 0
BBX 4 9 2 0
BITMAP
30
30
30
30
70
B0
30
30
30
ENDCHAR
STARTCHAR 16C7
ENCODING 5831
SWIDTH 500 0
DWIDTH 8 0
BBX 8 9 0 0
BITMAP
1C
1A
19
18
18
18
98
58
38
ENDCHAR
STARTCHAR 16C8
ENCODING 5832
SWIDTH 500 0
DWIDTH 8 0
BBX 6 9 1 0
BITMAP
E4
D8
C0
C0
C0
C0
C0
D8
E4
ENDCHAR
STARTCHAR 16C9
ENCODING 5833
SWIDTH 500 0
DWIDTH 8 0
BBX 8 9 0 0
BITMAP
99
5A
3C
18
18
18
18
18
18
ENDCHAR
STARTCHAR 16CA
ENCODING 5834
SWIDTH 500 0
DWIDTH 8 0
BBX 4 9 2 0
BITMAP
30
60
C0
60
30
60
C0
60
30
ENDCHAR
STARTCHAR 16CB
ENCODING 5835
SWIDTH 500 0
DWIDTH 8 0
BBX 6 9 1 0
BITMAP
C0
C0
CC
DC
EC
CC
0C
0C
0C
ENDCHAR
STARTCHAR 16CC
ENCODING 5836
SWIDTH 500 0
DWIDTH 8 0
BBX 2 5 3 4
BITMAP
C0
C0
C0
C0
C0
ENDCHAR
STARTCHAR 16CD
ENCODING 5837
SWIDTH 500 0
DWIDTH 8 0
BBX 4 6 2 3
BITMAP
60
60
60
F0
F0
60
ENDCHAR
STARTCHAR 16CE
ENCODING 5838
SWIDTH 500 0
DWIDTH 8 0
BBX 6 5 1 4
BITMAP
30
30
B4
78
30
ENDCHAR
STARTCHAR 16CF
ENCODING 5839
SWIDTH 500 0
DWIDTH 8 0
BBX 6 9 1 0
BITMAP
30
78
B4
30
30
30
30
30
30
ENDCHAR
STARTCHAR 16D0
ENCODING 5840
SWIDTH 500 0
DWIDTH 8 0
BBX 5 9 2 0
BITMAP
38
58
98
18
18
18
18
18
18
ENDCHAR
STARTCHAR 16D1
ENCODING 5841
SWIDTH 500 0
DWIDTH 8 0
BBX 6 9 2 0
BITMAP
38
58
98
3C
3C
18
18
18
18
ENDCHAR
STARTCHAR 16D2
ENCODING 5842
SWIDTH 500 0
DWIDTH 8 0
BBX 6 9 1 0
BITMAP
F0
D8
CC
D8
F0
D8
CC
D8
F0
ENDCHAR
STARTCHAR 16D3
ENCODING 5843
SWIDTH 500 0
DWIDTH 8 0
BBX 4 9 2 0
BITMAP
C0
D0
E0
C0
D0
E0
C0
C0
C0
ENDCHAR
STARTCHAR 16D4
ENCODING 5844
SWIDTH 500 0
DWIDTH 8 0
BBX 7 9 1 0
BITMAP
FC
C6
D6
C6
FC
C6
D6
C6
FC
ENDCHAR
STARTCHAR 16D5
ENCODING 5845
SWIDTH 500 0
DWIDTH 8 0
BBX 6 9 1 0
BITMAP
C0
CC
D8
F0
E0
F0
D8
CC
C0
ENDCHAR
STARTCHAR 16D6
ENCODING 5846
SWIDTH 500 0
DWIDTH 8 0
BBX 7 9 1 0
BITMAP
EE
D6
C6
C6
C6
C6
C6
C6
C6
ENDCHAR
STARTCHAR 16D7
ENCODING 5847
SWIDTH 500 0
DWIDTH 8 0
BBX 7 9 1 0
BITMAP
EE
D6
EE
C6
C6
C6
C6
C6
C6
ENDCHAR
STARTCHAR 16D8
ENCODING 5848
SWIDTH 500 0
DWIDTH 8 0
BBX 8 9 0 0
BITMAP
DB
DB
5A
3C
18
18
18
18
18
ENDCHAR
STARTCHAR 16D9
ENCODING 5849
SWIDTH 500 0
DWIDTH 8 0
BBX 4 9 2 0
BITMAP
60
F0
F0
60
60
60
60
60
60
ENDCHAR
STARTCHAR 16DA
ENCODING 5850
SWIDTH 500 0
DWIDTH 8 0
BBX 5 9 2 0
BITMAP
E0
D0
C8
C0
C0
C0
C0
C0
C0
ENDCHAR
STARTCHAR 16DB
ENCODING 5851
SWIDTH 500 0
DWIDTH 8 0
BBX 6 9 1 0
BITMAP
70
68
64
F0
F0
60
60
60
60
ENDCHAR
STARTCHAR 16DC
ENCODING 5852
SWIDTH 500 0
DWIDTH 8 0
BBX 7 5 1 2
BITMAP
38
6C
C6
6C
38
ENDCHAR
STARTCHAR 16DD
ENCODING 5853
SWIDTH 500 0
DWIDTH 8 0
BBX 7 9 1 0
BITMAP
C6
6C
38
6C
C6
6C
38
6C
C6
ENDCHAR
STARTCHAR 16DE
ENCODING 5854
SWIDTH 500 0
DWIDTH 8 0
BBX 6 9 1 0
BITMAP
CC
CC
EC
B4
B4
DC
CC
CC
CC
ENDCHAR
STARTCHAR 16DF
ENCODING 5855
SWIDTH 500 0
DWIDTH 8 0
BBX 7 9 1 0
BITMAP
38
6C
C6
6C
38
38
6C
C6
C6
ENDCHAR
STARTCHAR 16E0
ENCODING 5856
SWIDTH 500 0
DWIDTH 8 0
BBX 8 9 0 0
BITMAP
BD
5A
18
18
18
18
18
18
18
ENDCHAR
STARTCHAR 16E1
ENCODING 5857
SWIDTH 500 0
DWIDTH 8 0
BBX 6 9 1 0
BITMAP
30
30
B4
78
78
B4
30
30
30
ENDCHAR
STARTCHAR 16E2
ENCODING 5858
SWIDTH 500 0
DWIDTH 8 0
BBX 8 9 0 0
BITMAP
1D
1A
18
18
18
18
18
58
B8
ENDCHAR
STARTCHAR 16E3
ENCODING 5859
SWIDTH 500 0
DWIDTH 8 0
BBX 8 9 0 0
BITMAP
18
18
18
18
18
18
3C
5A
99
ENDCHAR
STARTCHAR 16E4
ENCODING 5860
SWIDTH 500 0
DWIDTH 8 0
BBX 8 9 0 0
BITMAP
DB
7E
3C
5A
99
5A
3C
7E
DB
ENDCHAR
STARTCHAR 16E5
ENCODING 5861
SWIDTH 500 0
DWIDTH 8 0
BBX 7 9 1 0
BITMAP
EE
D6
EE
C6
C6
C6
EE
D6
EE
ENDCHAR
STARTCHAR 16E6
ENCODING 5862
SWIDTH 500 0
DWIDTH 8 0
BBX 8 9 0 0
BITMAP
18
18
18
18
18
3C
5A
DB
DB
ENDCHAR
STARTCHAR 16E7
ENCODING 5863
SWIDTH 500 0
DWIDTH 8 0
BBX 2 5 3 0
BITMAP
C0
C0
C0
C0
C0
ENDCHAR
STARTCHAR 16E8
ENCODING 5864
SWIDTH 500 0
DWIDTH 8 0
BBX 6 9 1 0
BITMAP
30
78
B4
30
30
30
B4
78
30
ENDCHAR
STARTCHAR 16E9
ENCODING 5865
SWIDTH 500 0
DWIDTH 8 0
BBX 6 9 1 0
BITMAP
3C
6C
CC
6C
3C
0C
0C
0C
0C
ENDCHAR
STARTCHAR 16EA
ENCODING 5866
SWIDTH 500 0
DWIDTH 8 0
BBX 8 11 0 -1
BITMAP
60
F0
60
66
6E
76
66
06
06
0F
06
ENDCHAR
STARTCHAR 16EB
ENCODING 5867
SWIDTH 500 0
DWIDTH 8 0
BBX 2 2 3 4
BITMAP
C0
C0
ENDCHAR
STARTCHAR 16EC
ENCODING 5868
SWIDTH 500 0
DWIDTH 8 0
BBX 2 6 3 1
BITMAP
C0
C0
00
00
C0
C0
ENDCHAR
STARTCHAR 16ED
ENCODING 5869
SWIDTH 500 0
DWIDTH 8 0
BBX 8 8 0 1
BITMAP
3C
18
99
FF
FF
99
18
3C
ENDCHAR
STARTCHAR 16EE
ENCODING 5870
SWIDTH 500 0
DWIDTH 8 0
BBX 7 9 1 0
BITMAP
30
38
34
72
B0
30
30
30
30
ENDCHAR
STARTCHAR 16EF
ENCODING 5871
SWIDTH 500 0
DWIDTH 8 0
BBX 8 9 0 0
BITMAP
DB
DB
5A
3C
18
3C
5A
DB
DB
ENDCHAR
STARTCHAR 16F0
ENCODING 5872
SWIDTH 500 0
DWIDTH 8 0
BBX 8 9 0 0
BITMAP
18
7E
DB
DB
DB
DB
7E
18
18
ENDCHAR
STARTCHAR 1950
ENCODING 6480
SWIDTH 500 0
DWIDTH 8 0
BBX 6 7 1 0
BITMAP
B8
6C
0C
0C
0C
0C
0C
ENDCHAR
STARTCHAR 1951
ENCODING 6481
SWIDTH 500 0
DWIDTH 8 0
BBX 6 7 1 0
BITMAP
B8
6C
0C
7C
CC
DC
6C
ENDCHAR
STARTCHAR 1952
ENCODING 6482
SWIDTH 500 0
DWIDTH 8 0
BBX 6 7 1 0
BITMAP
D8
EC
CC
CC
CC
CC
CC
ENDCHAR
STARTCHAR 1953
ENCODING 6483
SWIDTH 750 0
DWIDTH 12 0
BBX 10 7 1 0
BITMAP
B980
6EC0
0CC0
0CC0
0CC0
0DC0
06C0
ENDCHAR
STARTCHAR 1954
ENCODING 6484
SWIDTH 750 0
DWIDTH 12 0
BBX 10 7 1 0
BITMAP
B8C0
6CC0
0CC0
0CC0
0CC0
0DC0
06C0
ENDCHAR
STARTCHAR 1955
ENCODING 6485
SWIDTH 750 0
DWIDTH 12 0
BBX 10 7 1 0
BITMAP
C0C0
C0C0
C0C0
C0C0
CCC0
FFC0
76C0
ENDCHAR
STARTCHAR 1956
ENCODING 6486
SWIDTH 750 0
DWIDTH 12 0
BBX 10 7 1 0
BITMAP
9980
EEC0
CCC0
CCC0
CCC0
DCC0
6440
ENDCHAR
STARTCHAR 1957
ENCODING 6487
SWIDTH 750 0
DWIDTH 12 0
BBX 10 7 1 0
BITMAP
9980
EEC0
CCC0
CCC0
CCC0
DDC0
6640
ENDCHAR
STARTCHAR 1958
ENCODING 6488
SWIDTH 500 0
DWIDTH 8 0
BBX 7 7 1 0
BITMAP
06
06
06
06
06
AE
56
ENDCHAR
STARTCHAR 1959
ENCODING 6489
SWIDTH 500 0
DWIDTH 8 0
BBX 6 7 1 0
BITMAP
CC
CC
CC
CC
CC
DC
6C
ENDCHAR
STARTCHAR 195A
ENCODING 6490
SWIDTH 750 0
DWIDTH 12 0
BBX 10 7 1 0
BITMAP
8980
CEC0
CCC0
CCC0
CCC0
DDC0
6640
ENDCHAR
STARTCHAR 195B
ENCODING 6491
SWIDTH 500 0
DWIDTH 8 0
BBX 6 7 1 0
BITMAP
CC
CC
FC
CC
CC
DC
6C
ENDCHAR
STARTCHAR 195C
ENCODING 6492
SWIDTH 750 0
DWIDTH 12 0
BBX 10 9 1 -2
BITMAP
8980
CEC0
CCC0
CCC0
CCC0
DDC0
66C0
00C0
0180
ENDCHAR
STARTCHAR 195D
ENCODING 6493
SWIDTH 500 0
DWIDTH 8 0
BBX 6 7 1 0
BITMAP
98
EC
CC
CC
CC
DC
6C
ENDCHAR
STARTCHAR 195E
ENCODING 6494
SWIDTH 750 0
DWIDTH 12 0
BBX 10 9 1 -2
BITMAP
9980
EEC0
CCC0
CCC0
CCC0
DCC0
6C40
0C00
1800
ENDCHAR
STARTCHAR 195F
ENCODING 6495
SWIDTH 750 0
DWIDTH 12 0
BBX 10 9 1 -2
BITMAP
B980
6EC0
0CC0
0CC0
0CC0
0CC0
0C40
0C00
1800
ENDCHAR
STARTCHAR 1960
ENCODING 6496
SWIDTH 500 0
DWIDTH 8 0
BBX 6 9 1 -2
BITMAP
B8
6C
0C
7C
CC
DC
6C
0C
18
ENDCHAR
STARTCHAR 1961
ENCODING 6497
SWIDTH 750 0
DWIDTH 12 0
BBX 10 9 1 -2
BITMAP
B8C0
6CC0
0CC0
0CC0
0CC0
0DC0
06C0
00C0
0180
ENDCHAR
STARTCHAR 1962
ENCODING 6498
SWIDTH 500 0
DWIDTH 8 0
BBX 7 7 1 0
BITMAP
CE
CE
D6
D6
D6
E6
E6
ENDCHAR
STARTCHAR 1963
ENCODING 6499
SWIDTH 500 0
DWIDTH 8 0
BBX 2 10 3 -1
BITMAP
C0
C0
C0
C0
C0
C0
C0
C0
C0
80
ENDCHAR
STARTCHAR 1964
ENCODING 6500
SWIDTH 500 0
DWIDTH 8 0
BBX 6 11 1 -1
BITMAP
FC
CC
CC
CC
DC
EC
CC
CC
CC
EC
98
ENDCHAR
STARTCHAR 1965
ENCODING 6501
SWIDTH 500 0
DWIDTH 8 0
BBX 6 11 1 -1
BITMAP
FC
CC
CC
CC
CC
CC
CC
CC
CC
CC
88
ENDCHAR
STARTCHAR 1966
ENCODING 6502
SWIDTH 500 0
DWIDTH 8 0
BBX 6 13 1 -3
BITMAP
FC
CC
CC
CC
CC
CC
CC
CC
CC
CC
8C
0C
38
ENDCHAR
STARTCHAR 1967
ENCODING 6503
SWIDTH 500 0
DWIDTH 8 0
BBX 5 10 2 -3
BITMAP
80
C0
C0
C0
C0
C0
C0
F8
00
F8
ENDCHAR
STARTCHAR 1968
ENCODING 6504
SWIDTH 500 0
DWIDTH 8 0
BBX 5 10 2 -3
BITMAP
80
C0
C0
C0
C0
C0
C0
C0
C0
F8
ENDCHAR
STARTCHAR 1969
ENCODING 6505
SWIDTH 500 0
DWIDTH 8 0
BBX 6 10 1 0
BITMAP
88
CC
CC
CC
CC
CC
CC
CC
CC
FC
ENDCHAR
STARTCHAR 196A
ENCODING 6506
SWIDTH 500 0
DWIDTH 8 0
BBX 6 13 1 -3
BITMAP
FC
CC
CC
CC
DC
EC
CC
CC
CC
EC
D8
C0
70
ENDCHAR
STARTCHAR 196B
ENCODING 6507
SWIDTH 500 0
DWIDTH 8 0
BBX 6 13 1 -3
BITMAP
FC
CC
CC
CC
CC
CC
CC
CC
CC
CC
C8
C0
70
ENDCHAR
STARTCHAR 196C
ENCODING 6508
SWIDTH 500 0
DWIDTH 8 0
BBX 5 11 2 -1
BITMAP
F8
C0
C0
C0
C0
C0
C0
C0
C0
C0
80
ENDCHAR
STARTCHAR 196D
ENCODING 6509
SWIDTH 750 0
DWIDTH 12 0
BBX 10 9 1 -2
BITMAP
B8C0
6CC0
0CC0
0CC0
0CC0
0DC0
0EC0
0C00
1800
ENDCHAR
STARTCHAR 1970
ENCODING 6512
SWIDTH 500 0
DWIDTH 8 0
BBX 7 7 1 0
BITMAP
FC
6C
6C
6C
6C
6C
C6
ENDCHAR
STARTCHAR 1971
ENCODING 6513
SWIDTH 500 0
DWIDTH 8 0
BBX 6 7 1 0
BITMAP
38
4C
CC
FC
C0
C8
70
ENDCHAR
STARTCHAR 1972
ENCODING 6514
SWIDTH 500 0
DWIDTH 8 0
BBX 6 7 1 0
BITMAP
38
4C
CC
CC
CC
DC
6C
ENDCHAR
STARTCHAR 1973
ENCODING 6515
SWIDTH 500 0
DWIDTH 8 0
BBX 6 7 1 0
BITMAP
CC
D4
DC
CC
CC
C8
70
ENDCHAR
STARTCHAR 1974
ENCODING 6516
SWIDTH 500 0
DWIDTH 8 0
BBX 6 7 1 0
BITMAP
38
4C
CC
C0
C0
C8
70
ENDCHAR
STARTCHAR 1D00
ENCODING 7424
SWIDTH 500 0
DWIDTH 8 0
BBX 6 7 1 0
BITMAP
30
78
CC
CC
FC
CC
CC
ENDCHAR
STARTCHAR 1D01
ENCODING 7425
SWIDTH 500 0
DWIDTH 8 0
BBX 7 7 1 0
BITMAP
3E
78
D8
DE
F8
D8
DE
ENDCHAR
STARTCHAR 1D02
ENCODING 7426
SWIDTH 500 0
DWIDTH 8 0
BBX 8 7 0 0
BITMAP
7B
DB
DB
7E
DB
DB
0E
ENDCHAR
STARTCHAR 1D03
ENCODING 7427
SWIDTH 500 0
DWIDTH 8 0
BBX 7 7 0 0
BITMAP
7C
66
66
FC
66
66
7C
ENDCHAR
STARTCHAR 1D04
ENCODING 7428
SWIDTH 500 0
DWIDTH 8 0
BBX 6 7 1 0
BITMAP
78
CC
CC
C0
CC
CC
78
ENDCHAR
STARTCHAR 1D05
ENCODING 7429
SWIDTH 500 0
DWIDTH 8 0
BBX 6 7 1 0
BITMAP
F8
CC
CC
CC
CC
CC
F8
ENDCHAR
STARTCHAR 1D06
ENCODING 7430
SWIDTH 500 0
DWIDTH 8 0
BBX 7 7 0 0
BITMAP
7C
66
66
F6
66
66
7C
ENDCHAR
STARTCHAR 1D07
ENCODING 7431
SWIDTH 500 0
DWIDTH 8 0
BBX 6 7 1 0
BITMAP
FC
C0
C0
F8
C0
C0
FC
ENDCHAR
STARTCHAR 1D08
ENCODING 7432
SWIDTH 500 0
DWIDTH 8 0
BBX 6 7 1 0
BITMAP
78
CC
0C
38
0C
CC
78
ENDCHAR
STARTCHAR 1D09
ENCODING 7433
SWIDTH 500 0
DWIDTH 8 0
BBX 6 10 1 -3
BITMAP
FC
30
30
30
30
30
3C
00
30
30
ENDCHAR
STARTCHAR 1D0A
ENCODING 7434
SWIDTH 500 0
DWIDTH 8 0
BBX 6 7 1 0
BITMAP
0C
0C
0C
0C
CC
CC
78
ENDCHAR
STARTCHAR 1D0B
ENCODING 7435
SWIDTH 500 0
DWIDTH 8 0
BBX 6 7 1 0
BITMAP
CC
CC
D8
F0
D8
CC
CC
ENDCHAR
STARTCHAR 1D0C
ENCODING 7436
SWIDTH 500 0
DWIDTH 8 0
BBX 7 7 0 0
BITMAP
68
78
70
E0
E0
60
7E
ENDCHAR
STARTCHAR 1D0D
ENCODING 7437
SWIDTH 500 0
DWIDTH 8 0
BBX 7 7 1 0
BITMAP
C6
EE
D6
D6
C6
C6
C6
ENDCHAR
STARTCHAR 1D0E
ENCODING 7438
SWIDTH 500 0
DWIDTH 8 0
BBX 7 7 1 0
BITMAP
C6
CE
DE
F6
E6
C6
C6
ENDCHAR
STARTCHAR 1D0F
ENCODING 7439
SWIDTH 500 0
DWIDTH 8 0
BBX 6 7 1 0
BITMAP
78
CC
CC
CC
CC
CC
78
ENDCHAR
STARTCHAR 1D10
ENCODING 7440
SWIDTH 500 0
DWIDTH 8 0
BBX 6 7 1 0
BITMAP
78
CC
CC
0C
CC
CC
78
ENDCHAR
STARTCHAR 1D11
ENCODING 7441
SWIDTH 500 0
DWIDTH 8 0
BBX 7 6 1 0
BITMAP
7C
FE
82
82
FE
7C
ENDCHAR
STARTCHAR 1D12
ENCODING 7442
SWIDTH 500 0
DWIDTH 8 0
BBX 7 6 1 0
BITMAP
7C
FE
82
82
C6
44
ENDCHAR
STARTCHAR 1D13
ENCODING 7443
SWIDTH 500 0
DWIDTH 8 0
BBX 7 6 1 0
BITMAP
FC
FE
B2
9A
FE
7E
ENDCHAR
STARTCHAR 1D14
ENCODING 7444
SWIDTH 500 0
DWIDTH 8 0
BBX 8 7 0 0
BITMAP
7B
DB
DB
FF
C3
C3
7E
ENDCHAR
STARTCHAR 1D15
ENCODING 7445
SWIDTH 500 0
DWIDTH 8 0
BBX 6 9 1 0
BITMAP
CC
CC
78
CC
CC
CC
CC
CC
78
ENDCHAR
STARTCHAR 1D16
ENCODING 7446
SWIDTH 500 0
DWIDTH 8 0
BBX 6 5 1 3
BITMAP
78
CC
CC
CC
CC
ENDCHAR
STARTCHAR 1D17
ENCODING 7447
SWIDTH 500 0
DWIDTH 8 0
BBX 6 5 1 1
BITMAP
CC
CC
CC
CC
78
ENDCHAR
STARTCHAR 1D18
ENCODING 7448
SWIDTH 500 0
DWIDTH 8 0
BBX 6 7 1 0
BITMAP
F8
CC
CC
F8
C0
C0
C0
ENDCHAR
STARTCHAR 1D19
ENCODING 7449
SWIDTH 500 0
DWIDTH 8 0
BBX 6 7 1 0
BITMAP
7C
CC
CC
7C
6C
CC
CC
ENDCHAR
STARTCHAR 1D1A
ENCODING 7450
SWIDTH 500 0
DWIDTH 8 0
BBX 6 7 1 0
BITMAP
CC
CC
6C
7C
CC
CC
7C
ENDCHAR
STARTCHAR 1D1B
ENCODING 7451
SWIDTH 500 0
DWIDTH 8 0
BBX 6 7 1 0
BITMAP
FC
30
30
30
30
30
30
ENDCHAR
STARTCHAR 1D1C
ENCODING 7452
SWIDTH 500 0
DWIDTH 8 0
BBX 6 7 1 0
BITMAP
CC
CC
CC
CC
CC
CC
78
ENDCHAR
STARTCHAR 1D1D
ENCODING 7453
SWIDTH 500 0
DWIDTH 8 0
BBX 6 6 1 0
BITMAP
FC
FC
04
04
FC
F8
ENDCHAR
STARTCHAR 1D1E
ENCODING 7454
SWIDTH 500 0
DWIDTH 8 0
BBX 7 6 1 0
BITMAP
BE
BE
02
02
BE
BC
ENDCHAR
STARTCHAR 1D1F
ENCODING 7455
SWIDTH 500 0
DWIDTH 8 0
BBX 6 7 1 0
BITMAP
FC
FC
04
FC
04
FC
F8
ENDCHAR
STARTCHAR 1D20
ENCODING 7456
SWIDTH 500 0
DWIDTH 8 0
BBX 6 7 1 0
BITMAP
CC
CC
CC
78
78
30
30
ENDCHAR
STARTCHAR 1D21
ENCODING 7457
SWIDTH 500 0
DWIDTH 8 0
BBX 7 7 1 0
BITMAP
C6
D6
D6
D6
7C
6C
6C
ENDCHAR
STARTCHAR 1D22
ENCODING 7458
SWIDTH 500 0
DWIDTH 8 0
BBX 6 7 1 0
BITMAP
FC
8C
18
30
60
C4
FC
ENDCHAR
STARTCHAR 1D23
ENCODING 7459
SWIDTH 500 0
DWIDTH 8 0
BBX 6 7 1 0
BITMAP
FC
0C
18
38
0C
CC
78
ENDCHAR
STARTCHAR 1D24
ENCODING 7460
SWIDTH 500 0
DWIDTH 8 0
BBX 6 10 1 -1
BITMAP
78
CC
CC
18
30
30
60
CC
CC
78
ENDCHAR
STARTCHAR 1D25
ENCODING 7461
SWIDTH 500 0
DWIDTH 8 0
BBX 6 7 1 0
BITMAP
78
FC
FC
78
30
78
CC
ENDCHAR
STARTCHAR 1D26
ENCODING 7462
SWIDTH 500 0
DWIDTH 8 0
BBX 6 7 1 0
BITMAP
FC
C0
C0
C0
C0
C0
C0
ENDCHAR
STARTCHAR 1D27
ENCODING 7463
SWIDTH 500 0
DWIDTH 8 0
BBX 6 7 1 0
BITMAP
30
30
78
78
CC
CC
CC
ENDCHAR
STARTCHAR 1D28
ENCODING 7464
SWIDTH 500 0
DWIDTH 8 0
BBX 6 7 1 0
BITMAP
FC
CC
CC
CC
CC
CC
CC
ENDCHAR
STARTCHAR 1D29
ENCODING 7465
SWIDTH 500 0
DWIDTH 8 0
BBX 6 7 1 0
BITMAP
F8
CC
CC
F8
C0
C0
C0
ENDCHAR
STARTCHAR 1D2A
ENCODING 7466
SWIDTH 500 0
DWIDTH 8 0
BBX 7 7 1 0
BITMAP
DA
DA
DA
DA
7C
18
18
ENDCHAR
STARTCHAR 1D2B
ENCODING 7467
SWIDTH 500 0
DWIDTH 8 0
BBX 7 7 1 0
BITMAP
7E
66
66
66
66
C6
C6
ENDCHAR
STARTCHAR 1D6B
ENCODING 7531
SWIDTH 750 0
DWIDTH 12 0
BBX 10 7 1 0
BITMAP
CF80
CCC0
CCC0
CFC0
CC00
CC00
7F80
ENDCHAR
STARTCHAR 1D79
ENCODING 7545
SWIDTH 500 0
DWIDTH 8 0
BBX 6 10 1 -3
BITMAP
FC
30
60
60
30
78
CC
CC
CC
78
ENDCHAR
STARTCHAR 1D7A
ENCODING 7546
SWIDTH 1000 0
DWIDTH 16 0
BBX 15 9 1 0
BITMAP
60C0
60C0
FCF8
60CC
60CC
FFFE
60CC
60CC
3CCC
ENDCHAR
STARTCHAR 1D7F
ENCODING 7551
SWIDTH 500 0
DWIDTH 8 0
BBX 7 7 1 0
BITMAP
EE
6C
C6
FE
C6
C6
7C
ENDCHAR
STARTCHAR 1E00
ENCODING 7680
SWIDTH 500 0
DWIDTH 8 0
BBX 6 12 1 -3
BITMAP
30
78
CC
CC
CC
FC
CC
CC
CC
78
CC
78
ENDCHAR
STARTCHAR 1E01
ENCODING 7681
SWIDTH 500 0
DWIDTH 8 0
BBX 6 10 1 -3
BITMAP
78
0C
0C
7C
CC
CC
7C
78
CC
78
ENDCHAR
STARTCHAR 1E02
ENCODING 7682
SWIDTH 500 0
DWIDTH 8 0
BBX 6 12 1 0
BITMAP
30
30
00
F8
CC
CC
CC
F8
CC
CC
CC
F8
ENDCHAR
STARTCHAR 1E03
ENCODING 7683
SWIDTH 500 0
DWIDTH 8 0
BBX 6 10 1 0
BITMAP
18
D8
C0
F8
CC
CC
CC
CC
CC
F8
ENDCHAR
STARTCHAR 1E04
ENCODING 7684
SWIDTH 500 0
DWIDTH 8 0
BBX 6 12 1 -3
BITMAP
F8
CC
CC
CC
F8
CC
CC
CC
F8
00
30
30
ENDCHAR
STARTCHAR 1E05
ENCODING 7685
SWIDTH 500 0
DWIDTH 8 0
BBX 6 12 1 -3
BITMAP
C0
C0
F8
CC
CC
CC
CC
CC
F8
00
30
30
ENDCHAR
STARTCHAR 1E06
ENCODING 7686
SWIDTH 500 0
DWIDTH 8 0
BBX 6 11 1 -2
BITMAP
F8
CC
CC
CC
F8
CC
CC
CC
F8
00
FC
ENDCHAR
STARTCHAR 1E07
ENCODING 7687
SWIDTH 500 0
DWIDTH 8 0
BBX 6 11 1 -2
BITMAP
C0
C0
F8
CC
CC
CC
CC
CC
F8
00
FC
ENDCHAR
STARTCHAR 1E08
ENCODING 7688
SWIDTH 500 0
DWIDTH 8 0
BBX 6 15 1 -3
BITMAP
18
30
00
78
CC
CC
C0
C0
C0
CC
CC
78
30
18
70
ENDCHAR
STARTCHAR 1E09
ENCODING 7689
SWIDTH 500 0
DWIDTH 8 0
BBX 6 14 1 -3
BITMAP
1C
18
30
00
78
CC
C0
C0
C0
CC
78
30
18
70
ENDCHAR
STARTCHAR 1E0A
ENCODING 7690
SWIDTH 500 0
DWIDTH 8 0
BBX 6 12 1 0
BITMAP
30
30
00
F0
D8
CC
CC
CC
CC
CC
D8
F0
ENDCHAR
STARTCHAR 1E0B
ENCODING 7691
SWIDTH 500 0
DWIDTH 8 0
BBX 6 10 1 0
BITMAP
60
6C
0C
7C
CC
CC
CC
CC
CC
7C
ENDCHAR
STARTCHAR 1E0C
ENCODING 7692
SWIDTH 500 0
DWIDTH 8 0
BBX 6 12 1 -3
BITMAP
F0
D8
CC
CC
CC
CC
CC
D8
F0
00
30
30
ENDCHAR
STARTCHAR 1E0D
ENCODING 7693
SWIDTH 500 0
DWIDTH 8 0
BBX 6 12 1 -3
BITMAP
0C
0C
7C
CC
CC
CC
CC
CC
7C
00
30
30
ENDCHAR
STARTCHAR 1E0E
ENCODING 7694
SWIDTH 500 0
DWIDTH 8 0
BBX 6 11 1 -2
BITMAP
F0
D8
CC
CC
CC
CC
CC
D8
F0
00
FC
ENDCHAR
STARTCHAR 1E0F
ENCODING 7695
SWIDTH 500 0
DWIDTH 8 0
BBX 6 11 1 -2
BITMAP
0C
0C
7C
CC
CC
CC
CC
CC
7C
00
FC
ENDCHAR
STARTCHAR 1E10
ENCODING 7696
SWIDTH 500 0
DWIDTH 8 0
BBX 6 14 1 -3
BITMAP
F0
D8
CC
CC
CC
CC
CC
D8
F0
00
70
70
30
60
ENDCHAR
STARTCHAR 1E11
ENCODING 7697
SWIDTH 500 0
DWIDTH 8 0
BBX 6 14 1 -3
BITMAP
0C
0C
7C
CC
CC
CC
CC
CC
7C
00
38
38
18
30
ENDCHAR
STARTCHAR 1E12
ENCODING 7698
SWIDTH 500 0
DWIDTH 8 0
BBX 6 12 1 -3
BITMAP
F0
D8
CC
CC
CC
CC
CC
D8
F0
00
78
CC
ENDCHAR
STARTCHAR 1E13
ENCODING 7699
SWIDTH 500 0
DWIDTH 8 0
BBX 6 12 1 -3
BITMAP
0C
0C
7C
CC
CC
CC
CC
CC
7C
00
78
CC
ENDCHAR
STARTCHAR 1E14
ENCODING 7700
SWIDTH 500 0
DWIDTH 8 0
BBX 6 13 1 0
BITMAP
60
30
FC
00
FC
C0
C0
C0
F8
C0
C0
C0
FC
ENDCHAR
STARTCHAR 1E15
ENCODING 7701
SWIDTH 500 0
DWIDTH 8 0
BBX 6 13 1 0
BITMAP
E0
60
30
00
FC
00
78
CC
CC
FC
C0
C0
78
ENDCHAR
STARTCHAR 1E16
ENCODING 7702
SWIDTH 500 0
DWIDTH 8 0
BBX 6 13 1 0
BITMAP
18
30
FC
00
FC
C0
C0
C0
F8
C0
C0
C0
FC
ENDCHAR
STARTCHAR 1E17
ENCODING 7703
SWIDTH 500 0
DWIDTH 8 0
BBX 6 13 1 0
BITMAP
1C
18
30
00
FC
00
78
CC
CC
FC
C0
C0
78
ENDCHAR
STARTCHAR 1E18
ENCODING 7704
SWIDTH 500 0
DWIDTH 8 0
BBX 6 12 1 -3
BITMAP
FC
C0
C0
C0
F8
C0
C0
C0
FC
00
78
CC
ENDCHAR
STARTCHAR 1E19
ENCODING 7705
SWIDTH 500 0
DWIDTH 8 0
BBX 6 10 1 -3
BITMAP
78
CC
CC
FC
C0
C0
78
00
78
CC
ENDCHAR
STARTCHAR 1E1A
ENCODING 7706
SWIDTH 500 0
DWIDTH 8 0
BBX 7 12 1 -3
BITMAP
FC
C0
C0
C0
F8
C0
C0
C0
FC
00
76
DC
ENDCHAR
STARTCHAR 1E1B
ENCODING 7707
SWIDTH 500 0
DWIDTH 8 0
BBX 7 10 1 -3
BITMAP
78
CC
CC
FC
C0
C0
78
00
76
DC
ENDCHAR
STARTCHAR 1E1C
ENCODING 7708
SWIDTH 500 0
DWIDTH 8 0
BBX 6 15 1 -3
BITMAP
CC
78
00
FC
C0
C0
C0
F8
C0
C0
C0
FC
30
18
70
ENDCHAR
STARTCHAR 1E1D
ENCODING 7709
SWIDTH 500 0
DWIDTH 8 0
BBX 6 13 1 -3
BITMAP
CC
78
00
78
CC
CC
FC
C0
C0
78
30
18
70
ENDCHAR
STARTCHAR 1E1E
ENCODING 7710
SWIDTH 500 0
DWIDTH 8 0
BBX 6 12 1 0
BITMAP
30
30
00
FC
C0
C0
C0
F8
C0
C0
C0
C0
ENDCHAR
STARTCHAR 1E1F
ENCODING 7711
SWIDTH 500 0
DWIDTH 8 0
BBX 6 12 1 0
BITMAP
18
18
00
3C
60
60
60
FC
60
60
60
60
ENDCHAR
STARTCHAR 1E20
ENCODING 7712
SWIDTH 500 0
DWIDTH 8 0
BBX 6 11 1 0
BITMAP
FC
00
78
CC
CC
C0
C0
DC
CC
CC
7C
ENDCHAR
STARTCHAR 1E21
ENCODING 7713
SWIDTH 500 0
DWIDTH 8 0
BBX 6 12 1 -3
BITMAP
FC
00
7C
CC
CC
CC
CC
CC
7C
0C
0C
F8
ENDCHAR
STARTCHAR 1E22
ENCODING 7714
SWIDTH 500 0
DWIDTH 8 0
BBX 6 12 1 0
BITMAP
30
30
00
CC
CC
CC
CC
FC
CC
CC
CC
CC
ENDCHAR
STARTCHAR 1E23
ENCODING 7715
SWIDTH 500 0
DWIDTH 8 0
BBX 6 10 1 0
BITMAP
18
D8
C0
F8
CC
CC
CC
CC
CC
CC
ENDCHAR
STARTCHAR 1E24
ENCODING 7716
SWIDTH 500 0
DWIDTH 8 0
BBX 6 12 1 -3
BITMAP
CC
CC
CC
CC
FC
CC
CC
CC
CC
00
30
30
ENDCHAR
STARTCHAR 1E25
ENCODING 7717
SWIDTH 500 0
DWIDTH 8 0
BBX 6 12 1 -3
BITMAP
C0
C0
F8
CC
CC
CC
CC
CC
CC
00
30
30
ENDCHAR
STARTCHAR 1E26
ENCODING 7718
SWIDTH 500 0
DWIDTH 8 0
BBX 6 12 1 0
BITMAP
CC
CC
00
CC
CC
CC
CC
FC
CC
CC
CC
CC
ENDCHAR
STARTCHAR 1E27
ENCODING 7719
SWIDTH 500 0
DWIDTH 8 0
BBX 6 12 1 0
BITMAP
CC
CC
00
C0
C0
F8
CC
CC
CC
CC
CC
CC
ENDCHAR
STARTCHAR 1E28
ENCODING 7720
SWIDTH 500 0
DWIDTH 8 0
BBX 6 12 1 -3
BITMAP
CC
CC
CC
CC
FC
CC
CC
CC
CC
30
18
70
ENDCHAR
STARTCHAR 1E29
ENCODING 7721
SWIDTH 500 0
DWIDTH 8 0
BBX 6 12 1 -3
BITMAP
C0
C0
F8
CC
CC
CC
CC
CC
CC
30
18
70
ENDCHAR
STARTCHAR 1E2A
ENCODING 7722
SWIDTH 500 0
DWIDTH 8 0
BBX 6 12 1 -3
BITMAP
CC
CC
CC
CC
FC
CC
CC
CC
CC
00
CC
78
ENDCHAR
STARTCHAR 1E2B
ENCODING 7723
SWIDTH 500 0
DWIDTH 8 0
BBX 6 12 1 -3
BITMAP
C0
C0
F8
CC
CC
CC
CC
CC
CC
00
CC
78
ENDCHAR
STARTCHAR 1E2C
ENCODING 7724
SWIDTH 500 0
DWIDTH 8 0
BBX 7 12 1 -3
BITMAP
78
30
30
30
30
30
30
30
78
00
76
DC
ENDCHAR
STARTCHAR 1E2D
ENCODING 7725
SWIDTH 500 0
DWIDTH 8 0
BBX 7 13 1 -3
BITMAP
30
30
00
F0
30
30
30
30
30
FC
00
76
DC
ENDCHAR
STARTCHAR 1E2E
ENCODING 7726
SWIDTH 500 0
DWIDTH 8 0
BBX 6 13 1 0
BITMAP
18
30
CC
00
78
30
30
30
30
30
30
30
78
ENDCHAR
STARTCHAR 1E2F
ENCODING 7727
SWIDTH 500 0
DWIDTH 8 0
BBX 8 12 0 0
BITMAP
0C
0C
DB
D3
00
78
18
18
18
18
18
7E
ENDCHAR
STARTCHAR 1E30
ENCODING 7728
SWIDTH 500 0
DWIDTH 8 0
BBX 6 12 1 0
BITMAP
18
30
00
CC
CC
D8
D8
F0
D8
D8
CC
CC
ENDCHAR
STARTCHAR 1E31
ENCODING 7729
SWIDTH 500 0
DWIDTH 8 0
BBX 6 12 1 0
BITMAP
18
30
00
C0
C0
CC
CC
D8
F0
D8
CC
CC
ENDCHAR
STARTCHAR 1E32
ENCODING 7730
SWIDTH 500 0
DWIDTH 8 0
BBX 6 12 1 -3
BITMAP
CC
CC
D8
D8
F0
D8
D8
CC
CC
00
30
30
ENDCHAR
STARTCHAR 1E33
ENCODING 7731
SWIDTH 500 0
DWIDTH 8 0
BBX 6 12 1 -3
BITMAP
C0
C0
CC
CC
D8
F0
D8
CC
CC
00
30
30
ENDCHAR
STARTCHAR 1E34
ENCODING 7732
SWIDTH 500 0
DWIDTH 8 0
BBX 6 11 1 -2
BITMAP
CC
CC
D8
D8
F0
D8
D8
CC
CC
00
FC
ENDCHAR
STARTCHAR 1E35
ENCODING 7733
SWIDTH 500 0
DWIDTH 8 0
BBX 6 11 1 -2
BITMAP
C0
C0
CC
CC
D8
F0
D8
CC
CC
00
FC
ENDCHAR
STARTCHAR 1E36
ENCODING 7734
SWIDTH 500 0
DWIDTH 8 0
BBX 6 12 1 -3
BITMAP
C0
C0
C0
C0
C0
C0
C0
C0
FC
00
30
30
ENDCHAR
STARTCHAR 1E37
ENCODING 7735
SWIDTH 500 0
DWIDTH 8 0
BBX 6 12 1 -3
BITMAP
F0
30
30
30
30
30
30
30
FC
00
30
30
ENDCHAR
STARTCHAR 1E38
ENCODING 7736
SWIDTH 500 0
DWIDTH 8 0
BBX 6 14 1 -3
BITMAP
FC
00
C0
C0
C0
C0
C0
C0
C0
C0
FC
00
30
30
ENDCHAR
STARTCHAR 1E39
ENCODING 7737
SWIDTH 500 0
DWIDTH 8 0
BBX 6 14 1 -3
BITMAP
FC
00
F0
30
30
30
30
30
30
30
FC
00
30
30
ENDCHAR
STARTCHAR 1E3A
ENCODING 7738
SWIDTH 500 0
DWIDTH 8 0
BBX 6 11 1 -2
BITMAP
C0
C0
C0
C0
C0
C0
C0
C0
FC
00
FC
ENDCHAR
STARTCHAR 1E3B
ENCODING 7739
SWIDTH 500 0
DWIDTH 8 0
BBX 6 11 1 -2
BITMAP
F0
30
30
30
30
30
30
30
FC
00
FC
ENDCHAR
STARTCHAR 1E3C
ENCODING 7740
SWIDTH 500 0
DWIDTH 8 0
BBX 6 12 1 -3
BITMAP
C0
C0
C0
C0
C0
C0
C0
C0
FC
00
78
CC
ENDCHAR
STARTCHAR 1E3D
ENCODING 7741
SWIDTH 500 0
DWIDTH 8 0
BBX 6 12 1 -3
BITMAP
F0
30
30
30
30
30
30
30
FC
00
78
CC
ENDCHAR
STARTCHAR 1E3E
ENCODING 7742
SWIDTH 500 0
DWIDTH 8 0
BBX 7 12 1 0
BITMAP
18
30
00
C6
C6
EE
D6
D6
D6
C6
C6
C6
ENDCHAR
STARTCHAR 1E3F
ENCODING 7743
SWIDTH 500 0
DWIDTH 8 0
BBX 7 11 1 0
BITMAP
1C
18
30
00
FC
D6
D6
D6
D6
D6
C6
ENDCHAR
STARTCHAR 1E40
ENCODING 7744
SWIDTH 500 0
DWIDTH 8 0
BBX 7 12 1 0
BITMAP
30
30
00
C6
C6
EE
D6
D6
D6
C6
C6
C6
ENDCHAR
STARTCHAR 1E41
ENCODING 7745
SWIDTH 500 0
DWIDTH 8 0
BBX 7 10 1 0
BITMAP
30
30
00
FC
D6
D6
D6
D6
D6
C6
ENDCHAR
STARTCHAR 1E42
ENCODING 7746
SWIDTH 500 0
DWIDTH 8 0
BBX 7 12 1 -3
BITMAP
C6
C6
EE
D6
D6
D6
C6
C6
C6
00
30
30
ENDCHAR
STARTCHAR 1E43
ENCODING 7747
SWIDTH 500 0
DWIDTH 8 0
BBX 7 10 1 -3
BITMAP
FC
D6
D6
D6
D6
D6
C6
00
30
30
ENDCHAR
STARTCHAR 1E44
ENCODING 7748
SWIDTH 500 0
DWIDTH 8 0
BBX 7 12 1 0
BITMAP
30
30
00
C6
C6
E6
F6
DE
CE
C6
C6
C6
ENDCHAR
STARTCHAR 1E45
ENCODING 7749
SWIDTH 500 0
DWIDTH 8 0
BBX 6 10 1 0
BITMAP
30
30
00
F8
CC
CC
CC
CC
CC
CC
ENDCHAR
STARTCHAR 1E46
ENCODING 7750
SWIDTH 500 0
DWIDTH 8 0
BBX 7 12 1 -3
BITMAP
C6
C6
E6
F6
DE
CE
C6
C6
C6
00
30
30
ENDCHAR
STARTCHAR 1E47
ENCODING 7751
SWIDTH 500 0
DWIDTH 8 0
BBX 6 10 1 -3
BITMAP
F8
CC
CC
CC
CC
CC
CC
00
30
30
ENDCHAR
STARTCHAR 1E48
ENCODING 7752
SWIDTH 500 0
DWIDTH 8 0
BBX 7 11 1 -2
BITMAP
C6
C6
E6
F6
DE
CE
C6
C6
C6
00
FE
ENDCHAR
STARTCHAR 1E49
ENCODING 7753
SWIDTH 500 0
DWIDTH 8 0
BBX 6 9 1 -2
BITMAP
F8
CC
CC
CC
CC
CC
CC
00
FC
ENDCHAR
STARTCHAR 1E4A
ENCODING 7754
SWIDTH 500 0
DWIDTH 8 0
BBX 7 12 1 -3
BITMAP
C6
C6
E6
F6
DE
CE
C6
C6
C6
00
78
CC
ENDCHAR
STARTCHAR 1E4B
ENCODING 7755
SWIDTH 500 0
DWIDTH 8 0
BBX 6 10 1 -3
BITMAP
F8
CC
CC
CC
CC
CC
CC
00
78
CC
ENDCHAR
STARTCHAR 1E4C
ENCODING 7756
SWIDTH 500 0
DWIDTH 8 0
BBX 7 13 1 0
BITMAP
18
30
76
DC
00
78
CC
CC
CC
CC
CC
CC
78
ENDCHAR
STARTCHAR 1E4D
ENCODING 7757
SWIDTH 500 0
DWIDTH 8 0
BBX 7 13 1 0
BITMAP
18
30
00
76
DC
00
78
CC
CC
CC
CC
CC
78
ENDCHAR
STARTCHAR 1E4E
ENCODING 7758
SWIDTH 500 0
DWIDTH 8 0
BBX 7 13 1 0
BITMAP
CC
00
76
DC
00
78
CC
CC
CC
CC
CC
CC
78
ENDCHAR
STARTCHAR 1E4F
ENCODING 7759
SWIDTH 500 0
DWIDTH 8 0
BBX 7 12 1 0
BITMAP
CC
CC
00
76
DC
00
78
CC
CC
CC
CC
78
ENDCHAR
STARTCHAR 1E50
ENCODING 7760
SWIDTH 500 0
DWIDTH 8 0
BBX 6 13 1 0
BITMAP
60
30
00
FC
00
78
CC
CC
CC
CC
CC
CC
78
ENDCHAR
STARTCHAR 1E51
ENCODING 7761
SWIDTH 500 0
DWIDTH 8 0
BBX 6 12 1 0
BITMAP
60
30
00
FC
00
78
CC
CC
CC
CC
CC
78
ENDCHAR
STARTCHAR 1E52
ENCODING 7762
SWIDTH 500 0
DWIDTH 8 0
BBX 6 13 1 0
BITMAP
18
30
00
FC
00
78
CC
CC
CC
CC
CC
CC
78
ENDCHAR
STARTCHAR 1E53
ENCODING 7763
SWIDTH 500 0
DWIDTH 8 0
BBX 6 12 1 0
BITMAP
18
30
00
FC
00
78
CC
CC
CC
CC
CC
78
ENDCHAR
STARTCHAR 1E54
ENCODING 7764
SWIDTH 500 0
DWIDTH 8 0
BBX 6 12 1 0
BITMAP
18
30
00
F8
CC
CC
CC
F8
C0
C0
C0
C0
ENDCHAR
STARTCHAR 1E55
ENCODING 7765
SWIDTH 500 0
DWIDTH 8 0
BBX 6 14 1 -3
BITMAP
1C
18
30
00
F8
CC
CC
CC
CC
CC
F8
C0
C0
C0
ENDCHAR
STARTCHAR 1E56
ENCODING 7766
SWIDTH 500 0
DWIDTH 8 0
BBX 6 12 1 0
BITMAP
30
30
00
F8
CC
CC
CC
F8
C0
C0
C0
C0
ENDCHAR
STARTCHAR 1E57
ENCODING 7767
SWIDTH 500 0
DWIDTH 8 0
BBX 6 13 1 -3
BITMAP
30
30
00
F8
CC
CC
CC
CC
CC
F8
C0
C0
C0
ENDCHAR
STARTCHAR 1E58
ENCODING 7768
SWIDTH 500 0
DWIDTH 8 0
BBX 6 12 1 0
BITMAP
30
30
00
F8
CC
CC
CC
F8
D8
CC
CC
CC
ENDCHAR
STARTCHAR 1E59
ENCODING 7769
SWIDTH 500 0
DWIDTH 8 0
BBX 6 10 1 0
BITMAP
30
30
00
CC
DC
E0
C0
C0
C0
C0
ENDCHAR
STARTCHAR 1E5A
ENCODING 7770
SWIDTH 500 0
DWIDTH 8 0
BBX 6 12 1 -3
BITMAP
F8
CC
CC
CC
F8
D8
CC
CC
CC
00
30
30
ENDCHAR
STARTCHAR 1E5B
ENCODING 7771
SWIDTH 500 0
DWIDTH 8 0
BBX 6 10 1 -3
BITMAP
CC
DC
E0
C0
C0
C0
C0
00
C0
C0
ENDCHAR
STARTCHAR 1E5C
ENCODING 7772
SWIDTH 500 0
DWIDTH 8 0
BBX 6 14 1 -3
BITMAP
FC
00
F8
CC
CC
CC
F8
D8
CC
CC
CC
00
30
30
ENDCHAR
STARTCHAR 1E5D
ENCODING 7773
SWIDTH 500 0
DWIDTH 8 0
BBX 6 12 1 -3
BITMAP
FC
00
CC
DC
E0
C0
C0
C0
C0
00
C0
C0
ENDCHAR
STARTCHAR 1E5E
ENCODING 7774
SWIDTH 500 0
DWIDTH 8 0
BBX 6 11 1 -2
BITMAP
F8
CC
CC
CC
F8
D8
CC
CC
CC
00
FC
ENDCHAR
STARTCHAR 1E5F
ENCODING 7775
SWIDTH 500 0
DWIDTH 8 0
BBX 6 9 1 -2
BITMAP
CC
DC
E0
C0
C0
C0
C0
00
FC
ENDCHAR
STARTCHAR 1E60
ENCODING 7776
SWIDTH 500 0
DWIDTH 8 0
BBX 6 12 1 0
BITMAP
30
30
00
78
CC
C0
60
30
18
0C
CC
78
ENDCHAR
STARTCHAR 1E61
ENCODING 7777
SWIDTH 500 0
DWIDTH 8 0
BBX 6 10 1 0
BITMAP
30
30
00
7C
C0
C0
78
0C
0C
F8
ENDCHAR
STARTCHAR 1E62
ENCODING 7778
SWIDTH 500 0
DWIDTH 8 0
BBX 6 12 1 -3
BITMAP
78
CC
C0
60
30
18
0C
CC
78
00
30
30
ENDCHAR
STARTCHAR 1E63
ENCODING 7779
SWIDTH 500 0
DWIDTH 8 0
BBX 6 10 1 -3
BITMAP
7C
C0
C0
78
0C
0C
F8
00
30
30
ENDCHAR
STARTCHAR 1E64
ENCODING 7780
SWIDTH 500 0
DWIDTH 8 0
BBX 6 12 1 0
BITMAP
CC
D8
00
78
CC
C0
60
30
18
0C
CC
78
ENDCHAR
STARTCHAR 1E65
ENCODING 7781
SWIDTH 500 0
DWIDTH 8 0
BBX 7 11 1 0
BITMAP
0E
CC
D8
00
7C
C0
C0
78
0C
0C
F8
ENDCHAR
STARTCHAR 1E66
ENCODING 7782
SWIDTH 500 0
DWIDTH 8 0
BBX 8 12 0 0
BITMAP
DB
CE
00
3C
66
60
30
18
0C
06
66
3C
ENDCHAR
STARTCHAR 1E67
ENCODING 7783
SWIDTH 500 0
DWIDTH 8 0
BBX 8 10 0 0
BITMAP
DB
CE
00
3E
60
60
3C
06
06
7C
ENDCHAR
STARTCHAR 1E68
ENCODING 7784
SWIDTH 500 0
DWIDTH 8 0
BBX 6 15 1 -3
BITMAP
30
30
00
78
CC
C0
60
30
18
0C
CC
78
00
30
30
ENDCHAR
STARTCHAR 1E69
ENCODING 7785
SWIDTH 500 0
DWIDTH 8 0
BBX 6 13 1 -3
BITMAP
30
30
00
7C
C0
C0
78
0C
0C
F8
00
30
30
ENDCHAR
STARTCHAR 1E6A
ENCODING 7786
SWIDTH 500 0
DWIDTH 8 0
BBX 6 12 1 0
BITMAP
30
30
00
FC
30
30
30
30
30
30
30
30
ENDCHAR
STARTCHAR 1E6B
ENCODING 7787
SWIDTH 500 0
DWIDTH 8 0
BBX 6 12 1 0
BITMAP
60
60
00
60
60
FC
60
60
60
60
60
3C
ENDCHAR
STARTCHAR 1E6C
ENCODING 7788
SWIDTH 500 0
DWIDTH 8 0
BBX 6 12 1 -3
BITMAP
FC
30
30
30
30
30
30
30
30
00
30
30
ENDCHAR
STARTCHAR 1E6D
ENCODING 7789
SWIDTH 500 0
DWIDTH 8 0
BBX 6 12 1 -3
BITMAP
60
60
FC
60
60
60
60
60
3C
00
30
30
ENDCHAR
STARTCHAR 1E6E
ENCODING 7790
SWIDTH 500 0
DWIDTH 8 0
BBX 6 11 1 -2
BITMAP
FC
30
30
30
30
30
30
30
30
00
FC
ENDCHAR
STARTCHAR 1E6F
ENCODING 7791
SWIDTH 500 0
DWIDTH 8 0
BBX 6 11 1 -2
BITMAP
60
60
FC
60
60
60
60
60
3C
00
FC
ENDCHAR
STARTCHAR 1E70
ENCODING 7792
SWIDTH 500 0
DWIDTH 8 0
BBX 6 12 1 -3
BITMAP
FC
30
30
30
30
30
30
30
30
00
78
CC
ENDCHAR
STARTCHAR 1E71
ENCODING 7793
SWIDTH 500 0
DWIDTH 8 0
BBX 6 12 1 -3
BITMAP
60
60
FC
60
60
60
60
60
3C
00
78
CC
ENDCHAR
STARTCHAR 1E72
ENCODING 7794
SWIDTH 500 0
DWIDTH 8 0
BBX 6 12 1 -3
BITMAP
CC
CC
CC
CC
CC
CC
CC
CC
78
00
CC
CC
ENDCHAR
STARTCHAR 1E73
ENCODING 7795
SWIDTH 500 0
DWIDTH 8 0
BBX 6 10 1 -3
BITMAP
CC
CC
CC
CC
CC
CC
7C
00
CC
CC
ENDCHAR
STARTCHAR 1E74
ENCODING 7796
SWIDTH 500 0
DWIDTH 8 0
BBX 7 12 1 -3
BITMAP
CC
CC
CC
CC
CC
CC
CC
CC
78
00
76
DC
ENDCHAR
STARTCHAR 1E75
ENCODING 7797
SWIDTH 500 0
DWIDTH 8 0
BBX 7 10 1 -3
BITMAP
CC
CC
CC
CC
CC
CC
7C
00
76
DC
ENDCHAR
STARTCHAR 1E76
ENCODING 7798
SWIDTH 500 0
DWIDTH 8 0
BBX 6 12 1 -3
BITMAP
CC
CC
CC
CC
CC
CC
CC
CC
78
00
78
CC
ENDCHAR
STARTCHAR 1E77
ENCODING 7799
SWIDTH 500 0
DWIDTH 8 0
BBX 6 10 1 -3
BITMAP
CC
CC
CC
CC
CC
CC
7C
00
78
CC
ENDCHAR
STARTCHAR 1E78
ENCODING 7800
SWIDTH 500 0
DWIDTH 8 0
BBX 7 13 1 0
BITMAP
18
30
76
DC
00
CC
CC
CC
CC
CC
CC
CC
78
ENDCHAR
STARTCHAR 1E79
ENCODING 7801
SWIDTH 500 0
DWIDTH 8 0
BBX 7 13 1 0
BITMAP
18
30
00
76
DC
00
CC
CC
CC
CC
CC
CC
7C
ENDCHAR
STARTCHAR 1E7A
ENCODING 7802
SWIDTH 500 0
DWIDTH 8 0
BBX 6 13 1 0
BITMAP
CC
00
FC
00
CC
CC
CC
CC
CC
CC
CC
CC
78
ENDCHAR
STARTCHAR 1E7B
ENCODING 7803
SWIDTH 500 0
DWIDTH 8 0
BBX 6 12 1 0
BITMAP
CC
CC
00
FC
00
CC
CC
CC
CC
CC
CC
78
ENDCHAR
STARTCHAR 1E7C
ENCODING 7804
SWIDTH 500 0
DWIDTH 8 0
BBX 7 12 1 0
BITMAP
76
DC
00
CC
CC
CC
CC
CC
CC
CC
78
30
ENDCHAR
STARTCHAR 1E7D
ENCODING 7805
SWIDTH 500 0
DWIDTH 8 0
BBX 8 11 0 0
BITMAP
71
DB
8E
00
66
66
66
66
66
3C
18
ENDCHAR
STARTCHAR 1E7E
ENCODING 7806
SWIDTH 500 0
DWIDTH 8 0
BBX 6 12 1 -3
BITMAP
CC
CC
CC
CC
CC
CC
CC
78
30
00
30
30
ENDCHAR
STARTCHAR 1E7F
ENCODING 7807
SWIDTH 500 0
DWIDTH 8 0
BBX 6 10 1 -3
BITMAP
CC
CC
CC
CC
CC
78
30
00
30
30
ENDCHAR
STARTCHAR 1E80
ENCODING 7808
SWIDTH 500 0
DWIDTH 8 0
BBX 7 12 1 0
BITMAP
60
30
00
C6
C6
C6
D6
D6
D6
6C
6C
6C
ENDCHAR
STARTCHAR 1E81
ENCODING 7809
SWIDTH 500 0
DWIDTH 8 0
BBX 7 11 1 0
BITMAP
E0
60
30
00
C6
D6
D6
D6
D6
6C
6C
ENDCHAR
STARTCHAR 1E82
ENCODING 7810
SWIDTH 500 0
DWIDTH 8 0
BBX 7 12 1 0
BITMAP
18
30
00
C6
C6
C6
D6
D6
D6
6C
6C
6C
ENDCHAR
STARTCHAR 1E83
ENCODING 7811
SWIDTH 500 0
DWIDTH 8 0
BBX 7 11 1 0
BITMAP
1C
18
30
00
C6
D6
D6
D6
D6
6C
6C
ENDCHAR
STARTCHAR 1E84
ENCODING 7812
SWIDTH 500 0
DWIDTH 8 0
BBX 7 12 1 0
BITMAP
C6
C6
00
C6
C6
C6
D6
D6
D6
6C
6C
6C
ENDCHAR
STARTCHAR 1E85
ENCODING 7813
SWIDTH 500 0
DWIDTH 8 0
BBX 7 10 1 0
BITMAP
C6
C6
00
C6
D6
D6
D6
D6
6C
6C
ENDCHAR
STARTCHAR 1E86
ENCODING 7814
SWIDTH 500 0
DWIDTH 8 0
BBX 7 12 1 0
BITMAP
30
30
00
C6
C6
C6
D6
D6
D6
6C
6C
6C
ENDCHAR
STARTCHAR 1E87
ENCODING 7815
SWIDTH 500 0
DWIDTH 8 0
BBX 7 10 1 0
BITMAP
30
30
00
C6
D6
D6
D6
D6
6C
6C
ENDCHAR
STARTCHAR 1E88
ENCODING 7816
SWIDTH 500 0
DWIDTH 8 0
BBX 7 12 1 -3
BITMAP
C6
C6
C6
D6
D6
D6
6C
6C
6C
00
30
30
ENDCHAR
STARTCHAR 1E89
ENCODING 7817
SWIDTH 500 0
DWIDTH 8 0
BBX 7 10 1 -3
BITMAP
C6
D6
D6
D6
D6
6C
6C
00
30
30
ENDCHAR
STARTCHAR 1E8A
ENCODING 7818
SWIDTH 500 0
DWIDTH 8 0
BBX 6 12 1 0
BITMAP
30
30
00
CC
CC
68
30
30
58
CC
CC
CC
ENDCHAR
STARTCHAR 1E8B
ENCODING 7819
SWIDTH 500 0
DWIDTH 8 0
BBX 6 10 1 0
BITMAP
30
30
00
CC
CC
78
30
78
CC
CC
ENDCHAR
STARTCHAR 1E8C
ENCODING 7820
SWIDTH 500 0
DWIDTH 8 0
BBX 6 12 1 0
BITMAP
CC
CC
00
CC
CC
68
30
30
58
CC
CC
CC
ENDCHAR
STARTCHAR 1E8D
ENCODING 7821
SWIDTH 500 0
DWIDTH 8 0
BBX 6 10 1 0
BITMAP
CC
CC
00
CC
CC
78
30
78
CC
CC
ENDCHAR
STARTCHAR 1E8E
ENCODING 7822
SWIDTH 500 0
DWIDTH 8 0
BBX 6 12 1 0
BITMAP
30
30
00
CC
CC
CC
CC
78
30
30
30
30
ENDCHAR
STARTCHAR 1E8F
ENCODING 7823
SWIDTH 500 0
DWIDTH 8 0
BBX 7 13 0 -3
BITMAP
18
18
00
66
66
66
66
66
66
3C
0C
18
F0
ENDCHAR
STARTCHAR 1E90
ENCODING 7824
SWIDTH 500 0
DWIDTH 8 0
BBX 6 12 1 0
BITMAP
78
CC
00
FC
0C
0C
18
30
60
C0
C0
FC
ENDCHAR
STARTCHAR 1E91
ENCODING 7825
SWIDTH 500 0
DWIDTH 8 0
BBX 6 10 1 0
BITMAP
78
CC
00
FC
0C
18
30
60
C0
FC
ENDCHAR
STARTCHAR 1E92
ENCODING 7826
SWIDTH 500 0
DWIDTH 8 0
BBX 6 12 1 -3
BITMAP
FC
0C
0C
18
30
60
C0
C0
FC
00
30
30
ENDCHAR
STARTCHAR 1E93
ENCODING 7827
SWIDTH 500 0
DWIDTH 8 0
BBX 6 10 1 -3
BITMAP
FC
0C
18
30
60
C0
FC
00
30
30
ENDCHAR
STARTCHAR 1E94
ENCODING 7828
SWIDTH 500 0
DWIDTH 8 0
BBX 6 11 1 -2
BITMAP
FC
0C
0C
18
30
60
C0
C0
FC
00
FC
ENDCHAR
STARTCHAR 1E95
ENCODING 7829
SWIDTH 500 0
DWIDTH 8 0
BBX 6 9 1 -2
BITMAP
FC
0C
18
30
60
C0
FC
00
FC
ENDCHAR
STARTCHAR 1E96
ENCODING 7830
SWIDTH 500 0
DWIDTH 8 0
BBX 6 11 1 -2
BITMAP
C0
C0
F8
CC
CC
CC
CC
CC
CC
00
FC
ENDCHAR
STARTCHAR 1E97
ENCODING 7831
SWIDTH 500 0
DWIDTH 8 0
BBX 6 12 1 0
BITMAP
D8
D8
00
60
60
FC
60
60
60
60
60
3C
ENDCHAR
STARTCHAR 1E98
ENCODING 7832
SWIDTH 500 0
DWIDTH 8 0
BBX 7 11 1 0
BITMAP
38
6C
38
00
C6
D6
D6
D6
D6
6C
6C
ENDCHAR
STARTCHAR 1E99
ENCODING 7833
SWIDTH 500 0
DWIDTH 8 0
BBX 7 14 0 -3
BITMAP
3C
66
3C
00
66
66
66
66
66
66
3C
0C
18
F0
ENDCHAR
STARTCHAR 1E9A
ENCODING 7834
SWIDTH 500 0
DWIDTH 8 0
BBX 6 12 1 0
BITMAP
30
18
18
30
00
78
0C
0C
7C
CC
CC
7C
ENDCHAR
STARTCHAR 1E9B
ENCODING 7835
SWIDTH 500 0
DWIDTH 8 0
BBX 5 12 2 0
BITMAP
30
30
00
78
C0
C0
C0
C0
C0
C0
C0
C0
ENDCHAR
STARTCHAR 1EA0
ENCODING 7840
SWIDTH 500 0
DWIDTH 8 0
BBX 6 12 1 -3
BITMAP
30
78
CC
CC
CC
FC
CC
CC
CC
00
30
30
ENDCHAR
STARTCHAR 1EA1
ENCODING 7841
SWIDTH 500 0
DWIDTH 8 0
BBX 6 10 1 -3
BITMAP
78
0C
0C
7C
CC
CC
7C
00
30
30
ENDCHAR
STARTCHAR 1EA2
ENCODING 7842
SWIDTH 500 0
DWIDTH 8 0
BBX 6 12 1 0
BITMAP
30
58
10
30
78
CC
CC
CC
FC
CC
CC
CC
ENDCHAR
STARTCHAR 1EA3
ENCODING 7843
SWIDTH 500 0
DWIDTH 8 0
BBX 6 12 1 0
BITMAP
30
58
18
30
00
78
0C
0C
7C
CC
CC
7C
ENDCHAR
STARTCHAR 1EA4
ENCODING 7844
SWIDTH 500 0
DWIDTH 8 0
BBX 8 13 0 0
BITMAP
23
76
D8
00
18
3C
66
66
66
7E
66
66
66
ENDCHAR
STARTCHAR 1EA5
ENCODING 7845
SWIDTH 500 0
DWIDTH 8 0
BBX 7 12 1 0
BITMAP
06
2C
70
D8
00
78
0C
0C
7C
CC
CC
7C
ENDCHAR
STARTCHAR 1EA6
ENCODING 7846
SWIDTH 500 0
DWIDTH 8 0
BBX 8 13 0 0
BITMAP
C4
6E
1B
00
18
3C
66
66
66
7E
66
66
66
ENDCHAR
STARTCHAR 1EA7
ENCODING 7847
SWIDTH 500 0
DWIDTH 8 0
BBX 7 12 0 0
BITMAP
C0
68
1C
36
00
3C
06
06
3E
66
66
3E
ENDCHAR
STARTCHAR 1EA8
ENCODING 7848
SWIDTH 500 0
DWIDTH 8 0
BBX 8 13 0 0
BITMAP
06
2B
73
DE
18
3C
66
66
66
7E
66
66
66
ENDCHAR
STARTCHAR 1EA9
ENCODING 7849
SWIDTH 500 0
DWIDTH 8 0
BBX 8 12 0 0
BITMAP
06
2B
73
DE
00
3C
06
06
3E
66
66
3E
ENDCHAR
STARTCHAR 1EAA
ENCODING 7850
SWIDTH 500 0
DWIDTH 8 0
BBX 7 13 1 0
BITMAP
76
DC
38
6C
30
78
CC
CC
CC
FC
CC
CC
CC
ENDCHAR
STARTCHAR 1EAB
ENCODING 7851
SWIDTH 500 0
DWIDTH 8 0
BBX 7 13 1 0
BITMAP
76
DC
30
78
CC
00
78
0C
0C
7C
CC
CC
7C
ENDCHAR
STARTCHAR 1EAC
ENCODING 7852
SWIDTH 500 0
DWIDTH 8 0
BBX 6 16 1 -3
BITMAP
30
78
CC
00
30
78
CC
CC
CC
FC
CC
CC
CC
00
30
30
ENDCHAR
STARTCHAR 1EAD
ENCODING 7853
SWIDTH 500 0
DWIDTH 8 0
BBX 6 14 1 -3
BITMAP
30
78
CC
00
78
0C
0C
7C
CC
CC
7C
00
30
30
ENDCHAR
STARTCHAR 1EAE
ENCODING 7854
SWIDTH 500 0
DWIDTH 8 0
BBX 6 13 1 0
BITMAP
18
30
CC
78
30
78
CC
CC
CC
FC
CC
CC
CC
ENDCHAR
STARTCHAR 1EAF
ENCODING 7855
SWIDTH 500 0
DWIDTH 8 0
BBX 6 12 1 0
BITMAP
18
30
CC
78
00
78
0C
0C
7C
CC
CC
7C
ENDCHAR
STARTCHAR 1EB0
ENCODING 7856
SWIDTH 500 0
DWIDTH 8 0
BBX 6 13 1 0
BITMAP
60
30
CC
78
30
78
CC
CC
CC
FC
CC
CC
CC
ENDCHAR
STARTCHAR 1EB1
ENCODING 7857
SWIDTH 500 0
DWIDTH 8 0
BBX 6 12 1 0
BITMAP
60
30
CC
78
00
78
0C
0C
7C
CC
CC
7C
ENDCHAR
STARTCHAR 1EB2
ENCODING 7858
SWIDTH 500 0
DWIDTH 8 0
BBX 8 13 0 0
BITMAP
06
0B
DB
76
18
3C
66
66
66
7E
66
66
66
ENDCHAR
STARTCHAR 1EB3
ENCODING 7859
SWIDTH 500 0
DWIDTH 8 0
BBX 8 12 0 0
BITMAP
06
0B
DB
76
00
3C
06
06
3E
66
66
3E
ENDCHAR
STARTCHAR 1EB4
ENCODING 7860
SWIDTH 500 0
DWIDTH 8 0
BBX 7 13 1 0
BITMAP
76
DC
CC
78
30
78
CC
CC
CC
FC
CC
CC
CC
ENDCHAR
STARTCHAR 1EB5
ENCODING 7861
SWIDTH 500 0
DWIDTH 8 0
BBX 7 13 1 0
BITMAP
76
DC
00
CC
78
00
78
0C
0C
7C
CC
CC
7C
ENDCHAR
STARTCHAR 1EB6
ENCODING 7862
SWIDTH 500 0
DWIDTH 8 0
BBX 6 15 1 -3
BITMAP
CC
78
00
30
78
CC
CC
CC
FC
CC
CC
CC
00
30
30
ENDCHAR
STARTCHAR 1EB7
ENCODING 7863
SWIDTH 500 0
DWIDTH 8 0
BBX 6 13 1 -3
BITMAP
CC
78
00
78
0C
0C
7C
CC
CC
7C
00
30
30
ENDCHAR
STARTCHAR 1EB8
ENCODING 7864
SWIDTH 500 0
DWIDTH 8 0
BBX 6 12 1 -3
BITMAP
FC
C0
C0
C0
F8
C0
C0
C0
FC
00
30
30
ENDCHAR
STARTCHAR 1EB9
ENCODING 7865
SWIDTH 500 0
DWIDTH 8 0
BBX 6 10 1 -3
BITMAP
78
CC
CC
FC
C0
C0
78
00
30
30
ENDCHAR
STARTCHAR 1EBA
ENCODING 7866
SWIDTH 500 0
DWIDTH 8 0
BBX 6 12 1 0
BITMAP
30
58
10
FC
C0
C0
C0
F8
C0
C0
C0
FC
ENDCHAR
STARTCHAR 1EBB
ENCODING 7867
SWIDTH 500 0
DWIDTH 8 0
BBX 6 12 1 0
BITMAP
30
58
18
30
00
78
CC
CC
FC
C0
C0
78
ENDCHAR
STARTCHAR 1EBC
ENCODING 7868
SWIDTH 500 0
DWIDTH 8 0
BBX 7 12 1 0
BITMAP
76
DC
00
FC
C0
C0
C0
F8
C0
C0
C0
FC
ENDCHAR
STARTCHAR 1EBD
ENCODING 7869
SWIDTH 500 0
DWIDTH 8 0
BBX 8 11 0 0
BITMAP
71
DB
8E
00
3C
66
66
7E
60
60
3C
ENDCHAR
STARTCHAR 1EBE
ENCODING 7870
SWIDTH 500 0
DWIDTH 8 0
BBX 8 13 0 0
BITMAP
23
76
D8
00
7E
60
60
60
7C
60
60
60
7E
ENDCHAR
STARTCHAR 1EBF
ENCODING 7871
SWIDTH 500 0
DWIDTH 8 0
BBX 7 12 1 0
BITMAP
06
2C
70
D8
00
78
CC
CC
FC
C0
C0
78
ENDCHAR
STARTCHAR 1EC0
ENCODING 7872
SWIDTH 500 0
DWIDTH 8 0
BBX 8 13 0 0
BITMAP
C4
6E
1B
00
7E
60
60
60
7C
60
60
60
7E
ENDCHAR
STARTCHAR 1EC1
ENCODING 7873
SWIDTH 500 0
DWIDTH 8 0
BBX 7 12 0 0
BITMAP
C0
68
1C
36
00
3C
66
66
7E
60
60
3C
ENDCHAR
STARTCHAR 1EC2
ENCODING 7874
SWIDTH 500 0
DWIDTH 8 0
BBX 8 13 0 0
BITMAP
26
73
DE
00
7E
60
60
60
7C
60
60
60
7E
ENDCHAR
STARTCHAR 1EC3
ENCODING 7875
SWIDTH 500 0
DWIDTH 8 0
BBX 8 12 0 0
BITMAP
06
2B
73
DE
00
3C
66
66
7E
60
60
3C
ENDCHAR
STARTCHAR 1EC4
ENCODING 7876
SWIDTH 500 0
DWIDTH 8 0
BBX 7 13 1 0
BITMAP
76
DC
38
6C
FC
C0
C0
C0
F8
C0
C0
C0
FC
ENDCHAR
STARTCHAR 1EC5
ENCODING 7877
SWIDTH 500 0
DWIDTH 8 0
BBX 7 13 1 0
BITMAP
76
DC
30
78
CC
00
78
CC
CC
FC
C0
C0
78
ENDCHAR
STARTCHAR 1EC6
ENCODING 7878
SWIDTH 500 0
DWIDTH 8 0
BBX 6 16 1 -3
BITMAP
30
78
CC
00
FC
C0
C0
C0
F8
C0
C0
C0
FC
00
30
30
ENDCHAR
STARTCHAR 1EC7
ENCODING 7879
SWIDTH 500 0
DWIDTH 8 0
BBX 6 14 1 -3
BITMAP
30
78
CC
00
78
CC
CC
FC
C0
C0
78
00
30
30
ENDCHAR
STARTCHAR 1EC8
ENCODING 7880
SWIDTH 500 0
DWIDTH 8 0
BBX 4 12 2 0
BITMAP
60
B0
20
F0
60
60
60
60
60
60
60
F0
ENDCHAR
STARTCHAR 1EC9
ENCODING 7881
SWIDTH 500 0
DWIDTH 8 0
BBX 6 12 1 0
BITMAP
30
58
18
30
00
F0
30
30
30
30
30
FC
ENDCHAR
STARTCHAR 1ECA
ENCODING 7882
SWIDTH 500 0
DWIDTH 8 0
BBX 4 12 2 -3
BITMAP
F0
60
60
60
60
60
60
60
F0
00
60
60
ENDCHAR
STARTCHAR 1ECB
ENCODING 7883
SWIDTH 500 0
DWIDTH 8 0
BBX 6 13 1 -3
BITMAP
30
30
00
F0
30
30
30
30
30
FC
00
30
30
ENDCHAR
STARTCHAR 1ECC
ENCODING 7884
SWIDTH 500 0
DWIDTH 8 0
BBX 6 12 1 -3
BITMAP
78
CC
CC
CC
CC
CC
CC
CC
78
00
30
30
ENDCHAR
STARTCHAR 1ECD
ENCODING 7885
SWIDTH 500 0
DWIDTH 8 0
BBX 6 10 1 -3
BITMAP
78
CC
CC
CC
CC
CC
78
00
30
30
ENDCHAR
STARTCHAR 1ECE
ENCODING 7886
SWIDTH 500 0
DWIDTH 8 0
BBX 6 12 1 0
BITMAP
30
58
10
78
CC
CC
CC
CC
CC
CC
CC
78
ENDCHAR
STARTCHAR 1ECF
ENCODING 7887
SWIDTH 500 0
DWIDTH 8 0
BBX 6 12 1 0
BITMAP
30
58
18
30
00
78
CC
CC
CC
CC
CC
78
ENDCHAR
STARTCHAR 1ED0
ENCODING 7888
SWIDTH 500 0
DWIDTH 8 0
BBX 8 13 0 0
BITMAP
23
76
D8
00
3C
66
66
66
66
66
66
66
3C
ENDCHAR
STARTCHAR 1ED1
ENCODING 7889
SWIDTH 500 0
DWIDTH 8 0
BBX 7 12 1 0
BITMAP
06
2C
70
D8
00
78
CC
CC
CC
CC
CC
78
ENDCHAR
STARTCHAR 1ED2
ENCODING 7890
SWIDTH 500 0
DWIDTH 8 0
BBX 8 13 0 0
BITMAP
C4
6E
1B
00
3C
66
66
66
66
66
66
66
3C
ENDCHAR
STARTCHAR 1ED3
ENCODING 7891
SWIDTH 500 0
DWIDTH 8 0
BBX 7 12 0 0
BITMAP
C0
68
1C
36
00
3C
66
66
66
66
66
3C
ENDCHAR
STARTCHAR 1ED4
ENCODING 7892
SWIDTH 500 0
DWIDTH 8 0
BBX 8 13 0 0
BITMAP
26
73
DE
00
3C
66
66
66
66
66
66
66
3C
ENDCHAR
STARTCHAR 1ED5
ENCODING 7893
SWIDTH 500 0
DWIDTH 8 0
BBX 8 12 0 0
BITMAP
06
2B
73
DE
00
3C
66
66
66
66
66
3C
ENDCHAR
STARTCHAR 1ED6
ENCODING 7894
SWIDTH 500 0
DWIDTH 8 0
BBX 7 13 1 0
BITMAP
76
DC
38
6C
78
CC
CC
CC
CC
CC
CC
CC
78
ENDCHAR
STARTCHAR 1ED7
ENCODING 7895
SWIDTH 500 0
DWIDTH 8 0
BBX 7 13 1 0
BITMAP
76
DC
10
38
6C
00
78
CC
CC
CC
CC
CC
78
ENDCHAR
STARTCHAR 1ED8
ENCODING 7896
SWIDTH 500 0
DWIDTH 8 0
BBX 6 16 1 -3
BITMAP
30
78
CC
00
78
CC
CC
CC
CC
CC
CC
CC
78
00
30
30
ENDCHAR
STARTCHAR 1ED9
ENCODING 7897
SWIDTH 500 0
DWIDTH 8 0
BBX 6 14 1 -3
BITMAP
30
78
CC
00
78
CC
CC
CC
CC
CC
78
00
30
30
ENDCHAR
STARTCHAR 1EDA
ENCODING 7898
SWIDTH 500 0
DWIDTH 8 0
BBX 7 12 1 0
BITMAP
18
36
06
7A
CE
CC
CC
CC
CC
CC
CC
78
ENDCHAR
STARTCHAR 1EDB
ENCODING 7899
SWIDTH 500 0
DWIDTH 8 0
BBX 7 11 1 0
BITMAP
1C
18
36
06
7A
CE
CC
CC
CC
CC
78
ENDCHAR
STARTCHAR 1EDC
ENCODING 7900
SWIDTH 500 0
DWIDTH 8 0
BBX 7 12 1 0
BITMAP
60
36
06
7A
CE
CC
CC
CC
CC
CC
CC
78
ENDCHAR
STARTCHAR 1EDD
ENCODING 7901
SWIDTH 500 0
DWIDTH 8 0
BBX 7 11 1 0
BITMAP
E0
60
36
06
7A
CE
CC
CC
CC
CC
78
ENDCHAR
STARTCHAR 1EDE
ENCODING 7902
SWIDTH 500 0
DWIDTH 8 0
BBX 7 13 1 0
BITMAP
30
58
16
26
7A
CE
CC
CC
CC
CC
CC
CC
78
ENDCHAR
STARTCHAR 1EDF
ENCODING 7903
SWIDTH 500 0
DWIDTH 8 0
BBX 7 12 1 0
BITMAP
30
58
18
36
06
7A
CE
CC
CC
CC
CC
78
ENDCHAR
STARTCHAR 1EE0
ENCODING 7904
SWIDTH 500 0
DWIDTH 8 0
BBX 7 13 1 0
BITMAP
76
DC
06
06
7A
CE
CC
CC
CC
CC
CC
CC
78
ENDCHAR
STARTCHAR 1EE1
ENCODING 7905
SWIDTH 500 0
DWIDTH 8 0
BBX 7 11 1 0
BITMAP
76
DC
06
06
7A
CE
CC
CC
CC
CC
78
ENDCHAR
STARTCHAR 1EE2
ENCODING 7906
SWIDTH 500 0
DWIDTH 8 0
BBX 7 14 1 -3
BITMAP
06
06
7A
CE
CC
CC
CC
CC
CC
CC
78
00
30
30
ENDCHAR
STARTCHAR 1EE3
ENCODING 7907
SWIDTH 500 0
DWIDTH 8 0
BBX 7 12 1 -3
BITMAP
06
06
7A
CE
CC
CC
CC
CC
78
00
30
30
ENDCHAR
STARTCHAR 1EE4
ENCODING 7908
SWIDTH 500 0
DWIDTH 8 0
BBX 6 12 1 -3
BITMAP
CC
CC
CC
CC
CC
CC
CC
CC
78
00
30
30
ENDCHAR
STARTCHAR 1EE5
ENCODING 7909
SWIDTH 500 0
DWIDTH 8 0
BBX 6 10 1 -3
BITMAP
CC
CC
CC
CC
CC
CC
7C
00
30
30
ENDCHAR
STARTCHAR 1EE6
ENCODING 7910
SWIDTH 500 0
DWIDTH 8 0
BBX 6 12 1 0
BITMAP
30
58
10
CC
CC
CC
CC
CC
CC
CC
CC
78
ENDCHAR
STARTCHAR 1EE7
ENCODING 7911
SWIDTH 500 0
DWIDTH 8 0
BBX 6 12 1 0
BITMAP
30
58
18
30
00
CC
CC
CC
CC
CC
CC
7C
ENDCHAR
STARTCHAR 1EE8
ENCODING 7912
SWIDTH 500 0
DWIDTH 8 0
BBX 7 12 1 0
BITMAP
18
36
06
CA
CE
CC
CC
CC
CC
CC
CC
78
ENDCHAR
STARTCHAR 1EE9
ENCODING 7913
SWIDTH 500 0
DWIDTH 8 0
BBX 7 11 1 0
BITMAP
1C
18
36
06
CA
CE
CC
CC
CC
CC
7C
ENDCHAR
STARTCHAR 1EEA
ENCODING 7914
SWIDTH 500 0
DWIDTH 8 0
BBX 7 12 1 0
BITMAP
60
36
06
CA
CE
CC
CC
CC
CC
CC
CC
78
ENDCHAR
STARTCHAR 1EEB
ENCODING 7915
SWIDTH 500 0
DWIDTH 8 0
BBX 7 11 1 0
BITMAP
E0
60
36
06
CA
CE
CC
CC
CC
CC
7C
ENDCHAR
STARTCHAR 1EEC
ENCODING 7916
SWIDTH 500 0
DWIDTH 8 0
BBX 7 13 1 0
BITMAP
30
58
16
26
CA
CE
CC
CC
CC
CC
CC
CC
78
ENDCHAR
STARTCHAR 1EED
ENCODING 7917
SWIDTH 500 0
DWIDTH 8 0
BBX 7 12 1 0
BITMAP
30
58
18
36
06
CA
CE
CC
CC
CC
CC
7C
ENDCHAR
STARTCHAR 1EEE
ENCODING 7918
SWIDTH 500 0
DWIDTH 8 0
BBX 7 13 1 0
BITMAP
76
DC
06
06
CA
CE
CC
CC
CC
CC
CC
CC
78
ENDCHAR
STARTCHAR 1EEF
ENCODING 7919
SWIDTH 500 0
DWIDTH 8 0
BBX 7 11 1 0
BITMAP
76
DC
06
06
CA
CE
CC
CC
CC
CC
7C
ENDCHAR
STARTCHAR 1EF0
ENCODING 7920
SWIDTH 500 0
DWIDTH 8 0
BBX 7 14 1 -3
BITMAP
06
06
CA
CE
CC
CC
CC
CC
CC
CC
78
00
30
30
ENDCHAR
STARTCHAR 1EF1
ENCODING 7921
SWIDTH 500 0
DWIDTH 8 0
BBX 7 12 1 -3
BITMAP
06
06
CA
CE
CC
CC
CC
CC
7C
00
30
30
ENDCHAR
STARTCHAR 1EF2
ENCODING 7922
SWIDTH 500 0
DWIDTH 8 0
BBX 6 12 1 0
BITMAP
60
30
00
CC
CC
CC
CC
78
30
30
30
30
ENDCHAR
STARTCHAR 1EF3
ENCODING 7923
SWIDTH 500 0
DWIDTH 8 0
BBX 7 14 0 -3
BITMAP
70
30
18
00
66
66
66
66
66
66
3C
0C
18
F0
ENDCHAR
STARTCHAR 1EF4
ENCODING 7924
SWIDTH 500 0
DWIDTH 8 0
BBX 6 12 1 -3
BITMAP
CC
CC
CC
CC
78
30
30
30
30
00
30
30
ENDCHAR
STARTCHAR 1EF5
ENCODING 7925
SWIDTH 500 0
DWIDTH 8 0
BBX 8 10 0 -3
BITMAP
66
66
66
66
66
66
3C
0C
1B
F3
ENDCHAR
STARTCHAR 1EF6
ENCODING 7926
SWIDTH 500 0
DWIDTH 8 0
BBX 6 12 1 0
BITMAP
30
58
10
CC
CC
CC
CC
78
30
30
30
30
ENDCHAR
STARTCHAR 1EF7
ENCODING 7927
SWIDTH 500 0
DWIDTH 8 0
BBX 7 15 0 -3
BITMAP
18
2C
0C
18
00
66
66
66
66
66
66
3C
0C
18
F0
ENDCHAR
STARTCHAR 1EF8
ENCODING 7928
SWIDTH 500 0
DWIDTH 8 0
BBX 7 12 1 0
BITMAP
76
DC
00
CC
CC
CC
CC
78
30
30
30
30
ENDCHAR
STARTCHAR 1EF9
ENCODING 7929
SWIDTH 500 0
DWIDTH 8 0
BBX 8 14 0 -3
BITMAP
71
DB
8E
00
66
66
66
66
66
66
3C
0C
18
F0
ENDCHAR
STARTCHAR 1F00
ENCODING 7936
SWIDTH 500 0
DWIDTH 8 0
BBX 7 12 1 0
BITMAP
38
38
18
30
00
76
CC
CC
CC
CC
CC
76
ENDCHAR
STARTCHAR 1F01
ENCODING 7937
SWIDTH 500 0
DWIDTH 8 0
BBX 7 12 1 0
BITMAP
38
38
30
18
00
76
CC
CC
CC
CC
CC
76
ENDCHAR
STARTCHAR 1F02
ENCODING 7938
SWIDTH 500 0
DWIDTH 8 0
BBX 7 12 1 0
BITMAP
EC
EC
66
C2
00
76
CC
CC
CC
CC
CC
76
ENDCHAR
STARTCHAR 1F03
ENCODING 7939
SWIDTH 500 0
DWIDTH 8 0
BBX 7 12 1 0
BITMAP
EC
EC
C6
62
00
76
CC
CC
CC
CC
CC
76
ENDCHAR
STARTCHAR 1F04
ENCODING 7940
SWIDTH 500 0
DWIDTH 8 0
BBX 7 12 1 0
BITMAP
EC
EC
6C
CC
00
76
CC
CC
CC
CC
CC
76
ENDCHAR
STARTCHAR 1F05
ENCODING 7941
SWIDTH 500 0
DWIDTH 8 0
BBX 7 12 1 0
BITMAP
EC
EC
CC
6C
00
76
CC
CC
CC
CC
CC
76
ENDCHAR
STARTCHAR 1F06
ENCODING 7942
SWIDTH 500 0
DWIDTH 8 0
BBX 7 12 1 0
BITMAP
3C
66
18
30
00
76
CC
CC
CC
CC
CC
76
ENDCHAR
STARTCHAR 1F07
ENCODING 7943
SWIDTH 500 0
DWIDTH 8 0
BBX 7 12 1 0
BITMAP
78
CC
30
18
00
76
CC
CC
CC
CC
CC
76
ENDCHAR
STARTCHAR 1F08
ENCODING 7944
SWIDTH 500 0
DWIDTH 8 0
BBX 7 12 0 0
BITMAP
C0
C0
40
98
3C
66
66
66
7E
66
66
66
ENDCHAR
STARTCHAR 1F09
ENCODING 7945
SWIDTH 500 0
DWIDTH 8 0
BBX 7 12 0 0
BITMAP
C0
C0
80
58
3C
66
66
66
7E
66
66
66
ENDCHAR
STARTCHAR 1F0A
ENCODING 7946
SWIDTH 500 0
DWIDTH 8 0
BBX 8 12 0 0
BITMAP
D8
CC
40
8C
1E
33
33
33
3F
33
33
33
ENDCHAR
STARTCHAR 1F0B
ENCODING 7947
SWIDTH 500 0
DWIDTH 8 0
BBX 8 12 0 0
BITMAP
D8
CC
80
4C
1E
33
33
33
3F
33
33
33
ENDCHAR
STARTCHAR 1F0C
ENCODING 7948
SWIDTH 500 0
DWIDTH 8 0
BBX 8 12 0 0
BITMAP
CC
D8
40
8C
1E
33
33
33
3F
33
33
33
ENDCHAR
STARTCHAR 1F0D
ENCODING 7949
SWIDTH 500 0
DWIDTH 8 0
BBX 8 12 0 0
BITMAP
CC
D8
80
4C
1E
33
33
33
3F
33
33
33
ENDCHAR
STARTCHAR 1F0E
ENCODING 7950
SWIDTH 500 0
DWIDTH 8 0
BBX 8 12 0 0
BITMAP
CE
DB
40
98
3C
66
66
66
7E
66
66
66
ENDCHAR
STARTCHAR 1F0F
ENCODING 7951
SWIDTH 500 0
DWIDTH 8 0
BBX 8 12 0 0
BITMAP
CE
DB
80
58
3C
66
66
66
7E
66
66
66
ENDCHAR
STARTCHAR 1F10
ENCODING 7952
SWIDTH 500 0
DWIDTH 8 0
BBX 6 12 1 0
BITMAP
38
38
18
30
00
78
CC
C0
70
C0
CC
78
ENDCHAR
STARTCHAR 1F11
ENCODING 7953
SWIDTH 500 0
DWIDTH 8 0
BBX 6 12 1 0
BITMAP
70
70
60
30
00
78
CC
C0
70
C0
CC
78
ENDCHAR
STARTCHAR 1F12
ENCODING 7954
SWIDTH 500 0
DWIDTH 8 0
BBX 7 12 0 0
BITMAP
EC
EC
66
C2
00
3C
66
60
38
60
66
3C
ENDCHAR
STARTCHAR 1F13
ENCODING 7955
SWIDTH 500 0
DWIDTH 8 0
BBX 7 12 0 0
BITMAP
EC
EC
C6
62
00
3C
66
60
38
60
66
3C
ENDCHAR
STARTCHAR 1F14
ENCODING 7956
SWIDTH 500 0
DWIDTH 8 0
BBX 6 12 1 0
BITMAP
EC
EC
6C
CC
00
78
CC
C0
70
C0
CC
78
ENDCHAR
STARTCHAR 1F15
ENCODING 7957
SWIDTH 500 0
DWIDTH 8 0
BBX 6 12 1 0
BITMAP
EC
EC
CC
6C
00
78
CC
C0
70
C0
CC
78
ENDCHAR
STARTCHAR 1F18
ENCODING 7960
SWIDTH 500 0
DWIDTH 8 0
BBX 8 12 0 0
BITMAP
C0
C0
40
BF
30
30
30
3E
30
30
30
3F
ENDCHAR
STARTCHAR 1F19
ENCODING 7961
SWIDTH 500 0
DWIDTH 8 0
BBX 8 12 0 0
BITMAP
C0
C0
80
7F
30
30
30
3E
30
30
30
3F
ENDCHAR
STARTCHAR 1F1A
ENCODING 7962
SWIDTH 500 0
DWIDTH 8 0
BBX 8 12 0 0
BITMAP
D8
CC
40
BF
30
30
30
3E
30
30
30
3F
ENDCHAR
STARTCHAR 1F1B
ENCODING 7963
SWIDTH 500 0
DWIDTH 8 0
BBX 8 12 0 0
BITMAP
D8
CC
80
7F
30
30
30
3E
30
30
30
3F
ENDCHAR
STARTCHAR 1F1C
ENCODING 7964
SWIDTH 500 0
DWIDTH 8 0
BBX 8 12 0 0
BITMAP
CC
D8
40
BF
30
30
30
3E
30
30
30
3F
ENDCHAR
STARTCHAR 1F1D
ENCODING 7965
SWIDTH 500 0
DWIDTH 8 0
BBX 8 12 0 0
BITMAP
CC
D8
80
7F
30
30
30
3E
30
30
30
3F
ENDCHAR
STARTCHAR 1F20
ENCODING 7968
SWIDTH 500 0
DWIDTH 8 0
BBX 6 15 1 -3
BITMAP
38
38
18
30
00
F8
CC
CC
CC
CC
CC
CC
0C
0C
0C
ENDCHAR
STARTCHAR 1F21
ENCODING 7969
SWIDTH 500 0
DWIDTH 8 0
BBX 6 15 1 -3
BITMAP
70
70
60
30
00
F8
CC
CC
CC
CC
CC
CC
0C
0C
0C
ENDCHAR
STARTCHAR 1F22
ENCODING 7970
SWIDTH 500 0
DWIDTH 8 0
BBX 7 15 0 -3
BITMAP
EC
EC
66
C2
00
7C
66
66
66
66
66
66
06
06
06
ENDCHAR
STARTCHAR 1F23
ENCODING 7971
SWIDTH 500 0
DWIDTH 8 0
BBX 7 15 0 -3
BITMAP
EC
EC
C6
62
00
7C
66
66
66
66
66
66
06
06
06
ENDCHAR
STARTCHAR 1F24
ENCODING 7972
SWIDTH 500 0
DWIDTH 8 0
BBX 6 15 1 -3
BITMAP
EC
EC
6C
CC
00
F8
CC
CC
CC
CC
CC
CC
0C
0C
0C
ENDCHAR
STARTCHAR 1F25
ENCODING 7973
SWIDTH 500 0
DWIDTH 8 0
BBX 6 15 1 -3
BITMAP
EC
EC
CC
6C
00
F8
CC
CC
CC
CC
CC
CC
0C
0C
0C
ENDCHAR
STARTCHAR 1F26
ENCODING 7974
SWIDTH 500 0
DWIDTH 8 0
BBX 6 15 1 -3
BITMAP
78
CC
30
60
00
F8
CC
CC
CC
CC
CC
CC
0C
0C
0C
ENDCHAR
STARTCHAR 1F27
ENCODING 7975
SWIDTH 500 0
DWIDTH 8 0
BBX 6 15 1 -3
BITMAP
78
CC
30
18
00
F8
CC
CC
CC
CC
CC
CC
0C
0C
0C
ENDCHAR
STARTCHAR 1F28
ENCODING 7976
SWIDTH 500 0
DWIDTH 8 0
BBX 8 12 0 0
BITMAP
C0
C0
40
B3
33
33
33
3F
33
33
33
33
ENDCHAR
STARTCHAR 1F29
ENCODING 7977
SWIDTH 500 0
DWIDTH 8 0
BBX 8 12 0 0
BITMAP
C0
C0
80
73
33
33
33
3F
33
33
33
33
ENDCHAR
STARTCHAR 1F2A
ENCODING 7978
SWIDTH 500 0
DWIDTH 8 0
BBX 8 12 0 0
BITMAP
D8
CC
40
B3
33
33
33
3F
33
33
33
33
ENDCHAR
STARTCHAR 1F2B
ENCODING 7979
SWIDTH 500 0
DWIDTH 8 0
BBX 8 12 0 0
BITMAP
D8
CC
80
73
33
33
33
3F
33
33
33
33
ENDCHAR
STARTCHAR 1F2C
ENCODING 7980
SWIDTH 500 0
DWIDTH 8 0
BBX 8 12 0 0
BITMAP
CC
D8
40
B3
33
33
33
3F
33
33
33
33
ENDCHAR
STARTCHAR 1F2D
ENCODING 7981
SWIDTH 500 0
DWIDTH 8 0
BBX 8 12 0 0
BITMAP
CC
D8
80
73
33
33
33
3F
33
33
33
33
ENDCHAR
STARTCHAR 1F2E
ENCODING 7982
SWIDTH 500 0
DWIDTH 8 0
BBX 8 12 0 0
BITMAP
CE
DB
40
B3
33
33
33
3F
33
33
33
33
ENDCHAR
STARTCHAR 1F2F
ENCODING 7983
SWIDTH 500 0
DWIDTH 8 0
BBX 8 12 0 0
BITMAP
CE
DB
80
73
33
33
33
3F
33
33
33
33
ENDCHAR
STARTCHAR 1F30
ENCODING 7984
SWIDTH 500 0
DWIDTH 8 0
BBX 6 12 1 0
BITMAP
70
70
30
60
00
E0
60
60
60
60
6C
38
ENDCHAR
STARTCHAR 1F31
ENCODING 7985
SWIDTH 500 0
DWIDTH 8 0
BBX 6 12 1 0
BITMAP
70
70
60
30
00
E0
60
60
60
60
6C
38
ENDCHAR
STARTCHAR 1F32
ENCODING 7986
SWIDTH 500 0
DWIDTH 8 0
BBX 7 12 0 0
BITMAP
EC
EC
66
C2
00
70
30
30
30
30
36
1C
ENDCHAR
STARTCHAR 1F33
ENCODING 7987
SWIDTH 500 0
DWIDTH 8 0
BBX 7 12 0 0
BITMAP
EC
EC
C6
62
00
70
30
30
30
30
36
1C
ENDCHAR
STARTCHAR 1F34
ENCODING 7988
SWIDTH 500 0
DWIDTH 8 0
BBX 7 12 0 0
BITMAP
EC
EC
6C
CC
00
70
30
30
30
30
36
1C
ENDCHAR
STARTCHAR 1F35
ENCODING 7989
SWIDTH 500 0
DWIDTH 8 0
BBX 7 12 0 0
BITMAP
EC
EC
CC
6C
00
70
30
30
30
30
36
1C
ENDCHAR
STARTCHAR 1F36
ENCODING 7990
SWIDTH 500 0
DWIDTH 8 0
BBX 7 12 0 0
BITMAP
78
CC
30
60
00
70
30
30
30
30
36
1C
ENDCHAR
STARTCHAR 1F37
ENCODING 7991
SWIDTH 500 0
DWIDTH 8 0
BBX 7 12 0 0
BITMAP
78
CC
30
18
00
70
30
30
30
30
36
1C
ENDCHAR
STARTCHAR 1F38
ENCODING 7992
SWIDTH 500 0
DWIDTH 8 0
BBX 7 12 0 0
BITMAP
C0
C0
40
9E
0C
0C
0C
0C
0C
0C
0C
1E
ENDCHAR
STARTCHAR 1F39
ENCODING 7993
SWIDTH 500 0
DWIDTH 8 0
BBX 7 12 0 0
BITMAP
C0
C0
80
5E
0C
0C
0C
0C
0C
0C
0C
1E
ENDCHAR
STARTCHAR 1F3A
ENCODING 7994
SWIDTH 500 0
DWIDTH 8 0
BBX 7 12 0 0
BITMAP
D8
CC
40
9E
0C
0C
0C
0C
0C
0C
0C
1E
ENDCHAR
STARTCHAR 1F3B
ENCODING 7995
SWIDTH 500 0
DWIDTH 8 0
BBX 7 12 0 0
BITMAP
D8
CC
80
5E
0C
0C
0C
0C
0C
0C
0C
1E
ENDCHAR
STARTCHAR 1F3C
ENCODING 7996
SWIDTH 500 0
DWIDTH 8 0
BBX 7 12 0 0
BITMAP
CC
D8
40
9E
0C
0C
0C
0C
0C
0C
0C
1E
ENDCHAR
STARTCHAR 1F3D
ENCODING 7997
SWIDTH 500 0
DWIDTH 8 0
BBX 7 12 0 0
BITMAP
CC
D8
80
5E
0C
0C
0C
0C
0C
0C
0C
1E
ENDCHAR
STARTCHAR 1F3E
ENCODING 7998
SWIDTH 500 0
DWIDTH 8 0
BBX 8 12 0 0
BITMAP
CE
DB
40
9E
0C
0C
0C
0C
0C
0C
0C
1E
ENDCHAR
STARTCHAR 1F3F
ENCODING 7999
SWIDTH 500 0
DWIDTH 8 0
BBX 8 12 0 0
BITMAP
CE
DB
80
5E
0C
0C
0C
0C
0C
0C
0C
1E
ENDCHAR
STARTCHAR 1F40
ENCODING 8000
SWIDTH 500 0
DWIDTH 8 0
BBX 6 12 1 0
BITMAP
38
38
18
30
00
78
CC
CC
CC
CC
CC
78
ENDCHAR
STARTCHAR 1F41
ENCODING 8001
SWIDTH 500 0
DWIDTH 8 0
BBX 6 12 1 0
BITMAP
70
70
60
30
00
78
CC
CC
CC
CC
CC
78
ENDCHAR
STARTCHAR 1F42
ENCODING 8002
SWIDTH 500 0
DWIDTH 8 0
BBX 7 12 0 0
BITMAP
EC
EC
66
C2
00
3C
66
66
66
66
66
3C
ENDCHAR
STARTCHAR 1F43
ENCODING 8003
SWIDTH 500 0
DWIDTH 8 0
BBX 7 12 0 0
BITMAP
EC
EC
C6
62
00
3C
66
66
66
66
66
3C
ENDCHAR
STARTCHAR 1F44
ENCODING 8004
SWIDTH 500 0
DWIDTH 8 0
BBX 6 12 1 0
BITMAP
EC
EC
6C
CC
00
78
CC
CC
CC
CC
CC
78
ENDCHAR
STARTCHAR 1F45
ENCODING 8005
SWIDTH 500 0
DWIDTH 8 0
BBX 6 12 1 0
BITMAP
EC
EC
CC
6C
00
78
CC
CC
CC
CC
CC
78
ENDCHAR
STARTCHAR 1F48
ENCODING 8008
SWIDTH 500 0
DWIDTH 8 0
BBX 8 12 0 0
BITMAP
C0
C0
40
9E
33
33
33
33
33
33
33
1E
ENDCHAR
STARTCHAR 1F49
ENCODING 8009
SWIDTH 500 0
DWIDTH 8 0
BBX 8 12 0 0
BITMAP
C0
C0
80
5E
33
33
33
33
33
33
33
1E
ENDCHAR
STARTCHAR 1F4A
ENCODING 8010
SWIDTH 500 0
DWIDTH 8 0
BBX 8 12 0 0
BITMAP
D8
CC
40
9E
33
33
33
33
33
33
33
1E
ENDCHAR
STARTCHAR 1F4B
ENCODING 8011
SWIDTH 500 0
DWIDTH 8 0
BBX 8 12 0 0
BITMAP
D8
CC
80
5E
33
33
33
33
33
33
33
1E
ENDCHAR
STARTCHAR 1F4C
ENCODING 8012
SWIDTH 500 0
DWIDTH 8 0
BBX 8 12 0 0
BITMAP
CC
D8
40
9E
33
33
33
33
33
33
33
1E
ENDCHAR
STARTCHAR 1F4D
ENCODING 8013
SWIDTH 500 0
DWIDTH 8 0
BBX 8 12 0 0
BITMAP
CC
D8
80
5E
33
33
33
33
33
33
33
1E
ENDCHAR
STARTCHAR 1F50
ENCODING 8016
SWIDTH 500 0
DWIDTH 8 0
BBX 6 12 1 0
BITMAP
38
38
18
30
00
D8
CC
CC
CC
CC
CC
78
ENDCHAR
STARTCHAR 1F51
ENCODING 8017
SWIDTH 500 0
DWIDTH 8 0
BBX 6 12 1 0
BITMAP
70
70
60
30
00
D8
CC
CC
CC
CC
CC
78
ENDCHAR
STARTCHAR 1F52
ENCODING 8018
SWIDTH 500 0
DWIDTH 8 0
BBX 7 12 0 0
BITMAP
EC
EC
66
C2
00
6C
66
66
66
66
66
3C
ENDCHAR
STARTCHAR 1F53
ENCODING 8019
SWIDTH 500 0
DWIDTH 8 0
BBX 7 12 0 0
BITMAP
EC
EC
C6
62
00
6C
66
66
66
66
66
3C
ENDCHAR
STARTCHAR 1F54
ENCODING 8020
SWIDTH 500 0
DWIDTH 8 0
BBX 6 12 1 0
BITMAP
EC
EC
6C
CC
00
D8
CC
CC
CC
CC
CC
78
ENDCHAR
STARTCHAR 1F55
ENCODING 8021
SWIDTH 500 0
DWIDTH 8 0
BBX 6 12 1 0
BITMAP
EC
EC
CC
6C
00
D8
CC
CC
CC
CC
CC
78
ENDCHAR
STARTCHAR 1F56
ENCODING 8022
SWIDTH 500 0
DWIDTH 8 0
BBX 6 12 1 0
BITMAP
78
CC
30
60
00
D8
CC
CC
CC
CC
CC
78
ENDCHAR
STARTCHAR 1F57
ENCODING 8023
SWIDTH 500 0
DWIDTH 8 0
BBX 6 12 1 0
BITMAP
78
CC
30
18
00
D8
CC
CC
CC
CC
CC
78
ENDCHAR
STARTCHAR 1F59
ENCODING 8025
SWIDTH 500 0
DWIDTH 8 0
BBX 8 12 0 0
BITMAP
C0
C0
80
73
33
33
33
1E
0C
0C
0C
0C
ENDCHAR
STARTCHAR 1F5B
ENCODING 8027
SWIDTH 500 0
DWIDTH 8 0
BBX 8 12 0 0
BITMAP
D8
CC
80
73
33
33
33
1E
0C
0C
0C
0C
ENDCHAR
STARTCHAR 1F5D
ENCODING 8029
SWIDTH 500 0
DWIDTH 8 0
BBX 8 12 0 0
BITMAP
CC
D8
80
73
33
33
33
1E
0C
0C
0C
0C
ENDCHAR
STARTCHAR 1F5F
ENCODING 8031
SWIDTH 500 0
DWIDTH 8 0
BBX 8 12 0 0
BITMAP
CE
DB
80
73
33
33
33
1E
0C
0C
0C
0C
ENDCHAR
STARTCHAR 1F60
ENCODING 8032
SWIDTH 500 0
DWIDTH 8 0
BBX 7 12 1 0
BITMAP
38
38
18
30
00
6C
C6
D6
D6
D6
D6
6C
ENDCHAR
STARTCHAR 1F61
ENCODING 8033
SWIDTH 500 0
DWIDTH 8 0
BBX 7 12 1 0
BITMAP
38
38
30
18
00
6C
C6
D6
D6
D6
D6
6C
ENDCHAR
STARTCHAR 1F62
ENCODING 8034
SWIDTH 500 0
DWIDTH 8 0
BBX 7 12 1 0
BITMAP
EC
EC
66
C2
00
6C
C6
D6
D6
D6
D6
6C
ENDCHAR
STARTCHAR 1F63
ENCODING 8035
SWIDTH 500 0
DWIDTH 8 0
BBX 7 12 1 0
BITMAP
EC
EC
C6
62
00
6C
C6
D6
D6
D6
D6
6C
ENDCHAR
STARTCHAR 1F64
ENCODING 8036
SWIDTH 500 0
DWIDTH 8 0
BBX 7 12 1 0
BITMAP
EC
EC
6C
CC
00
6C
C6
D6
D6
D6
D6
6C
ENDCHAR
STARTCHAR 1F65
ENCODING 8037
SWIDTH 500 0
DWIDTH 8 0
BBX 7 12 1 0
BITMAP
EC
EC
CC
6C
00
6C
C6
D6
D6
D6
D6
6C
ENDCHAR
STARTCHAR 1F66
ENCODING 8038
SWIDTH 500 0
DWIDTH 8 0
BBX 7 12 1 0
BITMAP
3C
66
18
30
00
6C
C6
D6
D6
D6
D6
6C
ENDCHAR
STARTCHAR 1F67
ENCODING 8039
SWIDTH 500 0
DWIDTH 8 0
BBX 7 12 1 0
BITMAP
78
CC
30
18
00
6C
C6
D6
D6
D6
D6
6C
ENDCHAR
STARTCHAR 1F68
ENCODING 8040
SWIDTH 500 0
DWIDTH 8 0
BBX 8 12 0 0
BITMAP
C0
C0
40
9E
33
33
33
33
33
33
1E
3F
ENDCHAR
STARTCHAR 1F69
ENCODING 8041
SWIDTH 500 0
DWIDTH 8 0
BBX 8 12 0 0
BITMAP
C0
C0
80
5E
33
33
33
33
33
33
1E
3F
ENDCHAR
STARTCHAR 1F6A
ENCODING 8042
SWIDTH 500 0
DWIDTH 8 0
BBX 8 12 0 0
BITMAP
D8
CC
40
9E
33
33
33
33
33
33
1E
3F
ENDCHAR
STARTCHAR 1F6B
ENCODING 8043
SWIDTH 500 0
DWIDTH 8 0
BBX 8 12 0 0
BITMAP
D8
CC
80
5E
33
33
33
33
33
33
1E
3F
ENDCHAR
STARTCHAR 1F6C
ENCODING 8044
SWIDTH 500 0
DWIDTH 8 0
BBX 8 12 0 0
BITMAP
CC
D8
40
9E
33
33
33
33
33
33
1E
3F
ENDCHAR
STARTCHAR 1F6D
ENCODING 8045
SWIDTH 500 0
DWIDTH 8 0
BBX 8 12 0 0
BITMAP
CC
D8
80
5E
33
33
33
33
33
33
1E
3F
ENDCHAR
STARTCHAR 1F6E
ENCODING 8046
SWIDTH 500 0
DWIDTH 8 0
BBX 8 12 0 0
BITMAP
CE
DB
40
9E
33
33
33
33
33
33
1E
3F
ENDCHAR
STARTCHAR 1F6F
ENCODING 8047
SWIDTH 500 0
DWIDTH 8 0
BBX 8 12 0 0
BITMAP
CE
DB
80
5E
33
33
33
33
33
33
1E
3F
ENDCHAR
STARTCHAR 1F70
ENCODING 8048
SWIDTH 500 0
DWIDTH 8 0
BBX 7 12 1 0
BITMAP
30
30
18
08
00
76
CC
CC
CC
CC
CC
76
ENDCHAR
STARTCHAR 1F71
ENCODING 8049
SWIDTH 500 0
DWIDTH 8 0
BBX 7 12 1 0
BITMAP
30
30
30
30
00
76
CC
CC
CC
CC
CC
76
ENDCHAR
STARTCHAR 1F72
ENCODING 8050
SWIDTH 500 0
DWIDTH 8 0
BBX 6 12 1 0
BITMAP
60
60
30
10
00
78
CC
C0
70
C0
CC
78
ENDCHAR
STARTCHAR 1F73
ENCODING 8051
SWIDTH 500 0
DWIDTH 8 0
BBX 6 12 1 0
BITMAP
30
30
30
30
00
78
CC
C0
70
C0
CC
78
ENDCHAR
STARTCHAR 1F74
ENCODING 8052
SWIDTH 500 0
DWIDTH 8 0
BBX 6 15 1 -3
BITMAP
60
60
30
10
00
F8
CC
CC
CC
CC
CC
CC
0C
0C
0C
ENDCHAR
STARTCHAR 1F75
ENCODING 8053
SWIDTH 500 0
DWIDTH 8 0
BBX 6 15 1 -3
BITMAP
30
30
30
30
00
F8
CC
CC
CC
CC
CC
CC
0C
0C
0C
ENDCHAR
STARTCHAR 1F76
ENCODING 8054
SWIDTH 500 0
DWIDTH 8 0
BBX 6 12 1 0
BITMAP
C0
C0
60
20
00
E0
60
60
60
60
6C
38
ENDCHAR
STARTCHAR 1F77
ENCODING 8055
SWIDTH 500 0
DWIDTH 8 0
BBX 6 12 1 0
BITMAP
60
60
60
60
00
E0
60
60
60
60
6C
38
ENDCHAR
STARTCHAR 1F78
ENCODING 8056
SWIDTH 500 0
DWIDTH 8 0
BBX 6 12 1 0
BITMAP
60
60
30
10
00
78
CC
CC
CC
CC
CC
78
ENDCHAR
STARTCHAR 1F79
ENCODING 8057
SWIDTH 500 0
DWIDTH 8 0
BBX 6 12 1 0
BITMAP
30
30
30
30
00
78
CC
CC
CC
CC
CC
78
ENDCHAR
STARTCHAR 1F7A
ENCODING 8058
SWIDTH 500 0
DWIDTH 8 0
BBX 6 12 1 0
BITMAP
60
60
30
10
00
D8
CC
CC
CC
CC
CC
78
ENDCHAR
STARTCHAR 1F7B
ENCODING 8059
SWIDTH 500 0
DWIDTH 8 0
BBX 6 12 1 0
BITMAP
30
30
30
30
00
D8
CC
CC
CC
CC
CC
78
ENDCHAR
STARTCHAR 1F7C
ENCODING 8060
SWIDTH 500 0
DWIDTH 8 0
BBX 7 12 1 0
BITMAP
30
30
18
08
00
6C
C6
D6
D6
D6
D6
6C
ENDCHAR
STARTCHAR 1F7D
ENCODING 8061
SWIDTH 500 0
DWIDTH 8 0
BBX 7 12 1 0
BITMAP
18
18
18
18
00
6C
C6
D6
D6
D6
D6
6C
ENDCHAR
STARTCHAR 1F80
ENCODING 8064
SWIDTH 500 0
DWIDTH 8 0
BBX 7 15 1 -3
BITMAP
38
38
18
30
00
76
CC
CC
CC
CC
CC
76
00
30
38
ENDCHAR
STARTCHAR 1F81
ENCODING 8065
SWIDTH 500 0
DWIDTH 8 0
BBX 7 15 1 -3
BITMAP
38
38
30
18
00
76
CC
CC
CC
CC
CC
76
00
30
38
ENDCHAR
STARTCHAR 1F82
ENCODING 8066
SWIDTH 500 0
DWIDTH 8 0
BBX 7 15 1 -3
BITMAP
EC
EC
66
C2
00
76
CC
CC
CC
CC
CC
76
00
30
38
ENDCHAR
STARTCHAR 1F83
ENCODING 8067
SWIDTH 500 0
DWIDTH 8 0
BBX 7 15 1 -3
BITMAP
EC
EC
C6
62
00
76
CC
CC
CC
CC
CC
76
00
30
38
ENDCHAR
STARTCHAR 1F84
ENCODING 8068
SWIDTH 500 0
DWIDTH 8 0
BBX 7 15 1 -3
BITMAP
EC
EC
6C
CC
00
76
CC
CC
CC
CC
CC
76
00
30
38
ENDCHAR
STARTCHAR 1F85
ENCODING 8069
SWIDTH 500 0
DWIDTH 8 0
BBX 7 15 1 -3
BITMAP
EC
EC
CC
6C
00
76
CC
CC
CC
CC
CC
76
00
30
38
ENDCHAR
STARTCHAR 1F86
ENCODING 8070
SWIDTH 500 0
DWIDTH 8 0
BBX 7 15 1 -3
BITMAP
3C
66
18
30
00
76
CC
CC
CC
CC
CC
76
00
30
38
ENDCHAR
STARTCHAR 1F87
ENCODING 8071
SWIDTH 500 0
DWIDTH 8 0
BBX 7 15 1 -3
BITMAP
78
CC
30
18
00
76
CC
CC
CC
CC
CC
76
00
30
38
ENDCHAR
STARTCHAR 1F88
ENCODING 8072
SWIDTH 1000 0
DWIDTH 16 0
BBX 15 12 0 0
BITMAP
C000
C000
4000
9800
3C00
6670
6630
6630
7E30
6630
6636
661C
ENDCHAR
STARTCHAR 1F89
ENCODING 8073
SWIDTH 1000 0
DWIDTH 16 0
BBX 15 12 0 0
BITMAP
C000
C000
8000
5800
3C00
6670
6630
6630
7E30
6630
6636
661C
ENDCHAR
STARTCHAR 1F8A
ENCODING 8074
SWIDTH 1000 0
DWIDTH 16 0
BBX 15 12 0 0
BITMAP
D800
CC00
4000
8C00
1E00
3370
3330
3330
3F30
3330
3336
331C
ENDCHAR
STARTCHAR 1F8B
ENCODING 8075
SWIDTH 1000 0
DWIDTH 16 0
BBX 15 12 0 0
BITMAP
D800
CC00
8000
4C00
1E00
3370
3330
3330
3F30
3330
3336
331C
ENDCHAR
STARTCHAR 1F8C
ENCODING 8076
SWIDTH 1000 0
DWIDTH 16 0
BBX 15 12 0 0
BITMAP
CC00
D800
4000
8C00
1E00
3370
3330
3330
3F30
3330
3336
331C
ENDCHAR
STARTCHAR 1F8D
ENCODING 8077
SWIDTH 1000 0
DWIDTH 16 0
BBX 15 12 0 0
BITMAP
CC00
D800
8000
4C00
1E00
3370
3330
3330
3F30
3330
3336
331C
ENDCHAR
STARTCHAR 1F8E
ENCODING 8078
SWIDTH 1000 0
DWIDTH 16 0
BBX 15 12 0 0
BITMAP
CE00
DB00
4000
9800
3C00
6670
6630
6630
7E30
6630
6636
661C
ENDCHAR
STARTCHAR 1F8F
ENCODING 8079
SWIDTH 1000 0
DWIDTH 16 0
BBX 15 12 0 0
BITMAP
CE00
DB00
8000
5800
3C00
6670
6630
6630
7E30
6630
6636
661C
ENDCHAR
STARTCHAR 1F90
ENCODING 8080
SWIDTH 500 0
DWIDTH 8 0
BBX 6 15 1 -3
BITMAP
38
38
18
30
00
F8
CC
CC
CC
CC
CC
CC
0C
CC
EC
ENDCHAR
STARTCHAR 1F91
ENCODING 8081
SWIDTH 500 0
DWIDTH 8 0
BBX 6 15 1 -3
BITMAP
70
70
60
30
00
F8
CC
CC
CC
CC
CC
CC
0C
CC
EC
ENDCHAR
STARTCHAR 1F92
ENCODING 8082
SWIDTH 500 0
DWIDTH 8 0
BBX 7 15 0 -3
BITMAP
EC
EC
66
C2
00
7C
66
66
66
66
66
66
06
66
76
ENDCHAR
STARTCHAR 1F93
ENCODING 8083
SWIDTH 500 0
DWIDTH 8 0
BBX 7 15 0 -3
BITMAP
EC
EC
C6
62
00
7C
66
66
66
66
66
66
06
66
76
ENDCHAR
STARTCHAR 1F94
ENCODING 8084
SWIDTH 500 0
DWIDTH 8 0
BBX 6 15 1 -3
BITMAP
EC
EC
6C
CC
00
F8
CC
CC
CC
CC
CC
CC
0C
CC
EC
ENDCHAR
STARTCHAR 1F95
ENCODING 8085
SWIDTH 500 0
DWIDTH 8 0
BBX 6 15 1 -3
BITMAP
EC
EC
CC
6C
00
F8
CC
CC
CC
CC
CC
CC
0C
CC
EC
ENDCHAR
STARTCHAR 1F96
ENCODING 8086
SWIDTH 500 0
DWIDTH 8 0
BBX 6 15 1 -3
BITMAP
78
CC
30
60
00
F8
CC
CC
CC
CC
CC
CC
0C
CC
EC
ENDCHAR
STARTCHAR 1F97
ENCODING 8087
SWIDTH 500 0
DWIDTH 8 0
BBX 6 15 1 -3
BITMAP
78
CC
30
18
00
F8
CC
CC
CC
CC
CC
CC
0C
CC
EC
ENDCHAR
STARTCHAR 1F98
ENCODING 8088
SWIDTH 1000 0
DWIDTH 16 0
BBX 15 12 0 0
BITMAP
C000
C000
4000
B300
3300
3370
3330
3F30
3330
3330
3336
331C
ENDCHAR
STARTCHAR 1F99
ENCODING 8089
SWIDTH 1000 0
DWIDTH 16 0
BBX 15 12 0 0
BITMAP
C000
C000
8000
7300
3300
3370
3330
3F30
3330
3330
3336
331C
ENDCHAR
STARTCHAR 1F9A
ENCODING 8090
SWIDTH 1000 0
DWIDTH 16 0
BBX 15 12 0 0
BITMAP
D800
CC00
4000
B300
3300
3370
3330
3F30
3330
3330
3336
331C
ENDCHAR
STARTCHAR 1F9B
ENCODING 8091
SWIDTH 1000 0
DWIDTH 16 0
BBX 15 12 0 0
BITMAP
D800
CC00
8000
7300
3300
3370
3330
3F30
3330
3330
3336
331C
ENDCHAR
STARTCHAR 1F9C
ENCODING 8092
SWIDTH 1000 0
DWIDTH 16 0
BBX 15 12 0 0
BITMAP
CC00
D800
4000
B300
3300
3370
3330
3F30
3330
3330
3336
331C
ENDCHAR
STARTCHAR 1F9D
ENCODING 8093
SWIDTH 1000 0
DWIDTH 16 0
BBX 15 12 0 0
BITMAP
CC00
D800
8000
7300
3300
3370
3330
3F30
3330
3330
3336
331C
ENDCHAR
STARTCHAR 1F9E
ENCODING 8094
SWIDTH 1000 0
DWIDTH 16 0
BBX 15 12 0 0
BITMAP
CE00
DB00
4000
B300
3300
3370
3330
3F30
3330
3330
3336
331C
ENDCHAR
STARTCHAR 1F9F
ENCODING 8095
SWIDTH 1000 0
DWIDTH 16 0
BBX 15 12 0 0
BITMAP
CE00
DB00
8000
7300
3300
3370
3330
3F30
3330
3330
3336
331C
ENDCHAR
STARTCHAR 1FA0
ENCODING 8096
SWIDTH 500 0
DWIDTH 8 0
BBX 7 15 1 -3
BITMAP
38
38
18
30
00
6C
C6
D6
D6
D6
D6
6C
00
30
38
ENDCHAR
STARTCHAR 1FA1
ENCODING 8097
SWIDTH 500 0
DWIDTH 8 0
BBX 7 15 1 -3
BITMAP
38
38
30
18
00
6C
C6
D6
D6
D6
D6
6C
00
30
38
ENDCHAR
STARTCHAR 1FA2
ENCODING 8098
SWIDTH 500 0
DWIDTH 8 0
BBX 7 15 1 -3
BITMAP
EC
EC
66
C2
00
6C
C6
D6
D6
D6
D6
6C
00
30
38
ENDCHAR
STARTCHAR 1FA3
ENCODING 8099
SWIDTH 500 0
DWIDTH 8 0
BBX 7 15 1 -3
BITMAP
EC
EC
C6
62
00
6C
C6
D6
D6
D6
D6
6C
00
30
38
ENDCHAR
STARTCHAR 1FA4
ENCODING 8100
SWIDTH 500 0
DWIDTH 8 0
BBX 7 15 1 -3
BITMAP
EC
EC
6C
CC
00
6C
C6
D6
D6
D6
D6
6C
00
30
38
ENDCHAR
STARTCHAR 1FA5
ENCODING 8101
SWIDTH 500 0
DWIDTH 8 0
BBX 7 15 1 -3
BITMAP
EC
EC
CC
6C
00
6C
C6
D6
D6
D6
D6
6C
00
30
38
ENDCHAR
STARTCHAR 1FA6
ENCODING 8102
SWIDTH 500 0
DWIDTH 8 0
BBX 7 15 1 -3
BITMAP
3C
66
18
30
00
6C
C6
D6
D6
D6
D6
6C
00
30
38
ENDCHAR
STARTCHAR 1FA7
ENCODING 8103
SWIDTH 500 0
DWIDTH 8 0
BBX 7 15 1 -3
BITMAP
78
CC
30
18
00
6C
C6
D6
D6
D6
D6
6C
00
30
38
ENDCHAR
STARTCHAR 1FA8
ENCODING 8104
SWIDTH 1000 0
DWIDTH 16 0
BBX 15 12 0 0
BITMAP
C000
C000
4000
9E00
3300
3370
3330
3330
3330
3330
1E36
3F1C
ENDCHAR
STARTCHAR 1FA9
ENCODING 8105
SWIDTH 1000 0
DWIDTH 16 0
BBX 15 12 0 0
BITMAP
C000
C000
8000
5E00
3300
3370
3330
3330
3330
3330
1E36
3F1C
ENDCHAR
STARTCHAR 1FAA
ENCODING 8106
SWIDTH 1000 0
DWIDTH 16 0
BBX 15 12 0 0
BITMAP
D800
CC00
4000
9E00
3300
3370
3330
3330
3330
3330
1E36
3F1C
ENDCHAR
STARTCHAR 1FAB
ENCODING 8107
SWIDTH 1000 0
DWIDTH 16 0
BBX 15 12 0 0
BITMAP
D800
CC00
8000
5E00
3300
3370
3330
3330
3330
3330
1E36
3F1C
ENDCHAR
STARTCHAR 1FAC
ENCODING 8108
SWIDTH 1000 0
DWIDTH 16 0
BBX 15 12 0 0
BITMAP
CC00
D800
4000
9E00
3300
3370
3330
3330
3330
3330
1E36
3F1C
ENDCHAR
STARTCHAR 1FAD
ENCODING 8109
SWIDTH 1000 0
DWIDTH 16 0
BBX 15 12 0 0
BITMAP
CC00
D800
8000
5E00
3300
3370
3330
3330
3330
3330
1E36
3F1C
ENDCHAR
STARTCHAR 1FAE
ENCODING 8110
SWIDTH 1000 0
DWIDTH 16 0
BBX 15 12 0 0
BITMAP
CE00
DB00
4000
9E00
3300
3370
3330
3330
3330
3330
1E36
3F1C
ENDCHAR
STARTCHAR 1FAF
ENCODING 8111
SWIDTH 1000 0
DWIDTH 16 0
BBX 15 12 0 0
BITMAP
CE00
DB00
8000
5E00
3300
3370
3330
3330
3330
3330
1E36
3F1C
ENDCHAR
STARTCHAR 1FB0
ENCODING 8112
SWIDTH 500 0
DWIDTH 8 0
BBX 7 10 1 0
BITMAP
CC
78
00
76
CC
CC
CC
CC
CC
76
ENDCHAR
STARTCHAR 1FB1
ENCODING 8113
SWIDTH 500 0
DWIDTH 8 0
BBX 7 9 1 0
BITMAP
FC
00
76
CC
CC
CC
CC
CC
76
ENDCHAR
STARTCHAR 1FB2
ENCODING 8114
SWIDTH 500 0
DWIDTH 8 0
BBX 7 15 1 -3
BITMAP
30
30
18
08
00
76
CC
CC
CC
CC
CC
76
00
30
38
ENDCHAR
STARTCHAR 1FB3
ENCODING 8115
SWIDTH 500 0
DWIDTH 8 0
BBX 7 10 1 -3
BITMAP
76
CC
CC
CC
CC
CC
76
00
30
38
ENDCHAR
STARTCHAR 1FB4
ENCODING 8116
SWIDTH 500 0
DWIDTH 8 0
BBX 7 15 1 -3
BITMAP
30
30
30
30
00
76
CC
CC
CC
CC
CC
76
00
30
38
ENDCHAR
STARTCHAR 1FB6
ENCODING 8118
SWIDTH 500 0
DWIDTH 8 0
BBX 7 10 1 0
BITMAP
78
CC
00
76
CC
CC
CC
CC
CC
76
ENDCHAR
STARTCHAR 1FB7
ENCODING 8119
SWIDTH 500 0
DWIDTH 8 0
BBX 7 13 1 -3
BITMAP
78
CC
00
76
CC
CC
CC
CC
CC
76
00
30
38
ENDCHAR
STARTCHAR 1FB8
ENCODING 8120
SWIDTH 500 0
DWIDTH 8 0
BBX 6 12 1 0
BITMAP
CC
78
00
30
78
CC
CC
CC
FC
CC
CC
CC
ENDCHAR
STARTCHAR 1FB9
ENCODING 8121
SWIDTH 500 0
DWIDTH 8 0
BBX 6 11 1 0
BITMAP
FC
00
30
78
CC
CC
CC
FC
CC
CC
CC
ENDCHAR
STARTCHAR 1FBA
ENCODING 8122
SWIDTH 500 0
DWIDTH 8 0
BBX 7 12 0 0
BITMAP
C0
C0
60
18
3C
66
66
66
7E
66
66
66
ENDCHAR
STARTCHAR 1FBB
ENCODING 8123
SWIDTH 500 0
DWIDTH 8 0
BBX 7 12 0 0
BITMAP
C0
C0
C0
18
3C
66
66
66
7E
66
66
66
ENDCHAR
STARTCHAR 1FBC
ENCODING 8124
SWIDTH 1000 0
DWIDTH 16 0
BBX 14 9 1 0
BITMAP
3000
7800
CCE0
CC60
CC60
FC60
CC60
CC6C
CC38
ENDCHAR
STARTCHAR 1FBD
ENCODING 8125
SWIDTH 500 0
DWIDTH 8 0
BBX 3 4 3 8
BITMAP
E0
E0
60
C0
ENDCHAR
STARTCHAR 1FBE
ENCODING 8126
SWIDTH 500 0
DWIDTH 8 0
BBX 6 7 1 0
BITMAP
E0
60
60
60
60
6C
38
ENDCHAR
STARTCHAR 1FBF
ENCODING 8127
SWIDTH 500 0
DWIDTH 8 0
BBX 3 4 3 8
BITMAP
E0
E0
60
C0
ENDCHAR
STARTCHAR 1FC0
ENCODING 8128
SWIDTH 500 0
DWIDTH 8 0
BBX 6 2 1 8
BITMAP
78
CC
ENDCHAR
STARTCHAR 1FC1
ENCODING 8129
SWIDTH 500 0
DWIDTH 8 0
BBX 8 4 0 8
BITMAP
7E
C3
66
66
ENDCHAR
STARTCHAR 1FC2
ENCODING 8130
SWIDTH 500 0
DWIDTH 8 0
BBX 6 15 1 -3
BITMAP
60
60
30
10
00
F8
CC
CC
CC
CC
CC
CC
0C
CC
EC
ENDCHAR
STARTCHAR 1FC3
ENCODING 8131
SWIDTH 500 0
DWIDTH 8 0
BBX 6 10 1 -3
BITMAP
F8
CC
CC
CC
CC
CC
CC
0C
CC
EC
ENDCHAR
STARTCHAR 1FC4
ENCODING 8132
SWIDTH 500 0
DWIDTH 8 0
BBX 6 15 1 -3
BITMAP
30
30
30
30
00
F8
CC
CC
CC
CC
CC
CC
0C
CC
EC
ENDCHAR
STARTCHAR 1FC6
ENCODING 8134
SWIDTH 500 0
DWIDTH 8 0
BBX 6 13 1 -3
BITMAP
78
CC
00
F8
CC
CC
CC
CC
CC
CC
0C
0C
0C
ENDCHAR
STARTCHAR 1FC7
ENCODING 8135
SWIDTH 500 0
DWIDTH 8 0
BBX 6 13 1 -3
BITMAP
78
CC
00
F8
CC
CC
CC
CC
CC
CC
0C
CC
EC
ENDCHAR
STARTCHAR 1FC8
ENCODING 8136
SWIDTH 500 0
DWIDTH 8 0
BBX 8 12 0 0
BITMAP
C0
C0
60
3F
30
30
30
3E
30
30
30
3F
ENDCHAR
STARTCHAR 1FC9
ENCODING 8137
SWIDTH 500 0
DWIDTH 8 0
BBX 8 12 0 0
BITMAP
C0
C0
C0
3F
30
30
30
3E
30
30
30
3F
ENDCHAR
STARTCHAR 1FCA
ENCODING 8138
SWIDTH 500 0
DWIDTH 8 0
BBX 8 12 0 0
BITMAP
C0
C0
60
33
33
33
33
3F
33
33
33
33
ENDCHAR
STARTCHAR 1FCB
ENCODING 8139
SWIDTH 500 0
DWIDTH 8 0
BBX 8 12 0 0
BITMAP
C0
C0
C0
33
33
33
33
3F
33
33
33
33
ENDCHAR
STARTCHAR 1FCC
ENCODING 8140
SWIDTH 1000 0
DWIDTH 16 0
BBX 14 9 1 0
BITMAP
CC00
CC00
CCE0
CC60
FC60
CC60
CC60
CC6C
CC38
ENDCHAR
STARTCHAR 1FCD
ENCODING 8141
SWIDTH 500 0
DWIDTH 8 0
BBX 7 4 1 8
BITMAP
EC
EC
66
C2
ENDCHAR
STARTCHAR 1FCE
ENCODING 8142
SWIDTH 500 0
DWIDTH 8 0
BBX 6 4 1 8
BITMAP
EC
EC
6C
CC
ENDCHAR
STARTCHAR 1FCF
ENCODING 8143
SWIDTH 500 0
DWIDTH 8 0
BBX 6 4 1 8
BITMAP
78
CC
30
60
ENDCHAR
STARTCHAR 1FD0
ENCODING 8144
SWIDTH 500 0
DWIDTH 8 0
BBX 7 10 1 0
BITMAP
CC
78
00
70
30
30
30
30
36
1C
ENDCHAR
STARTCHAR 1FD1
ENCODING 8145
SWIDTH 500 0
DWIDTH 8 0
BBX 7 9 1 0
BITMAP
FC
00
70
30
30
30
30
36
1C
ENDCHAR
STARTCHAR 1FD2
ENCODING 8146
SWIDTH 500 0
DWIDTH 8 0
BBX 8 12 0 0
BITMAP
30
30
DB
CB
00
38
18
18
18
18
1B
0E
ENDCHAR
STARTCHAR 1FD3
ENCODING 8147
SWIDTH 500 0
DWIDTH 8 0
BBX 8 12 0 0
BITMAP
18
18
DB
DB
00
38
18
18
18
18
1B
0E
ENDCHAR
STARTCHAR 1FD6
ENCODING 8150
SWIDTH 500 0
DWIDTH 8 0
BBX 7 10 1 0
BITMAP
78
CC
00
70
30
30
30
30
36
1C
ENDCHAR
STARTCHAR 1FD7
ENCODING 8151
SWIDTH 500 0
DWIDTH 8 0
BBX 8 12 0 0
BITMAP
7E
C3
66
66
00
38
18
18
18
18
1B
0E
ENDCHAR
STARTCHAR 1FD8
ENCODING 8152
SWIDTH 500 0
DWIDTH 8 0
BBX 6 12 1 0
BITMAP
CC
78
00
78
30
30
30
30
30
30
30
78
ENDCHAR
STARTCHAR 1FD9
ENCODING 8153
SWIDTH 500 0
DWIDTH 8 0
BBX 6 11 1 0
BITMAP
FC
00
78
30
30
30
30
30
30
30
78
ENDCHAR
STARTCHAR 1FDA
ENCODING 8154
SWIDTH 500 0
DWIDTH 8 0
BBX 7 12 0 0
BITMAP
C0
C0
60
1E
0C
0C
0C
0C
0C
0C
0C
1E
ENDCHAR
STARTCHAR 1FDB
ENCODING 8155
SWIDTH 500 0
DWIDTH 8 0
BBX 7 12 0 0
BITMAP
C0
C0
C0
DE
0C
0C
0C
0C
0C
0C
0C
1E
ENDCHAR
STARTCHAR 1FDD
ENCODING 8157
SWIDTH 500 0
DWIDTH 8 0
BBX 7 4 1 8
BITMAP
EC
EC
C6
62
ENDCHAR
STARTCHAR 1FDE
ENCODING 8158
SWIDTH 500 0
DWIDTH 8 0
BBX 6 4 1 8
BITMAP
EC
EC
CC
6C
ENDCHAR
STARTCHAR 1FDF
ENCODING 8159
SWIDTH 500 0
DWIDTH 8 0
BBX 6 4 1 8
BITMAP
78
CC
60
30
ENDCHAR
STARTCHAR 1FE0
ENCODING 8160
SWIDTH 500 0
DWIDTH 8 0
BBX 6 10 1 0
BITMAP
CC
78
00
D8
CC
CC
CC
CC
CC
78
ENDCHAR
STARTCHAR 1FE1
ENCODING 8161
SWIDTH 500 0
DWIDTH 8 0
BBX 6 9 1 0
BITMAP
FC
00
D8
CC
CC
CC
CC
CC
78
ENDCHAR
STARTCHAR 1FE2
ENCODING 8162
SWIDTH 500 0
DWIDTH 8 0
BBX 8 12 0 0
BITMAP
30
30
DB
CB
00
6C
66
66
66
66
66
3C
ENDCHAR
STARTCHAR 1FE3
ENCODING 8163
SWIDTH 500 0
DWIDTH 8 0
BBX 8 12 0 0
BITMAP
18
18
DB
DB
00
6C
66
66
66
66
66
3C
ENDCHAR
STARTCHAR 1FE4
ENCODING 8164
SWIDTH 500 0
DWIDTH 8 0
BBX 6 15 1 -3
BITMAP
38
38
18
30
00
78
CC
CC
CC
CC
CC
F8
C0
C0
C0
ENDCHAR
STARTCHAR 1FE5
ENCODING 8165
SWIDTH 500 0
DWIDTH 8 0
BBX 6 15 1 -3
BITMAP
70
70
60
30
00
78
CC
CC
CC
CC
CC
F8
C0
C0
C0
ENDCHAR
STARTCHAR 1FE6
ENCODING 8166
SWIDTH 500 0
DWIDTH 8 0
BBX 6 10 1 0
BITMAP
78
CC
00
D8
CC
CC
CC
CC
CC
78
ENDCHAR
STARTCHAR 1FE7
ENCODING 8167
SWIDTH 500 0
DWIDTH 8 0
BBX 8 12 0 0
BITMAP
7E
C3
66
66
00
6C
66
66
66
66
66
3C
ENDCHAR
STARTCHAR 1FE8
ENCODING 8168
SWIDTH 500 0
DWIDTH 8 0
BBX 6 12 1 0
BITMAP
CC
78
00
CC
CC
CC
CC
78
30
30
30
30
ENDCHAR
STARTCHAR 1FE9
ENCODING 8169
SWIDTH 500 0
DWIDTH 8 0
BBX 6 11 1 0
BITMAP
FC
00
CC
CC
CC
CC
78
30
30
30
30
ENDCHAR
STARTCHAR 1FEA
ENCODING 8170
SWIDTH 500 0
DWIDTH 8 0
BBX 8 12 0 0
BITMAP
C0
C0
60
33
33
33
33
1E
0C
0C
0C
0C
ENDCHAR
STARTCHAR 1FEB
ENCODING 8171
SWIDTH 500 0
DWIDTH 8 0
BBX 8 12 0 0
BITMAP
C0
C0
C0
33
33
33
33
1E
0C
0C
0C
0C
ENDCHAR
STARTCHAR 1FEC
ENCODING 8172
SWIDTH 500 0
DWIDTH 8 0
BBX 8 12 0 0
BITMAP
C0
C0
80
7E
33
33
33
3E
30
30
30
30
ENDCHAR
STARTCHAR 1FED
ENCODING 8173
SWIDTH 500 0
DWIDTH 8 0
BBX 8 4 0 8
BITMAP
30
30
DB
CB
ENDCHAR
STARTCHAR 1FEE
ENCODING 8174
SWIDTH 500 0
DWIDTH 8 0
BBX 8 4 0 8
BITMAP
18
18
DB
DB
ENDCHAR
STARTCHAR 1FEF
ENCODING 8175
SWIDTH 500 0
DWIDTH 8 0
BBX 3 4 3 8
BITMAP
C0
C0
60
20
ENDCHAR
STARTCHAR 1FF2
ENCODING 8178
SWIDTH 500 0
DWIDTH 8 0
BBX 7 15 1 -3
BITMAP
30
30
18
08
00
6C
C6
D6
D6
D6
D6
6C
00
30
38
ENDCHAR
STARTCHAR 1FF3
ENCODING 8179
SWIDTH 500 0
DWIDTH 8 0
BBX 7 10 1 -3
BITMAP
6C
C6
D6
D6
D6
D6
6C
00
30
38
ENDCHAR
STARTCHAR 1FF4
ENCODING 8180
SWIDTH 500 0
DWIDTH 8 0
BBX 7 15 1 -3
BITMAP
18
18
18
18
00
6C
C6
D6
D6
D6
D6
6C
00
30
38
ENDCHAR
STARTCHAR 1FF6
ENCODING 8182
SWIDTH 500 0
DWIDTH 8 0
BBX 7 10 1 0
BITMAP
78
CC
00
6C
C6
D6
D6
D6
D6
6C
ENDCHAR
STARTCHAR 1FF7
ENCODING 8183
SWIDTH 500 0
DWIDTH 8 0
BBX 7 13 1 -3
BITMAP
78
CC
00
6C
C6
D6
D6
D6
D6
6C
00
30
38
ENDCHAR
STARTCHAR 1FF8
ENCODING 8184
SWIDTH 500 0
DWIDTH 8 0
BBX 8 12 0 0
BITMAP
C0
C0
60
1E
33
33
33
33
33
33
33
1E
ENDCHAR
STARTCHAR 1FF9
ENCODING 8185
SWIDTH 500 0
DWIDTH 8 0
BBX 8 12 0 0
BITMAP
C0
C0
C0
1E
33
33
33
33
33
33
33
1E
ENDCHAR
STARTCHAR 1FFA
ENCODING 8186
SWIDTH 500 0
DWIDTH 8 0
BBX 8 12 0 0
BITMAP
C0
C0
60
1E
33
33
33
33
33
33
1E
3F
ENDCHAR
STARTCHAR 1FFB
ENCODING 8187
SWIDTH 500 0
DWIDTH 8 0
BBX 8 12 0 0
BITMAP
C0
C0
C0
1E
33
33
33
33
33
33
1E
3F
ENDCHAR
STARTCHAR 1FFC
ENCODING 8188
SWIDTH 1000 0
DWIDTH 16 0
BBX 14 9 1 0
BITMAP
7C00
C600
C6E0
C660
C660
C660
C660
6C6C
EE38
ENDCHAR
STARTCHAR 1FFD
ENCODING 8189
SWIDTH 500 0
DWIDTH 8 0
BBX 2 4 3 8
BITMAP
C0
C0
C0
C0
ENDCHAR
STARTCHAR 1FFE
ENCODING 8190
SWIDTH 500 0
DWIDTH 8 0
BBX 3 4 2 8
BITMAP
E0
E0
C0
60
ENDCHAR
STARTCHAR 2000
ENCODING 8192
SWIDTH 250 0
DWIDTH 4 0
BBX 0 0 0 0
BITMAP
ENDCHAR
STARTCHAR 2001
ENCODING 8193
SWIDTH 500 0
DWIDTH 8 0
BBX 0 0 0 0
BITMAP
ENDCHAR
STARTCHAR 2002
ENCODING 8194
SWIDTH 250 0
DWIDTH 4 0
BBX 0 0 0 0
BITMAP
ENDCHAR
STARTCHAR 2003
ENCODING 8195
SWIDTH 500 0
DWIDTH 8 0
BBX 0 0 0 0
BITMAP
ENDCHAR
STARTCHAR 2004
ENCODING 8196
SWIDTH 187 0
DWIDTH 3 0
BBX 0 0 0 0
BITMAP
ENDCHAR
STARTCHAR 2005
ENCODING 8197
SWIDTH 125 0
DWIDTH 2 0
BBX 0 0 0 0
BITMAP
ENDCHAR
STARTCHAR 2006
ENCODING 8198
SWIDTH 62 0
DWIDTH 1 0
BBX 0 0 0 0
BITMAP
ENDCHAR
STARTCHAR 2007
ENCODING 8199
SWIDTH 500 0
DWIDTH 8 0
BBX 0 0 0 0
BITMAP
ENDCHAR
STARTCHAR 2008
ENCODING 8200
SWIDTH 500 0
DWIDTH 8 0
BBX 0 0 0 0
BITMAP
ENDCHAR
STARTCHAR 2009
ENCODING 8201
SWIDTH 125 0
DWIDTH 2 0
BBX 0 0 0 0
BITMAP
ENDCHAR
STARTCHAR 200A
ENCODING 8202
SWIDTH 62 0
DWIDTH 1 0
BBX 0 0 0 0
BITMAP
ENDCHAR
STARTCHAR 200B
ENCODING 8203
SWIDTH 0 0
DWIDTH 0 0
BBX 0 0 0 0
BITMAP
ENDCHAR
STARTCHAR 200C
ENCODING 8204
SWIDTH 0 0
DWIDTH 0 0
BBX 2 11 -1 -2
BITMAP
C0
C0
C0
C0
C0
C0
C0
C0
C0
C0
C0
ENDCHAR
STARTCHAR 200D
ENCODING 8205
SWIDTH 0 0
DWIDTH 0 0
BBX 6 12 -3 -2
BITMAP
84
48
30
78
B4
30
30
30
30
30
30
30
ENDCHAR
STARTCHAR 200E
ENCODING 8206
SWIDTH 0 0
DWIDTH 0 0
BBX 6 13 -1 -2
BITMAP
10
08
FC
C8
D0
C0
C0
C0
C0
C0
C0
C0
C0
ENDCHAR
STARTCHAR 200F
ENCODING 8207
SWIDTH 0 0
DWIDTH 0 0
BBX 6 13 -5 -2
BITMAP
20
40
FC
4C
2C
0C
0C
0C
0C
0C
0C
0C
0C
ENDCHAR
STARTCHAR 2010
ENCODING 8208
SWIDTH 500 0
DWIDTH 8 0
BBX 6 1 1 4
BITMAP
FC
ENDCHAR
STARTCHAR 2011
ENCODING 8209
SWIDTH 500 0
DWIDTH 8 0
BBX 6 1 1 4
BITMAP
FC
ENDCHAR
STARTCHAR 2012
ENCODING 8210
SWIDTH 500 0
DWIDTH 8 0
BBX 6 1 1 3
BITMAP
FC
ENDCHAR
STARTCHAR 2013
ENCODING 8211
SWIDTH 500 0
DWIDTH 8 0
BBX 4 1 2 4
BITMAP
F0
ENDCHAR
STARTCHAR 2014
ENCODING 8212
SWIDTH 500 0
DWIDTH 8 0
BBX 8 1 0 4
BITMAP
FF
ENDCHAR
STARTCHAR 2015
ENCODING 8213
SWIDTH 500 0
DWIDTH 8 0
BBX 7 1 1 4
BITMAP
FE
ENDCHAR
STARTCHAR 2016
ENCODING 8214
SWIDTH 500 0
DWIDTH 8 0
BBX 4 15 2 -3
BITMAP
90
90
90
90
90
90
90
90
90
90
90
90
90
90
90
ENDCHAR
STARTCHAR 2017
ENCODING 8215
SWIDTH 500 0
DWIDTH 8 0
BBX 8 3 0 -3
BITMAP
FF
00
FF
ENDCHAR
STARTCHAR 2018
ENCODING 8216
SWIDTH 500 0
DWIDTH 8 0
BBX 3 4 3 5
BITMAP
60
C0
E0
E0
ENDCHAR
STARTCHAR 2019
ENCODING 8217
SWIDTH 500 0
DWIDTH 8 0
BBX 3 4 3 5
BITMAP
E0
E0
60
C0
ENDCHAR
STARTCHAR 201A
ENCODING 8218
SWIDTH 500 0
DWIDTH 8 0
BBX 3 4 3 -2
BITMAP
E0
E0
60
C0
ENDCHAR
STARTCHAR 201B
ENCODING 8219
SWIDTH 500 0
DWIDTH 8 0
BBX 3 4 3 5
BITMAP
E0
E0
C0
60
ENDCHAR
STARTCHAR 201C
ENCODING 8220
SWIDTH 500 0
DWIDTH 8 0
BBX 7 4 0 5
BITMAP
66
CC
EE
EE
ENDCHAR
STARTCHAR 201D
ENCODING 8221
SWIDTH 500 0
DWIDTH 8 0
BBX 7 4 1 5
BITMAP
EE
EE
66
CC
ENDCHAR
STARTCHAR 201E
ENCODING 8222
SWIDTH 500 0
DWIDTH 8 0
BBX 7 4 1 -2
BITMAP
EE
EE
66
CC
ENDCHAR
STARTCHAR 201F
ENCODING 8223
SWIDTH 500 0
DWIDTH 8 0
BBX 7 4 0 5
BITMAP
EE
EE
CC
66
ENDCHAR
STARTCHAR 2020
ENCODING 8224
SWIDTH 500 0
DWIDTH 8 0
BBX 6 11 1 -2
BITMAP
30
30
30
FC
30
30
30
30
30
30
30
ENDCHAR
STARTCHAR 2021
ENCODING 8225
SWIDTH 500 0
DWIDTH 8 0
BBX 6 11 1 -2
BITMAP
30
30
30
FC
30
30
30
FC
30
30
30
ENDCHAR
STARTCHAR 2022
ENCODING 8226
SWIDTH 500 0
DWIDTH 8 0
BBX 4 4 2 2
BITMAP
60
F0
F0
60
ENDCHAR
STARTCHAR 2023
ENCODING 8227
SWIDTH 500 0
DWIDTH 8 0
BBX 4 7 2 1
BITMAP
80
C0
E0
F0
E0
C0
80
ENDCHAR
STARTCHAR 2024
ENCODING 8228
SWIDTH 500 0
DWIDTH 8 0
BBX 2 2 3 0
BITMAP
C0
C0
ENDCHAR
STARTCHAR 2025
ENCODING 8229
SWIDTH 500 0
DWIDTH 8 0
BBX 5 2 2 0
BITMAP
D8
D8
ENDCHAR
STARTCHAR 2026
ENCODING 8230
SWIDTH 500 0
DWIDTH 8 0
BBX 8 2 0 0
BITMAP
DB
DB
ENDCHAR
STARTCHAR 2027
ENCODING 8231
SWIDTH 500 0
DWIDTH 8 0
BBX 2 2 3 3
BITMAP
C0
C0
ENDCHAR
STARTCHAR 2030
ENCODING 8240
SWIDTH 1000 0
DWIDTH 16 0
BBX 13 11 2 -1
BITMAP
7000
D800
DA00
7600
0C00
1800
3000
6E70
5BD8
1BD8
0E70
ENDCHAR
STARTCHAR 2031
ENCODING 8241
SWIDTH 1000 0
DWIDTH 16 0
BBX 16 11 0 -1
BITMAP
7000
D800
DA00
7600
0C00
1800
3000
6EEE
5BBB
1BBB
0EEE
ENDCHAR
STARTCHAR 2032
ENCODING 8242
SWIDTH 500 0
DWIDTH 8 0
BBX 2 5 3 6
BITMAP
C0
C0
C0
80
80
ENDCHAR
STARTCHAR 2033
ENCODING 8243
SWIDTH 500 0
DWIDTH 8 0
BBX 5 5 2 6
BITMAP
D8
D8
D8
90
90
ENDCHAR
STARTCHAR 2034
ENCODING 8244
SWIDTH 500 0
DWIDTH 8 0
BBX 8 5 0 6
BITMAP
DB
DB
DB
92
92
ENDCHAR
STARTCHAR 2035
ENCODING 8245
SWIDTH 500 0
DWIDTH 8 0
BBX 2 5 3 6
BITMAP
C0
C0
C0
40
40
ENDCHAR
STARTCHAR 2036
ENCODING 8246
SWIDTH 500 0
DWIDTH 8 0
BBX 5 5 2 6
BITMAP
D8
D8
D8
48
48
ENDCHAR
STARTCHAR 2037
ENCODING 8247
SWIDTH 500 0
DWIDTH 8 0
BBX 8 5 0 6
BITMAP
DB
DB
DB
49
49
ENDCHAR
STARTCHAR 2038
ENCODING 8248
SWIDTH 500 0
DWIDTH 8 0
BBX 5 3 2 0
BITMAP
20
70
D8
ENDCHAR
STARTCHAR 2039
ENCODING 8249
SWIDTH 500 0
DWIDTH 8 0
BBX 4 5 2 0
BITMAP
30
60
C0
60
30
ENDCHAR
STARTCHAR 203A
ENCODING 8250
SWIDTH 500 0
DWIDTH 8 0
BBX 4 5 2 0
BITMAP
C0
60
30
60
C0
ENDCHAR
STARTCHAR 203B
ENCODING 8251
SWIDTH 500 0
DWIDTH 8 0
BBX 7 7 1 0
BITMAP
10
44
28
92
28
44
10
ENDCHAR
STARTCHAR 203C
ENCODING 8252
SWIDTH 500 0
DWIDTH 8 0
BBX 7 9 1 0
BITMAP
44
EE
EE
EE
6C
44
00
6C
6C
ENDCHAR
STARTCHAR 203D
ENCODING 8253
SWIDTH 500 0
DWIDTH 8 0
BBX 7 11 1 0
BITMAP
7C
C6
B6
36
3C
38
10
10
00
30
30
ENDCHAR
STARTCHAR 203E
ENCODING 8254
SWIDTH 500 0
DWIDTH 8 0
BBX 8 1 0 12
BITMAP
FF
ENDCHAR
STARTCHAR 203F
ENCODING 8255
SWIDTH 500 0
DWIDTH 8 0
BBX 8 2 0 -2
BITMAP
C3
7E
ENDCHAR
STARTCHAR 2040
ENCODING 8256
SWIDTH 500 0
DWIDTH 8 0
BBX 8 2 0 10
BITMAP
7E
C3
ENDCHAR
STARTCHAR 2041
ENCODING 8257
SWIDTH 500 0
DWIDTH 8 0
BBX 5 5 2 0
BITMAP
18
30
70
D8
D8
ENDCHAR
STARTCHAR 2042
ENCODING 8258
SWIDTH 500 0
DWIDTH 8 0
BBX 7 11 1 0
BITMAP
28
10
7C
10
28
00
AA
44
FE
44
AA
ENDCHAR
STARTCHAR 2043
ENCODING 8259
SWIDTH 500 0
DWIDTH 8 0
BBX 4 2 2 3
BITMAP
F0
F0
ENDCHAR
STARTCHAR 2044
ENCODING 8260
SWIDTH 500 0
DWIDTH 8 0
BBX 8 7 0 1
BITMAP
03
06
0C
18
30
60
C0
ENDCHAR
STARTCHAR 2045
ENCODING 8261
SWIDTH 500 0
DWIDTH 8 0
BBX 5 12 1 -3
BITMAP
78
60
60
60
60
F0
60
60
60
60
60
78
ENDCHAR
STARTCHAR 2046
ENCODING 8262
SWIDTH 500 0
DWIDTH 8 0
BBX 5 12 2 -3
BITMAP
F0
30
30
30
30
78
30
30
30
30
30
F0
ENDCHAR
STARTCHAR 2047
ENCODING 8263
SWIDTH 500 0
DWIDTH 8 0
BBX 8 9 0 0
BITMAP
7E
9B
1B
36
6C
6C
00
6C
6C
ENDCHAR
STARTCHAR 2048
ENCODING 8264
SWIDTH 500 0
DWIDTH 8 0
BBX 8 9 0 0
BITMAP
73
9B
1B
33
63
63
00
63
63
ENDCHAR
STARTCHAR 2049
ENCODING 8265
SWIDTH 500 0
DWIDTH 8 0
BBX 8 9 0 0
BITMAP
CE
D3
C3
C6
CC
CC
00
CC
CC
ENDCHAR
STARTCHAR 204A
ENCODING 8266
SWIDTH 500 0
DWIDTH 8 0
BBX 6 7 1 0
BITMAP
C0
FC
0C
0C
18
18
18
ENDCHAR
STARTCHAR 204B
ENCODING 8267
SWIDTH 500 0
DWIDTH 8 0
BBX 7 12 0 -3
BITMAP
F8
7C
7E
7E
7E
7C
78
60
60
60
60
60
ENDCHAR
STARTCHAR 204C
ENCODING 8268
SWIDTH 500 0
DWIDTH 8 0
BBX 6 6 1 2
BITMAP
7C
F4
F4
F4
F4
7C
ENDCHAR
STARTCHAR 204D
ENCODING 8269
SWIDTH 500 0
DWIDTH 8 0
BBX 6 6 1 2
BITMAP
F8
BC
BC
BC
BC
F8
ENDCHAR
STARTCHAR 204E
ENCODING 8270
SWIDTH 500 0
DWIDTH 8 0
BBX 7 5 1 -2
BITMAP
6C
38
FE
38
6C
ENDCHAR
STARTCHAR 204F
ENCODING 8271
SWIDTH 500 0
DWIDTH 8 0
BBX 3 9 3 -2
BITMAP
E0
E0
00
00
00
E0
E0
C0
60
ENDCHAR
STARTCHAR 2050
ENCODING 8272
SWIDTH 500 0
DWIDTH 8 0
BBX 6 11 1 -1
BITMAP
78
CC
00
00
00
00
00
00
00
CC
78
ENDCHAR
STARTCHAR 2051
ENCODING 8273
SWIDTH 500 0
DWIDTH 8 0
BBX 7 11 1 0
BITMAP
6C
38
FE
38
6C
00
6C
38
FE
38
6C
ENDCHAR
STARTCHAR 2052
ENCODING 8274
SWIDTH 500 0
DWIDTH 8 0
BBX 8 10 0 -1
BITMAP
E6
E6
0C
0C
18
18
30
30
67
67
ENDCHAR
STARTCHAR 2053
ENCODING 8275
SWIDTH 500 0
DWIDTH 8 0
BBX 8 3 0 2
BITMAP
71
DB
8E
ENDCHAR
STARTCHAR 2054
ENCODING 8276
SWIDTH 500 0
DWIDTH 8 0
BBX 8 2 0 -2
BITMAP
7E
C3
ENDCHAR
STARTCHAR 2057
ENCODING 8279
SWIDTH 500 0
DWIDTH 8 0
BBX 7 5 1 6
BITMAP
AA
AA
AA
AA
AA
ENDCHAR
STARTCHAR 2070
ENCODING 8304
SWIDTH 500 0
DWIDTH 8 0
BBX 5 5 2 4
BITMAP
70
D8
F8
D8
70
ENDCHAR
STARTCHAR 2074
ENCODING 8308
SWIDTH 500 0
DWIDTH 8 0
BBX 5 5 1 4
BITMAP
38
78
D8
F8
18
ENDCHAR
STARTCHAR 2075
ENCODING 8309
SWIDTH 500 0
DWIDTH 8 0
BBX 4 5 2 4
BITMAP
F0
C0
F0
30
E0
ENDCHAR
STARTCHAR 2076
ENCODING 8310
SWIDTH 500 0
DWIDTH 8 0
BBX 5 5 1 4
BITMAP
70
C0
F0
D8
70
ENDCHAR
STARTCHAR 2077
ENCODING 8311
SWIDTH 500 0
DWIDTH 8 0
BBX 4 5 2 4
BITMAP
F0
30
60
60
60
ENDCHAR
STARTCHAR 2078
ENCODING 8312
SWIDTH 500 0
DWIDTH 8 0
BBX 5 5 1 4
BITMAP
70
D8
70
D8
70
ENDCHAR
STARTCHAR 2079
ENCODING 8313
SWIDTH 500 0
DWIDTH 8 0
BBX 5 5 1 4
BITMAP
70
D8
78
18
70
ENDCHAR
STARTCHAR 207A
ENCODING 8314
SWIDTH 500 0
DWIDTH 8 0
BBX 6 5 1 4
BITMAP
30
30
FC
30
30
ENDCHAR
STARTCHAR 207B
ENCODING 8315
SWIDTH 500 0
DWIDTH 8 0
BBX 6 1 1 6
BITMAP
FC
ENDCHAR
STARTCHAR 207C
ENCODING 8316
SWIDTH 500 0
DWIDTH 8 0
BBX 6 3 1 5
BITMAP
FC
00
FC
ENDCHAR
STARTCHAR 207D
ENCODING 8317
SWIDTH 500 0
DWIDTH 8 0
BBX 3 7 3 3
BITMAP
60
C0
C0
C0
C0
C0
60
ENDCHAR
STARTCHAR 207E
ENCODING 8318
SWIDTH 500 0
DWIDTH 8 0
BBX 3 7 2 3
BITMAP
C0
60
60
60
60
60
C0
ENDCHAR
STARTCHAR 207F
ENCODING 8319
SWIDTH 500 0
DWIDTH 8 0
BBX 5 5 2 4
BITMAP
F0
D8
D8
D8
D8
ENDCHAR
STARTCHAR 2080
ENCODING 8320
SWIDTH 500 0
DWIDTH 8 0
BBX 5 5 2 -2
BITMAP
70
D8
F8
D8
70
ENDCHAR
STARTCHAR 2081
ENCODING 8321
SWIDTH 500 0
DWIDTH 8 0
BBX 3 5 2 -2
BITMAP
60
E0
60
60
60
ENDCHAR
STARTCHAR 2082
ENCODING 8322
SWIDTH 500 0
DWIDTH 8 0
BBX 4 5 2 -2
BITMAP
E0
30
60
C0
F0
ENDCHAR
STARTCHAR 2083
ENCODING 8323
SWIDTH 500 0
DWIDTH 8 0
BBX 4 5 2 -2
BITMAP
E0
30
60
30
E0
ENDCHAR
STARTCHAR 2084
ENCODING 8324
SWIDTH 500 0
DWIDTH 8 0
BBX 5 5 1 -2
BITMAP
38
78
D8
F8
18
ENDCHAR
STARTCHAR 2085
ENCODING 8325
SWIDTH 500 0
DWIDTH 8 0
BBX 4 5 2 -2
BITMAP
F0
C0
F0
30
E0
ENDCHAR
STARTCHAR 2086
ENCODING 8326
SWIDTH 500 0
DWIDTH 8 0
BBX 5 5 1 -2
BITMAP
70
C0
F0
D8
70
ENDCHAR
STARTCHAR 2087
ENCODING 8327
SWIDTH 500 0
DWIDTH 8 0
BBX 4 5 2 -2
BITMAP
F0
30
60
60
60
ENDCHAR
STARTCHAR 2088
ENCODING 8328
SWIDTH 500 0
DWIDTH 8 0
BBX 5 5 1 -2
BITMAP
70
D8
70
D8
70
ENDCHAR
STARTCHAR 2089
ENCODING 8329
SWIDTH 500 0
DWIDTH 8 0
BBX 5 5 1 -2
BITMAP
70
D8
78
18
70
ENDCHAR
STARTCHAR 208A
ENCODING 8330
SWIDTH 500 0
DWIDTH 8 0
BBX 6 5 1 -2
BITMAP
30
30
FC
30
30
ENDCHAR
STARTCHAR 208B
ENCODING 8331
SWIDTH 500 0
DWIDTH 8 0
BBX 6 1 1 0
BITMAP
FC
ENDCHAR
STARTCHAR 208C
ENCODING 8332
SWIDTH 500 0
DWIDTH 8 0
BBX 6 3 1 -1
BITMAP
FC
00
FC
ENDCHAR
STARTCHAR 208D
ENCODING 8333
SWIDTH 500 0
DWIDTH 8 0
BBX 3 7 3 -3
BITMAP
60
C0
C0
C0
C0
C0
60
ENDCHAR
STARTCHAR 208E
ENCODING 8334
SWIDTH 500 0
DWIDTH 8 0
BBX 3 7 2 -3
BITMAP
C0
60
60
60
60
60
C0
ENDCHAR
STARTCHAR 20A0
ENCODING 8352
SWIDTH 500 0
DWIDTH 8 0
BBX 7 9 1 0
BITMAP
70
C8
C0
DE
D8
DC
78
18
1E
ENDCHAR
STARTCHAR 20A1
ENCODING 8353
SWIDTH 500 0
DWIDTH 8 0
BBX 7 9 1 0
BITMAP
3C
6E
76
68
F0
60
E6
66
3C
ENDCHAR
STARTCHAR 20A2
ENCODING 8354
SWIDTH 500 0
DWIDTH 8 0
BBX 7 9 1 0
BITMAP
78
CC
C0
C0
DA
DC
D8
D8
7C
ENDCHAR
STARTCHAR 20A3
ENCODING 8355
SWIDTH 500 0
DWIDTH 8 0
BBX 7 9 1 0
BITMAP
7E
60
60
FC
60
FC
60
60
60
ENDCHAR
STARTCHAR 20A4
ENCODING 8356
SWIDTH 500 0
DWIDTH 8 0
BBX 7 9 0 0
BITMAP
3C
66
60
FC
60
FC
60
C0
FE
ENDCHAR
STARTCHAR 20A5
ENCODING 8357
SWIDTH 500 0
DWIDTH 8 0
BBX 8 7 0 0
BITMAP
7E
6B
6F
7B
EB
6B
63
ENDCHAR
STARTCHAR 20A6
ENCODING 8358
SWIDTH 500 0
DWIDTH 8 0
BBX 8 9 0 0
BITMAP
66
76
7E
6E
FF
66
FF
66
66
ENDCHAR
STARTCHAR 20A7
ENCODING 8359
SWIDTH 1000 0
DWIDTH 16 0
BBX 14 9 1 0
BITMAP
F300
DB00
DFDC
DB30
F330
C318
C30C
C30C
C1F8
ENDCHAR
STARTCHAR 20A8
ENCODING 8360
SWIDTH 500 0
DWIDTH 8 0
BBX 8 9 0 0
BITMAP
F0
D8
DB
DE
F6
F2
DB
DB
DE
ENDCHAR
STARTCHAR 20A9
ENCODING 8361
SWIDTH 500 0
DWIDTH 8 0
BBX 8 9 0 0
BITMAP
63
63
FF
6B
FF
6B
36
36
36
ENDCHAR
STARTCHAR 20AA
ENCODING 8362
SWIDTH 500 0
DWIDTH 8 0
BBX 7 7 1 0
BITMAP
7A
8A
AA
AA
AA
A2
BC
ENDCHAR
STARTCHAR 20AB
ENCODING 8363
SWIDTH 500 0
DWIDTH 8 0
BBX 7 12 1 -2
BITMAP
0C
3E
0C
7C
CC
CC
CC
CC
CC
7C
00
FC
ENDCHAR
STARTCHAR 20AC
ENCODING 8364
SWIDTH 500 0
DWIDTH 8 0
BBX 7 9 0 0
BITMAP
3C
66
60
FC
60
FC
60
66
3C
ENDCHAR
STARTCHAR 20AD
ENCODING 8365
SWIDTH 500 0
DWIDTH 8 0
BBX 7 9 0 0
BITMAP
66
66
6C
6C
FE
6C
6C
66
66
ENDCHAR
STARTCHAR 20AE
ENCODING 8366
SWIDTH 500 0
DWIDTH 8 0
BBX 6 9 1 0
BITMAP
FC
30
30
3C
F0
3C
F0
30
30
ENDCHAR
STARTCHAR 20AF
ENCODING 8367
SWIDTH 1000 0
DWIDTH 16 0
BBX 11 14 3 -3
BITMAP
0200
0400
3C00
5E00
1B00
3300
3300
3300
6600
EDE0
FB60
03C0
0600
0600
ENDCHAR
STARTCHAR 20B0
ENCODING 8368
SWIDTH 500 0
DWIDTH 8 0
BBX 8 9 0 0
BITMAP
7C
66
FF
66
7C
60
60
60
60
ENDCHAR
STARTCHAR 20B1
ENCODING 8369
SWIDTH 500 0
DWIDTH 8 0
BBX 7 13 1 -3
BITMAP
30
68
68
68
28
18
58
7C
B6
A6
06
06
1C
ENDCHAR
STARTCHAR 20B2
ENCODING 8370
SWIDTH 500 0
DWIDTH 8 0
BBX 8 9 0 0
BITMAP
7C
66
FF
66
FF
66
7C
60
60
ENDCHAR
STARTCHAR 20B3
ENCODING 8371
SWIDTH 500 0
DWIDTH 8 0
BBX 6 13 1 -2
BITMAP
30
30
78
CC
CC
C0
C0
DC
CC
CC
7C
30
30
ENDCHAR
STARTCHAR 20B4
ENCODING 8372
SWIDTH 500 0
DWIDTH 8 0
BBX 6 9 1 0
BITMAP
30
78
CC
CC
CC
FC
CC
CC
CC
ENDCHAR
STARTCHAR 20B5
ENCODING 8373
SWIDTH 500 0
DWIDTH 8 0
BBX 6 9 1 0
BITMAP
78
CC
0C
FC
30
FC
C0
CC
78
ENDCHAR
STARTCHAR 20B6
ENCODING 8374
SWIDTH 500 0
DWIDTH 8 0
BBX 6 13 1 -2
BITMAP
30
30
78
CC
CC
C0
C0
C0
CC
CC
78
30
30
ENDCHAR
STARTCHAR 20E0
ENCODING 8416
SWIDTH 0 0
DWIDTH 0 0
BBX 15 15 -11 -3
BITMAP
07C0
1830
2008
5004
4804
8402
8202
8102
8082
8042
4024
4014
2008
1830
07C0
ENDCHAR
STARTCHAR 2100
ENCODING 8448
SWIDTH 500 0
DWIDTH 8 0
BBX 8 13 0 -2
BITMAP
78
D8
D8
DB
7E
0C
18
30
6E
DB
18
1B
0E
ENDCHAR
STARTCHAR 2101
ENCODING 8449
SWIDTH 500 0
DWIDTH 8 0
BBX 8 13 0 -2
BITMAP
78
D8
D8
DB
7E
0C
18
30
6F
D8
0E
03
1E
ENDCHAR
STARTCHAR 2102
ENCODING 8450
SWIDTH 500 0
DWIDTH 8 0
BBX 7 9 1 0
BITMAP
7C
AE
AE
A0
A0
A0
AE
AA
7C
ENDCHAR
STARTCHAR 2103
ENCODING 8451
SWIDTH 750 0
DWIDTH 12 0
BBX 12 10 0 0
BITMAP
7000
D9E0
DB30
7330
0300
0300
0300
0330
0330
01E0
ENDCHAR
STARTCHAR 2104
ENCODING 8452
SWIDTH 500 0
DWIDTH 8 0
BBX 8 9 0 0
BITMAP
18
7E
DB
D8
D8
DB
7E
18
1F
ENDCHAR
STARTCHAR 2105
ENCODING 8453
SWIDTH 500 0
DWIDTH 8 0
BBX 8 13 0 -2
BITMAP
70
D8
C0
DB
76
0C
18
30
6E
DB
1B
1B
0E
ENDCHAR
STARTCHAR 2106
ENCODING 8454
SWIDTH 500 0
DWIDTH 8 0
BBX 8 13 0 -2
BITMAP
70
D8
C0
DB
76
0C
18
30
7B
DB
1B
1B
0F
ENDCHAR
STARTCHAR 2107
ENCODING 8455
SWIDTH 500 0
DWIDTH 8 0
BBX 6 9 1 0
BITMAP
7C
CC
CC
C0
70
C0
CC
CC
78
ENDCHAR
STARTCHAR 2108
ENCODING 8456
SWIDTH 750 0
DWIDTH 12 0
BBX 10 9 1 0
BITMAP
3F00
6180
C0C0
10C0
1FC0
10C0
C0C0
6180
3F00
ENDCHAR
STARTCHAR 2109
ENCODING 8457
SWIDTH 750 0
DWIDTH 12 0
BBX 12 10 0 0
BITMAP
7000
DBF0
DB00
7300
0300
03E0
0300
0300
0300
0300
ENDCHAR
STARTCHAR 210A
ENCODING 8458
SWIDTH 500 0
DWIDTH 8 0
BBX 7 10 1 -3
BITMAP
7C
CC
CC
CC
CE
7C
6C
CC
CC
78
ENDCHAR
STARTCHAR 210B
ENCODING 8459
SWIDTH 1250 0
DWIDTH 20 0
BBX 19 11 1 0
BITMAP
0000C0
03F160
066360
066340
00C780
00DE00
01EC00
0F8C00
C31800
C61980
7C3F00
ENDCHAR
STARTCHAR 210C
ENCODING 8460
SWIDTH 750 0
DWIDTH 12 0
BBX 10 13 1 -2
BITMAP
0F40
1B80
3000
3300
3780
3CC0
18C0
18C0
08C0
78C0
B180
0300
0200
ENDCHAR
STARTCHAR 210D
ENCODING 8461
SWIDTH 500 0
DWIDTH 8 0
BBX 7 9 1 0
BITMAP
EE
AA
AA
AA
BA
AA
AA
AA
EE
ENDCHAR
STARTCHAR 210E
ENCODING 8462
SWIDTH 500 0
DWIDTH 8 0
BBX 8 11 0 0
BITMAP
18
18
30
30
3C
66
66
66
CC
CD
CE
ENDCHAR
STARTCHAR 210F
ENCODING 8463
SWIDTH 500 0
DWIDTH 8 0
BBX 8 11 0 0
BITMAP
18
1E
F0
30
3C
66
66
66
CC
CD
CE
ENDCHAR
STARTCHAR 2115
ENCODING 8469
SWIDTH 500 0
DWIDTH 8 0
BBX 7 9 1 0
BITMAP
C6
C6
E6
D6
EE
D6
CE
C6
C6
ENDCHAR
STARTCHAR 2116
ENCODING 8470
SWIDTH 1000 0
DWIDTH 16 0
BBX 13 9 2 0
BITMAP
C600
C670
E6D8
F6D8
DED8
CE70
C600
C6F8
C600
ENDCHAR
STARTCHAR 2117
ENCODING 8471
SWIDTH 500 0
DWIDTH 8 0
BBX 8 9 0 0
BITMAP
7E
C3
B9
A5
A5
B9
A1
C3
7E
ENDCHAR
STARTCHAR 2119
ENCODING 8473
SWIDTH 500 0
DWIDTH 8 0
BBX 7 9 1 0
BITMAP
FC
AA
AA
AA
BC
A0
A0
A0
E0
ENDCHAR
STARTCHAR 211A
ENCODING 8474
SWIDTH 500 0
DWIDTH 8 0
BBX 7 12 1 -3
BITMAP
7C
AA
AA
AA
AA
AA
AA
AA
7C
14
14
0E
ENDCHAR
STARTCHAR 211D
ENCODING 8477
SWIDTH 500 0
DWIDTH 8 0
BBX 7 9 1 0
BITMAP
FC
AA
AA
AA
BC
B4
AA
AA
EE
ENDCHAR
STARTCHAR 211E
ENCODING 8478
SWIDTH 500 0
DWIDTH 8 0
BBX 7 9 1 0
BITMAP
F8
CC
CC
CC
F8
DA
CC
CC
D6
ENDCHAR
STARTCHAR 2120
ENCODING 8480
SWIDTH 500 0
DWIDTH 8 0
BBX 8 4 0 5
BITMAP
7B
EF
3B
EB
ENDCHAR
STARTCHAR 2121
ENCODING 8481
SWIDTH 500 0
DWIDTH 8 0
BBX 8 5 0 4
BITMAP
FA
52
5A
52
5B
ENDCHAR
STARTCHAR 2122
ENCODING 8482
SWIDTH 500 0
DWIDTH 8 0
BBX 8 3 0 6
BITMAP
FB
6F
6B
ENDCHAR
STARTCHAR 2124
ENCODING 8484
SWIDTH 500 0
DWIDTH 8 0
BBX 7 9 1 0
BITMAP
FE
0A
0A
14
28
50
A0
A0
FE
ENDCHAR
STARTCHAR 2125
ENCODING 8485
SWIDTH 500 0
DWIDTH 8 0
BBX 6 12 1 -3
BITMAP
FC
18
30
60
FC
18
30
78
0C
0C
CC
78
ENDCHAR
STARTCHAR 212A
ENCODING 8490
SWIDTH 500 0
DWIDTH 8 0
BBX 6 9 1 0
BITMAP
CC
CC
D8
D8
F0
D8
D8
CC
CC
ENDCHAR
STARTCHAR 212B
ENCODING 8491
SWIDTH 500 0
DWIDTH 8 0
BBX 6 11 1 0
BITMAP
78
CC
78
00
30
78
CC
CC
FC
CC
CC
ENDCHAR
STARTCHAR 212C
ENCODING 8492
SWIDTH 1000 0
DWIDTH 16 0
BBX 15 11 1 0
BITMAP
0018
0030
03FC
0666
0CC6
0CCC
01B8
018C
C30C
C6CC
7C78
ENDCHAR
STARTCHAR 212E
ENCODING 8494
SWIDTH 500 0
DWIDTH 8 0
BBX 6 9 1 0
BITMAP
78
CC
CC
CC
FC
C0
C0
CC
78
ENDCHAR
STARTCHAR 212F
ENCODING 8495
SWIDTH 500 0
DWIDTH 8 0
BBX 8 8 0 0
BITMAP
0E
1B
33
36
FC
61
66
3C
ENDCHAR
STARTCHAR 2132
ENCODING 8498
SWIDTH 500 0
DWIDTH 8 0
BBX 6 9 1 0
BITMAP
0C
0C
0C
0C
7C
0C
0C
0C
FC
ENDCHAR
STARTCHAR 2133
ENCODING 8499
SWIDTH 1250 0
DWIDTH 20 0
BBX 19 10 1 0
BITMAP
03F0E0
0671C0
0672C0
00D580
00D580
01AB00
01BB00
C33600
C66660
7C0FC0
ENDCHAR
STARTCHAR 2134
ENCODING 8500
SWIDTH 500 0
DWIDTH 8 0
BBX 8 8 1 0
BITMAP
1C
37
6E
76
CC
CC
D8
70
ENDCHAR
STARTCHAR 2135
ENCODING 8501
SWIDTH 500 0
DWIDTH 8 0
BBX 7 7 1 1
BITMAP
C6
66
36
7C
D8
CC
C6
ENDCHAR
STARTCHAR 2136
ENCODING 8502
SWIDTH 500 0
DWIDTH 8 0
BBX 7 7 1 1
BITMAP
F8
0C
0C
0C
0C
0C
FE
ENDCHAR
STARTCHAR 2137
ENCODING 8503
SWIDTH 500 0
DWIDTH 8 0
BBX 7 7 1 1
BITMAP
F0
18
18
1C
3C
66
C6
ENDCHAR
STARTCHAR 2138
ENCODING 8504
SWIDTH 500 0
DWIDTH 8 0
BBX 7 7 1 1
BITMAP
FE
0C
0C
0C
0C
0C
0C
ENDCHAR
STARTCHAR 2139
ENCODING 8505
SWIDTH 750 0
DWIDTH 12 0
BBX 12 12 0 -2
BITMAP
1F80
2040
4620
8610
8010
8E10
8610
8610
8610
4F20
2040
1F80
ENDCHAR
STARTCHAR 213B
ENCODING 8507
SWIDTH 1000 0
DWIDTH 16 0
BBX 14 5 1 4
BITMAP
F334
C6B4
E798
C6B4
C6B4
ENDCHAR
STARTCHAR 213D
ENCODING 8509
SWIDTH 500 0
DWIDTH 8 0
BBX 7 10 1 -3
BITMAP
EE
AA
AA
AA
AA
54
28
28
28
38
ENDCHAR
STARTCHAR 213E
ENCODING 8510
SWIDTH 500 0
DWIDTH 8 0
BBX 7 9 1 0
BITMAP
FE
AA
A6
A0
A0
A0
A0
A0
E0
ENDCHAR
STARTCHAR 213F
ENCODING 8511
SWIDTH 500 0
DWIDTH 8 0
BBX 7 9 1 0
BITMAP
FE
AA
AA
AA
AA
AA
AA
AA
EE
ENDCHAR
STARTCHAR 2140
ENCODING 8512
SWIDTH 500 0
DWIDTH 8 0
BBX 7 9 1 0
BITMAP
FE
AA
A6
50
28
50
A6
AA
FE
ENDCHAR
STARTCHAR 2141
ENCODING 8513
SWIDTH 500 0
DWIDTH 8 0
BBX 6 9 1 0
BITMAP
F8
CC
CC
EC
0C
0C
CC
CC
78
ENDCHAR
STARTCHAR 2142
ENCODING 8514
SWIDTH 500 0
DWIDTH 8 0
BBX 6 9 1 0
BITMAP
FC
0C
0C
0C
0C
0C
0C
0C
0C
ENDCHAR
STARTCHAR 2143
ENCODING 8515
SWIDTH 500 0
DWIDTH 8 0
BBX 6 9 1 0
BITMAP
0C
0C
0C
0C
0C
0C
0C
0C
FC
ENDCHAR
STARTCHAR 2144
ENCODING 8516
SWIDTH 500 0
DWIDTH 8 0
BBX 6 9 1 0
BITMAP
30
30
30
30
78
CC
CC
CC
CC
ENDCHAR
STARTCHAR 2145
ENCODING 8517
SWIDTH 500 0
DWIDTH 8 0
BBX 7 9 1 0
BITMAP
F8
AC
AA
AA
AA
AA
AA
AC
F8
ENDCHAR
STARTCHAR 2146
ENCODING 8518
SWIDTH 500 0
DWIDTH 8 0
BBX 7 9 1 0
BITMAP
0E
0A
7A
AA
AA
AA
AA
AA
7E
ENDCHAR
STARTCHAR 2147
ENCODING 8519
SWIDTH 500 0
DWIDTH 8 0
BBX 7 7 1 0
BITMAP
7C
AE
AE
BE
A0
A0
7C
ENDCHAR
STARTCHAR 2148
ENCODING 8520
SWIDTH 500 0
DWIDTH 8 0
BBX 7 11 1 0
BITMAP
38
28
38
00
F8
28
28
28
28
28
FE
ENDCHAR
STARTCHAR 2149
ENCODING 8521
SWIDTH 500 0
DWIDTH 8 0
BBX 6 14 1 -3
BITMAP
1C
14
1C
00
7C
14
14
14
14
14
14
14
14
F8
ENDCHAR
STARTCHAR 214A
ENCODING 8522
SWIDTH 750 0
DWIDTH 12 0
BBX 10 11 1 0
BITMAP
0C00
0C00
FF80
CCC0
CCC0
CCC0
CF80
CC00
CC00
0C00
0FC0
ENDCHAR
STARTCHAR 214B
ENCODING 8523
SWIDTH 500 0
DWIDTH 8 0
BBX 7 9 1 0
BITMAP
DC
66
66
F6
06
1C
36
36
1C
ENDCHAR
STARTCHAR 2160
ENCODING 8544
SWIDTH 250 0
DWIDTH 4 0
BBX 4 9 0 0
BITMAP
F0
60
60
60
60
60
60
60
F0
ENDCHAR
STARTCHAR 2161
ENCODING 8545
SWIDTH 500 0
DWIDTH 8 0
BBX 8 9 0 0
BITMAP
FF
66
66
66
66
66
66
66
FF
ENDCHAR
STARTCHAR 2162
ENCODING 8546
SWIDTH 750 0
DWIDTH 12 0
BBX 12 9 0 0
BITMAP
FFF0
6660
6660
6660
6660
6660
6660
6660
FFF0
ENDCHAR
STARTCHAR 2163
ENCODING 8547
SWIDTH 750 0
DWIDTH 12 0
BBX 12 9 0 0
BITMAP
FFF0
6660
6660
6660
6660
6660
63C0
6180
FFF0
ENDCHAR
STARTCHAR 2164
ENCODING 8548
SWIDTH 500 0
DWIDTH 8 0
BBX 8 9 0 0
BITMAP
FF
66
66
66
66
66
3C
18
FF
ENDCHAR
STARTCHAR 2165
ENCODING 8549
SWIDTH 750 0
DWIDTH 12 0
BBX 12 9 0 0
BITMAP
FFF0
6660
6660
6660
6660
6660
3C60
1860
FFF0
ENDCHAR
STARTCHAR 2166
ENCODING 8550
SWIDTH 1000 0
DWIDTH 16 0
BBX 16 9 0 0
BITMAP
FFFF
6666
6666
6666
6666
6666
3C66
1866
FFFF
ENDCHAR
STARTCHAR 2167
ENCODING 8551
SWIDTH 1250 0
DWIDTH 20 0
BBX 20 9 0 0
BITMAP
FFFFF0
666660
666660
666660
666660
666660
3C6660
186660
FFFFF0
ENDCHAR
STARTCHAR 2168
ENCODING 8552
SWIDTH 750 0
DWIDTH 12 0
BBX 12 9 0 0
BITMAP
FFF0
6660
6660
6340
6180
62C0
6660
6660
FFF0
ENDCHAR
STARTCHAR 2169
ENCODING 8553
SWIDTH 500 0
DWIDTH 8 0
BBX 8 9 0 0
BITMAP
FF
66
66
34
18
2C
66
66
FF
ENDCHAR
STARTCHAR 216A
ENCODING 8554
SWIDTH 750 0
DWIDTH 12 0
BBX 12 9 0 0
BITMAP
FFF0
6660
6660
3460
1860
2C60
6660
6660
FFF0
ENDCHAR
STARTCHAR 216B
ENCODING 8555
SWIDTH 1000 0
DWIDTH 16 0
BBX 16 9 0 0
BITMAP
FFFF
6666
6666
3466
1866
2C66
6666
6666
FFFF
ENDCHAR
STARTCHAR 216C
ENCODING 8556
SWIDTH 500 0
DWIDTH 8 0
BBX 8 9 0 0
BITMAP
FF
60
60
60
60
60
60
7E
FF
ENDCHAR
STARTCHAR 216D
ENCODING 8557
SWIDTH 500 0
DWIDTH 8 0
BBX 8 9 0 0
BITMAP
FF
3C
66
60
60
60
66
3C
FF
ENDCHAR
STARTCHAR 216E
ENCODING 8558
SWIDTH 500 0
DWIDTH 8 0
BBX 8 9 0 0
BITMAP
FF
6C
66
66
66
66
66
6C
FF
ENDCHAR
STARTCHAR 216F
ENCODING 8559
SWIDTH 500 0
DWIDTH 8 0
BBX 8 9 0 0
BITMAP
FF
63
77
6B
6B
6B
63
63
FF
ENDCHAR
STARTCHAR 2170
ENCODING 8560
SWIDTH 500 0
DWIDTH 8 0
BBX 6 10 1 0
BITMAP
30
30
00
F0
30
30
30
30
30
FC
ENDCHAR
STARTCHAR 2171
ENCODING 8561
SWIDTH 1000 0
DWIDTH 16 0
BBX 14 10 1 0
BITMAP
3030
3030
0000
F0F0
3030
3030
3030
3030
3030
FCFC
ENDCHAR
STARTCHAR 2172
ENCODING 8562
SWIDTH 1500 0
DWIDTH 24 0
BBX 22 10 1 0
BITMAP
303030
303030
000000
F0F0F0
303030
303030
303030
303030
303030
FCFCFC
ENDCHAR
STARTCHAR 2173
ENCODING 8563
SWIDTH 1000 0
DWIDTH 16 0
BBX 14 10 1 0
BITMAP
3000
3000
0000
F0CC
30CC
30CC
30CC
30CC
3078
FC30
ENDCHAR
STARTCHAR 2174
ENCODING 8564
SWIDTH 500 0
DWIDTH 8 0
BBX 6 7 1 0
BITMAP
CC
CC
CC
CC
CC
78
30
ENDCHAR
STARTCHAR 2175
ENCODING 8565
SWIDTH 1000 0
DWIDTH 16 0
BBX 14 10 1 0
BITMAP
0030
0030
0000
CCF0
CC30
CC30
CC30
CC30
7830
30FC
ENDCHAR
STARTCHAR 2176
ENCODING 8566
SWIDTH 1500 0
DWIDTH 24 0
BBX 22 10 1 0
BITMAP
003030
003030
000000
CCF0F0
CC3030
CC3030
CC3030
CC3030
783030
30FCFC
ENDCHAR
STARTCHAR 2177
ENCODING 8567
SWIDTH 2000 0
DWIDTH 32 0
BBX 30 10 1 0
BITMAP
00303030
00303030
00000000
CCF0F0F0
CC303030
CC303030
CC303030
CC303030
78303030
30FCFCFC
ENDCHAR
STARTCHAR 2178
ENCODING 8568
SWIDTH 1000 0
DWIDTH 16 0
BBX 14 10 1 0
BITMAP
3000
3000
0000
F0CC
30CC
3078
3030
3078
30CC
FCCC
ENDCHAR
STARTCHAR 2179
ENCODING 8569
SWIDTH 500 0
DWIDTH 8 0
BBX 6 7 1 0
BITMAP
CC
CC
78
30
78
CC
CC
ENDCHAR
STARTCHAR 217A
ENCODING 8570
SWIDTH 1000 0
DWIDTH 16 0
BBX 14 10 1 0
BITMAP
0030
0030
0000
CCF0
CC30
7830
3030
7830
CC30
CCFC
ENDCHAR
STARTCHAR 217B
ENCODING 8571
SWIDTH 1500 0
DWIDTH 24 0
BBX 22 10 1 0
BITMAP
003030
003030
000000
CCF0F0
CC3030
783030
303030
783030
CC3030
CCFCFC
ENDCHAR
STARTCHAR 217C
ENCODING 8572
SWIDTH 500 0
DWIDTH 8 0
BBX 6 9 1 0
BITMAP
F0
30
30
30
30
30
30
30
FC
ENDCHAR
STARTCHAR 217D
ENCODING 8573
SWIDTH 500 0
DWIDTH 8 0
BBX 6 7 1 0
BITMAP
78
CC
C0
C0
C0
CC
78
ENDCHAR
STARTCHAR 217E
ENCODING 8574
SWIDTH 500 0
DWIDTH 8 0
BBX 6 9 1 0
BITMAP
0C
0C
7C
CC
CC
CC
CC
CC
7C
ENDCHAR
STARTCHAR 217F
ENCODING 8575
SWIDTH 500 0
DWIDTH 8 0
BBX 7 7 1 0
BITMAP
FC
D6
D6
D6
D6
D6
C6
ENDCHAR
STARTCHAR 2180
ENCODING 8576
SWIDTH 750 0
DWIDTH 12 0
BBX 12 9 0 0
BITMAP
FFF0
36C0
6660
6660
6660
6660
6660
36C0
FFF0
ENDCHAR
STARTCHAR 2181
ENCODING 8577
SWIDTH 750 0
DWIDTH 12 0
BBX 12 9 0 0
BITMAP
FFF0
3180
3CC0
36C0
36C0
36C0
3CC0
3180
FFF0
ENDCHAR
STARTCHAR 2182
ENCODING 8578
SWIDTH 1000 0
DWIDTH 16 0
BBX 16 9 0 0
BITMAP
FFFF
318C
67E6
6DB6
6DB6
6DB6
67E6
318C
FFFF
ENDCHAR
STARTCHAR 2183
ENCODING 8579
SWIDTH 500 0
DWIDTH 8 0
BBX 8 9 0 0
BITMAP
FF
3C
66
06
06
06
66
3C
FF
ENDCHAR
STARTCHAR 2190
ENCODING 8592
SWIDTH 500 0
DWIDTH 8 0
BBX 7 5 1 1
BITMAP
30
60
FE
60
30
ENDCHAR
STARTCHAR 2191
ENCODING 8593
SWIDTH 500 0
DWIDTH 8 0
BBX 6 7 1 0
BITMAP
30
78
B4
30
30
30
30
ENDCHAR
STARTCHAR 2192
ENCODING 8594
SWIDTH 500 0
DWIDTH 8 0
BBX 7 5 1 1
BITMAP
18
0C
FE
0C
18
ENDCHAR
STARTCHAR 2193
ENCODING 8595
SWIDTH 500 0
DWIDTH 8 0
BBX 6 7 1 0
BITMAP
30
30
30
30
B4
78
30
ENDCHAR
STARTCHAR 2194
ENCODING 8596
SWIDTH 1000 0
DWIDTH 16 0
BBX 14 5 1 1
BITMAP
3030
6018
FFFC
6018
3030
ENDCHAR
STARTCHAR 2195
ENCODING 8597
SWIDTH 500 0
DWIDTH 8 0
BBX 6 9 1 0
BITMAP
30
78
B4
30
30
30
B4
78
30
ENDCHAR
STARTCHAR 2196
ENCODING 8598
SWIDTH 500 0
DWIDTH 8 0
BBX 7 7 1 0
BITMAP
F8
E0
F0
B8
9C
0E
06
ENDCHAR
STARTCHAR 2197
ENCODING 8599
SWIDTH 500 0
DWIDTH 8 0
BBX 7 7 1 0
BITMAP
3E
0E
1E
3A
72
E0
C0
ENDCHAR
STARTCHAR 2198
ENCODING 8600
SWIDTH 500 0
DWIDTH 8 0
BBX 7 7 1 0
BITMAP
C0
E0
72
3A
1E
0E
3E
ENDCHAR
STARTCHAR 2199
ENCODING 8601
SWIDTH 500 0
DWIDTH 8 0
BBX 7 7 1 0
BITMAP
06
0E
9C
B8
F0
E0
F8
ENDCHAR
STARTCHAR 219A
ENCODING 8602
SWIDTH 1000 0
DWIDTH 16 0
BBX 14 5 1 1
BITMAP
3040
6040
FFFC
6080
3080
ENDCHAR
STARTCHAR 219B
ENCODING 8603
SWIDTH 1000 0
DWIDTH 16 0
BBX 14 5 1 1
BITMAP
0430
0418
FFFC
0818
0830
ENDCHAR
STARTCHAR 219C
ENCODING 8604
SWIDTH 1000 0
DWIDTH 16 0
BBX 14 5 1 2
BITMAP
F800
E000
F0F0
9998
8F0C
ENDCHAR
STARTCHAR 219D
ENCODING 8605
SWIDTH 1000 0
DWIDTH 16 0
BBX 14 5 1 2
BITMAP
007C
001C
3C3C
6664
C3C4
ENDCHAR
STARTCHAR 219E
ENCODING 8606
SWIDTH 1000 0
DWIDTH 16 0
BBX 14 5 1 1
BITMAP
3300
6600
FFFC
6600
3300
ENDCHAR
STARTCHAR 219F
ENCODING 8607
SWIDTH 500 0
DWIDTH 8 0
BBX 6 11 1 0
BITMAP
30
78
B4
30
78
B4
30
30
30
30
30
ENDCHAR
STARTCHAR 21A0
ENCODING 8608
SWIDTH 1000 0
DWIDTH 16 0
BBX 14 5 1 1
BITMAP
0330
0198
FFFC
0198
0330
ENDCHAR
STARTCHAR 21A1
ENCODING 8609
SWIDTH 500 0
DWIDTH 8 0
BBX 6 11 1 0
BITMAP
30
30
30
30
30
B4
78
30
B4
78
30
ENDCHAR
STARTCHAR 21A2
ENCODING 8610
SWIDTH 1000 0
DWIDTH 16 0
BBX 14 5 1 1
BITMAP
300C
6018
FFF0
6018
300C
ENDCHAR
STARTCHAR 21A3
ENCODING 8611
SWIDTH 1000 0
DWIDTH 16 0
BBX 14 5 1 1
BITMAP
C030
6018
3FFC
6018
C030
ENDCHAR
STARTCHAR 21A4
ENCODING 8612
SWIDTH 500 0
DWIDTH 8 0
BBX 8 5 0 1
BITMAP
33
63
FF
63
33
ENDCHAR
STARTCHAR 21A5
ENCODING 8613
SWIDTH 500 0
DWIDTH 8 0
BBX 6 7 1 0
BITMAP
30
78
B4
30
30
30
FC
ENDCHAR
STARTCHAR 21A6
ENCODING 8614
SWIDTH 500 0
DWIDTH 8 0
BBX 8 5 0 1
BITMAP
CC
C6
FF
C6
CC
ENDCHAR
STARTCHAR 21A7
ENCODING 8615
SWIDTH 500 0
DWIDTH 8 0
BBX 6 7 1 0
BITMAP
FC
30
30
30
B4
78
30
ENDCHAR
STARTCHAR 21A8
ENCODING 8616
SWIDTH 500 0
DWIDTH 8 0
BBX 6 10 1 0
BITMAP
30
78
B4
30
30
30
B4
78
30
FC
ENDCHAR
STARTCHAR 21A9
ENCODING 8617
SWIDTH 500 0
DWIDTH 8 0
BBX 8 7 0 1
BITMAP
FE
03
33
63
FE
60
30
ENDCHAR
STARTCHAR 21AA
ENCODING 8618
SWIDTH 500 0
DWIDTH 8 0
BBX 8 7 0 1
BITMAP
7F
C0
CC
C6
7F
06
0C
ENDCHAR
STARTCHAR 21AB
ENCODING 8619
SWIDTH 1000 0
DWIDTH 16 0
BBX 14 8 1 0
BITMAP
0078
00CC
30CC
60CC
FFF8
60C0
30C0
00C0
ENDCHAR
STARTCHAR 21AC
ENCODING 8620
SWIDTH 1000 0
DWIDTH 16 0
BBX 14 8 1 0
BITMAP
7800
CC00
CC30
CC18
7FFC
0C18
0C30
0C00
ENDCHAR
STARTCHAR 21AD
ENCODING 8621
SWIDTH 1000 0
DWIDTH 16 0
BBX 16 7 0 0
BITMAP
F800
E000
F0F1
9999
8F0F
0007
001F
ENDCHAR
STARTCHAR 21AE
ENCODING 8622
SWIDTH 1000 0
DWIDTH 16 0
BBX 14 5 1 1
BITMAP
3130
6118
FFFC
6218
3230
ENDCHAR
STARTCHAR 21AF
ENCODING 8623
SWIDTH 500 0
DWIDTH 8 0
BBX 8 11 0 0
BITMAP
C0
C0
C0
CC
FC
CC
0C
0C
2D
1E
0C
ENDCHAR
STARTCHAR 21B0
ENCODING 8624
SWIDTH 500 0
DWIDTH 8 0
BBX 8 8 0 -2
BITMAP
30
60
FF
63
33
03
03
03
ENDCHAR
STARTCHAR 21B1
ENCODING 8625
SWIDTH 500 0
DWIDTH 8 0
BBX 8 8 0 -2
BITMAP
0C
06
FF
C6
CC
C0
C0
C0
ENDCHAR
STARTCHAR 21B2
ENCODING 8626
SWIDTH 500 0
DWIDTH 8 0
BBX 8 8 0 1
BITMAP
03
03
03
33
63
FF
60
30
ENDCHAR
STARTCHAR 21B3
ENCODING 8627
SWIDTH 500 0
DWIDTH 8 0
BBX 8 8 0 1
BITMAP
C0
C0
C0
CC
C6
FF
06
0C
ENDCHAR
STARTCHAR 21B4
ENCODING 8628
SWIDTH 500 0
DWIDTH 8 0
BBX 8 7 0 0
BITMAP
FC
0C
0C
0C
2D
1E
0C
ENDCHAR
STARTCHAR 21B5
ENCODING 8629
SWIDTH 500 0
DWIDTH 8 0
BBX 8 9 0 -2
BITMAP
03
03
03
03
33
63
FF
60
30
ENDCHAR
STARTCHAR 21B6
ENCODING 8630
SWIDTH 500 0
DWIDTH 8 0
BBX 8 10 0 -3
BITMAP
1E
33
33
33
33
33
30
B4
78
30
ENDCHAR
STARTCHAR 21B7
ENCODING 8631
SWIDTH 500 0
DWIDTH 8 0
BBX 8 10 0 -3
BITMAP
78
CC
CC
CC
CC
CC
0C
2D
1E
0C
ENDCHAR
STARTCHAR 21B8
ENCODING 8632
SWIDTH 500 0
DWIDTH 8 0
BBX 8 9 0 0
BITMAP
FF
00
7C
70
78
5C
4E
07
03
ENDCHAR
STARTCHAR 21BC
ENCODING 8636
SWIDTH 500 0
DWIDTH 8 0
BBX 7 3 1 3
BITMAP
30
60
FE
ENDCHAR
STARTCHAR 21BD
ENCODING 8637
SWIDTH 500 0
DWIDTH 8 0
BBX 7 3 1 1
BITMAP
FE
60
30
ENDCHAR
STARTCHAR 21BE
ENCODING 8638
SWIDTH 500 0
DWIDTH 8 0
BBX 4 7 3 0
BITMAP
C0
E0
D0
C0
C0
C0
C0
ENDCHAR
STARTCHAR 21BF
ENCODING 8639
SWIDTH 500 0
DWIDTH 8 0
BBX 4 7 1 0
BITMAP
30
70
B0
30
30
30
30
ENDCHAR
STARTCHAR 21C0
ENCODING 8640
SWIDTH 500 0
DWIDTH 8 0
BBX 7 3 1 3
BITMAP
18
0C
FE
ENDCHAR
STARTCHAR 21C1
ENCODING 8641
SWIDTH 500 0
DWIDTH 8 0
BBX 7 3 1 1
BITMAP
FE
0C
18
ENDCHAR
STARTCHAR 21C2
ENCODING 8642
SWIDTH 500 0
DWIDTH 8 0
BBX 4 7 3 0
BITMAP
C0
C0
C0
C0
D0
E0
C0
ENDCHAR
STARTCHAR 21C3
ENCODING 8643
SWIDTH 500 0
DWIDTH 8 0
BBX 4 7 1 0
BITMAP
30
30
30
30
B0
70
30
ENDCHAR
STARTCHAR 21C4
ENCODING 8644
SWIDTH 500 0
DWIDTH 8 0
BBX 7 11 1 0
BITMAP
18
0C
FE
0C
18
00
30
60
FE
60
30
ENDCHAR
STARTCHAR 21C5
ENCODING 8645
SWIDTH 1000 0
DWIDTH 16 0
BBX 14 9 1 0
BITMAP
3030
7830
B430
3030
3030
3030
30B4
3078
3030
ENDCHAR
STARTCHAR 21C6
ENCODING 8646
SWIDTH 500 0
DWIDTH 8 0
BBX 7 11 1 0
BITMAP
30
60
FE
60
30
00
18
0C
FE
0C
18
ENDCHAR
STARTCHAR 21C7
ENCODING 8647
SWIDTH 500 0
DWIDTH 8 0
BBX 7 11 1 0
BITMAP
30
60
FE
60
30
00
30
60
FE
60
30
ENDCHAR
STARTCHAR 21C8
ENCODING 8648
SWIDTH 1000 0
DWIDTH 16 0
BBX 14 9 1 0
BITMAP
3030
7878
B4B4
3030
3030
3030
3030
3030
3030
ENDCHAR
STARTCHAR 21C9
ENCODING 8649
SWIDTH 500 0
DWIDTH 8 0
BBX 7 11 1 0
BITMAP
18
0C
FE
0C
18
00
18
0C
FE
0C
18
ENDCHAR
STARTCHAR 21CA
ENCODING 8650
SWIDTH 1000 0
DWIDTH 16 0
BBX 14 9 1 0
BITMAP
3030
3030
3030
3030
3030
3030
B4B4
7878
3030
ENDCHAR
STARTCHAR 21CB
ENCODING 8651
SWIDTH 500 0
DWIDTH 8 0
BBX 7 7 1 0
BITMAP
30
60
FE
00
FE
0C
18
ENDCHAR
STARTCHAR 21CC
ENCODING 8652
SWIDTH 500 0
DWIDTH 8 0
BBX 7 7 1 0
BITMAP
18
0C
FE
00
FE
60
30
ENDCHAR
STARTCHAR 21E0
ENCODING 8672
SWIDTH 1000 0
DWIDTH 16 0
BBX 13 5 1 1
BITMAP
3000
6000
F248
6000
3000
ENDCHAR
STARTCHAR 21E1
ENCODING 8673
SWIDTH 500 0
DWIDTH 8 0
BBX 6 12 1 -3
BITMAP
30
78
B4
00
30
30
00
30
30
00
30
30
ENDCHAR
STARTCHAR 21E2
ENCODING 8674
SWIDTH 1000 0
DWIDTH 16 0
BBX 13 5 1 1
BITMAP
0060
0030
9278
0030
0060
ENDCHAR
STARTCHAR 21E3
ENCODING 8675
SWIDTH 500 0
DWIDTH 8 0
BBX 6 12 1 -3
BITMAP
30
30
00
30
30
00
30
30
00
B4
78
30
ENDCHAR
STARTCHAR 2202
ENCODING 8706
SWIDTH 500 0
DWIDTH 8 0
BBX 6 10 1 0
BITMAP
70
18
0C
3C
6C
CC
CC
CC
D8
70
ENDCHAR
STARTCHAR 2206
ENCODING 8710
SWIDTH 500 0
DWIDTH 8 0
BBX 7 9 1 0
BITMAP
10
38
38
6C
6C
C6
C6
C6
FE
ENDCHAR
STARTCHAR 2207
ENCODING 8711
SWIDTH 500 0
DWIDTH 8 0
BBX 7 9 1 0
BITMAP
FE
C6
C6
C6
6C
6C
38
38
10
ENDCHAR
STARTCHAR 2211
ENCODING 8721
SWIDTH 500 0
DWIDTH 8 0
BBX 6 12 1 -2
BITMAP
FC
C0
C0
60
30
18
18
30
60
C0
C0
FC
ENDCHAR
STARTCHAR 2212
ENCODING 8722
SWIDTH 500 0
DWIDTH 8 0
BBX 6 1 1 4
BITMAP
FC
ENDCHAR
STARTCHAR 2219
ENCODING 8729
SWIDTH 500 0
DWIDTH 8 0
BBX 4 4 2 2
BITMAP
60
F0
F0
60
ENDCHAR
STARTCHAR 221A
ENCODING 8730
SWIDTH 500 0
DWIDTH 8 0
BBX 8 10 0 0
BITMAP
03
03
03
03
06
E6
36
36
1C
1C
ENDCHAR
STARTCHAR 221E
ENCODING 8734
SWIDTH 1000 0
DWIDTH 16 0
BBX 13 5 2 1
BITMAP
78F0
CD98
C718
CD98
78F0
ENDCHAR
STARTCHAR 2229
ENCODING 8745
SWIDTH 500 0
DWIDTH 8 0
BBX 6 7 1 0
BITMAP
78
CC
CC
CC
CC
CC
CC
ENDCHAR
STARTCHAR 2243
ENCODING 8771
SWIDTH 500 0
DWIDTH 8 0
BBX 7 4 1 2
BITMAP
76
DC
00
FE
ENDCHAR
STARTCHAR 2248
ENCODING 8776
SWIDTH 500 0
DWIDTH 8 0
BBX 7 5 1 1
BITMAP
76
DC
00
76
DC
ENDCHAR
STARTCHAR 2260
ENCODING 8800
SWIDTH 500 0
DWIDTH 8 0
BBX 6 7 1 1
BITMAP
08
18
FC
30
FC
60
40
ENDCHAR
STARTCHAR 2261
ENCODING 8801
SWIDTH 500 0
DWIDTH 8 0
BBX 6 5 1 1
BITMAP
FC
00
FC
00
FC
ENDCHAR
STARTCHAR 2264
ENCODING 8804
SWIDTH 500 0
DWIDTH 8 0
BBX 5 7 2 1
BITMAP
18
70
C0
70
18
00
F8
ENDCHAR
STARTCHAR 2265
ENCODING 8805
SWIDTH 500 0
DWIDTH 8 0
BBX 5 7 2 1
BITMAP
C0
70
18
70
C0
00
F8
ENDCHAR
STARTCHAR 2300
ENCODING 8960
SWIDTH 500 0
DWIDTH 8 0
BBX 7 7 1 0
BITMAP
3A
44
8A
92
A2
44
B8
ENDCHAR
STARTCHAR 2301
ENCODING 8961
SWIDTH 500 0
DWIDTH 8 0
BBX 7 3 1 2
BITMAP
98
FE
32
ENDCHAR
STARTCHAR 2302
ENCODING 8962
SWIDTH 500 0
DWIDTH 8 0
BBX 7 8 1 0
BITMAP
10
38
6C
C6
C6
C6
C6
FE
ENDCHAR
STARTCHAR 2303
ENCODING 8963
SWIDTH 500 0
DWIDTH 8 0
BBX 7 4 1 4
BITMAP
10
38
6C
C6
ENDCHAR
STARTCHAR 2304
ENCODING 8964
SWIDTH 500 0
DWIDTH 8 0
BBX 7 4 1 0
BITMAP
C6
6C
38
10
ENDCHAR
STARTCHAR 2305
ENCODING 8965
SWIDTH 500 0
DWIDTH 8 0
BBX 7 6 1 4
BITMAP
FE
00
10
38
6C
C6
ENDCHAR
STARTCHAR 2306
ENCODING 8966
SWIDTH 500 0
DWIDTH 8 0
BBX 7 8 1 4
BITMAP
FE
00
FE
00
10
38
6C
C6
ENDCHAR
STARTCHAR 2307
ENCODING 8967
SWIDTH 500 0
DWIDTH 8 0
BBX 4 13 2 -2
BITMAP
60
30
30
60
C0
C0
60
30
30
60
C0
C0
60
ENDCHAR
STARTCHAR 2308
ENCODING 8968
SWIDTH 500 0
DWIDTH 8 0
BBX 6 12 1 0
BITMAP
FC
C0
C0
C0
C0
C0
C0
C0
C0
C0
C0
C0
ENDCHAR
STARTCHAR 2309
ENCODING 8969
SWIDTH 500 0
DWIDTH 8 0
BBX 6 12 1 0
BITMAP
FC
0C
0C
0C
0C
0C
0C
0C
0C
0C
0C
0C
ENDCHAR
STARTCHAR 230A
ENCODING 8970
SWIDTH 500 0
DWIDTH 8 0
BBX 6 12 1 -3
BITMAP
C0
C0
C0
C0
C0
C0
C0
C0
C0
C0
C0
FC
ENDCHAR
STARTCHAR 230B
ENCODING 8971
SWIDTH 500 0
DWIDTH 8 0
BBX 6 12 1 -3
BITMAP
0C
0C
0C
0C
0C
0C
0C
0C
0C
0C
0C
FC
ENDCHAR
STARTCHAR 230C
ENCODING 8972
SWIDTH 500 0
DWIDTH 8 0
BBX 5 5 3 -3
BITMAP
78
80
80
80
80
ENDCHAR
STARTCHAR 230D
ENCODING 8973
SWIDTH 500 0
DWIDTH 8 0
BBX 5 5 0 -3
BITMAP
F0
08
08
08
08
ENDCHAR
STARTCHAR 230E
ENCODING 8974
SWIDTH 500 0
DWIDTH 8 0
BBX 5 5 3 7
BITMAP
80
80
80
80
78
ENDCHAR
STARTCHAR 230F
ENCODING 8975
SWIDTH 500 0
DWIDTH 8 0
BBX 5 5 0 7
BITMAP
08
08
08
08
F0
ENDCHAR
STARTCHAR 2310
ENCODING 8976
SWIDTH 500 0
DWIDTH 8 0
BBX 6 3 1 2
BITMAP
FC
C0
C0
ENDCHAR
STARTCHAR 2311
ENCODING 8977
SWIDTH 500 0
DWIDTH 8 0
BBX 6 6 1 1
BITMAP
84
78
48
48
78
84
ENDCHAR
STARTCHAR 2312
ENCODING 8978
SWIDTH 500 0
DWIDTH 8 0
BBX 7 4 1 0
BITMAP
38
44
82
82
ENDCHAR
STARTCHAR 2313
ENCODING 8979
SWIDTH 500 0
DWIDTH 8 0
BBX 7 5 1 0
BITMAP
38
44
82
82
FE
ENDCHAR
STARTCHAR 2314
ENCODING 8980
SWIDTH 500 0
DWIDTH 8 0
BBX 7 6 1 0
BITMAP
38
44
82
44
28
10
ENDCHAR
STARTCHAR 2315
ENCODING 8981
SWIDTH 500 0
DWIDTH 8 0
BBX 7 6 1 1
BITMAP
1C
36
36
36
7C
C0
ENDCHAR
STARTCHAR 2316
ENCODING 8982
SWIDTH 1000 0
DWIDTH 16 0
BBX 13 15 2 -3
BITMAP
0200
0200
0200
0F80
1240
2220
2220
FFF8
2220
2220
1240
0F80
0200
0200
0200
ENDCHAR
STARTCHAR 2317
ENCODING 8983
SWIDTH 500 0
DWIDTH 8 0
BBX 7 7 1 0
BITMAP
44
FE
44
44
44
FE
44
ENDCHAR
STARTCHAR 2318
ENCODING 8984
SWIDTH 1000 0
DWIDTH 16 0
BBX 12 10 2 -2
BITMAP
70E0
D9B0
D9B0
7FE0
1980
1980
7FE0
D9B0
D9B0
70E0
ENDCHAR
STARTCHAR 2319
ENCODING 8985
SWIDTH 500 0
DWIDTH 8 0
BBX 6 3 1 2
BITMAP
C0
C0
FC
ENDCHAR
STARTCHAR 231A
ENCODING 8986
SWIDTH 500 0
DWIDTH 8 0
BBX 8 9 0 0
BITMAP
3C
3C
42
85
B9
81
42
3C
3C
ENDCHAR
STARTCHAR 231B
ENCODING 8987
SWIDTH 500 0
DWIDTH 8 0
BBX 6 9 1 0
BITMAP
FC
84
94
68
30
58
AC
FC
FC
ENDCHAR
STARTCHAR 231C
ENCODING 8988
SWIDTH 500 0
DWIDTH 8 0
BBX 5 5 0 7
BITMAP
F8
80
80
80
80
ENDCHAR
STARTCHAR 231D
ENCODING 8989
SWIDTH 500 0
DWIDTH 8 0
BBX 5 5 3 7
BITMAP
F8
08
08
08
08
ENDCHAR
STARTCHAR 231E
ENCODING 8990
SWIDTH 500 0
DWIDTH 8 0
BBX 5 5 0 -3
BITMAP
80
80
80
80
F8
ENDCHAR
STARTCHAR 231F
ENCODING 8991
SWIDTH 500 0
DWIDTH 8 0
BBX 5 5 3 -3
BITMAP
08
08
08
08
F8
ENDCHAR
STARTCHAR 2320
ENCODING 8992
SWIDTH 500 0
DWIDTH 8 0
BBX 5 10 3 -3
BITMAP
70
C8
C0
C0
C0
C0
C0
C0
C0
C0
ENDCHAR
STARTCHAR 2321
ENCODING 8993
SWIDTH 500 0
DWIDTH 8 0
BBX 5 10 0 2
BITMAP
18
18
18
18
18
18
18
18
98
70
ENDCHAR
STARTCHAR 2322
ENCODING 8994
SWIDTH 500 0
DWIDTH 8 0
BBX 7 3 1 2
BITMAP
38
44
82
ENDCHAR
STARTCHAR 2323
ENCODING 8995
SWIDTH 500 0
DWIDTH 8 0
BBX 7 3 1 2
BITMAP
82
44
38
ENDCHAR
STARTCHAR 2324
ENCODING 8996
SWIDTH 500 0
DWIDTH 8 0
BBX 7 5 1 4
BITMAP
EE
10
38
6C
C6
ENDCHAR
STARTCHAR 2325
ENCODING 8997
SWIDTH 500 0
DWIDTH 8 0
BBX 8 4 0 3
BITMAP
E7
10
08
07
ENDCHAR
STARTCHAR 2326
ENCODING 8998
SWIDTH 1000 0
DWIDTH 16 0
BBX 15 7 1 0
BITMAP
FFF0
E038
98C4
8702
98C4
E038
FFF0
ENDCHAR
STARTCHAR 2327
ENCODING 8999
SWIDTH 1000 0
DWIDTH 16 0
BBX 14 7 1 0
BITMAP
FFFC
E01C
9CE4
8304
9CE4
E01C
FFFC
ENDCHAR
STARTCHAR 2328
ENCODING 9000
SWIDTH 1000 0
DWIDTH 16 0
BBX 15 12 1 0
BITMAP
0080
0100
0100
FFFE
8002
AAAA
8002
AAAA
8002
8FE2
8002
FFFE
ENDCHAR
STARTCHAR 2329
ENCODING 9001
SWIDTH 500 0
DWIDTH 8 0
BBX 6 15 1 -3
BITMAP
0C
18
18
30
30
60
60
C0
60
60
30
30
18
18
0C
ENDCHAR
STARTCHAR 232A
ENCODING 9002
SWIDTH 500 0
DWIDTH 8 0
BBX 6 15 1 -3
BITMAP
C0
60
60
30
30
18
18
0C
18
18
30
30
60
60
C0
ENDCHAR
STARTCHAR 232B
ENCODING 9003
SWIDTH 1000 0
DWIDTH 16 0
BBX 15 7 1 0
BITMAP
1FFE
380E
4632
81C2
4632
380E
1FFE
ENDCHAR
STARTCHAR 232C
ENCODING 9004
SWIDTH 500 0
DWIDTH 8 0
BBX 8 9 0 0
BITMAP
18
24
4A
A5
A1
A5
4A
24
18
ENDCHAR
STARTCHAR 232D
ENCODING 9005
SWIDTH 500 0
DWIDTH 8 0
BBX 8 6 0 1
BITMAP
10
39
7D
BE
9C
08
ENDCHAR
STARTCHAR 232E
ENCODING 9006
SWIDTH 1000 0
DWIDTH 16 0
BBX 12 9 2 0
BITMAP
0E00
1100
2080
27F0
2880
9100
AE00
C000
F000
ENDCHAR
STARTCHAR 232F
ENCODING 9007
SWIDTH 500 0
DWIDTH 8 0
BBX 6 5 1 2
BITMAP
78
00
FC
00
78
ENDCHAR
STARTCHAR 2380
ENCODING 9088
SWIDTH 500 0
DWIDTH 8 0
BBX 7 10 1 0
BITMAP
30
08
38
28
38
00
C6
6C
38
10
ENDCHAR
STARTCHAR 2381
ENCODING 9089
SWIDTH 500 0
DWIDTH 8 0
BBX 7 7 1 0
BITMAP
C0
20
E0
A0
EA
00
FE
ENDCHAR
STARTCHAR 2382
ENCODING 9090
SWIDTH 500 0
DWIDTH 8 0
BBX 7 7 1 0
BITMAP
CC
22
EE
AA
EE
00
EE
ENDCHAR
STARTCHAR 2383
ENCODING 9091
SWIDTH 1000 0
DWIDTH 16 0
BBX 15 7 1 0
BITMAP
600C
1B30
0080
FBBE
0280
1BB0
600C
ENDCHAR
STARTCHAR 238C
ENCODING 9100
SWIDTH 500 0
DWIDTH 8 0
BBX 8 8 0 0
BITMAP
5C
62
70
00
66
99
99
66
ENDCHAR
STARTCHAR 2399
ENCODING 9113
SWIDTH 1000 0
DWIDTH 16 0
BBX 12 12 2 0
BITMAP
0780
0A80
1280
1E80
F0F0
9090
9090
9090
9F90
8010
8010
FFF0
ENDCHAR
STARTCHAR 239B
ENCODING 9115
SWIDTH 500 0
DWIDTH 8 0
BBX 4 12 2 -3
BITMAP
30
60
60
C0
C0
C0
C0
C0
C0
C0
C0
C0
ENDCHAR
STARTCHAR 239C
ENCODING 9116
SWIDTH 500 0
DWIDTH 8 0
BBX 2 15 2 -3
BITMAP
C0
C0
C0
C0
C0
C0
C0
C0
C0
C0
C0
C0
C0
C0
C0
ENDCHAR
STARTCHAR 239D
ENCODING 9117
SWIDTH 500 0
DWIDTH 8 0
BBX 4 14 2 -2
BITMAP
C0
C0
C0
C0
C0
C0
C0
C0
C0
C0
C0
60
60
30
ENDCHAR
STARTCHAR 239E
ENCODING 9118
SWIDTH 500 0
DWIDTH 8 0
BBX 4 12 2 -3
BITMAP
C0
60
60
30
30
30
30
30
30
30
30
30
ENDCHAR
STARTCHAR 239F
ENCODING 9119
SWIDTH 500 0
DWIDTH 8 0
BBX 2 15 4 -3
BITMAP
C0
C0
C0
C0
C0
C0
C0
C0
C0
C0
C0
C0
C0
C0
C0
ENDCHAR
STARTCHAR 23A0
ENCODING 9120
SWIDTH 500 0
DWIDTH 8 0
BBX 4 14 2 -2
BITMAP
30
30
30
30
30
30
30
30
30
30
30
60
60
C0
ENDCHAR
STARTCHAR 23A1
ENCODING 9121
SWIDTH 500 0
DWIDTH 8 0
BBX 4 12 2 -3
BITMAP
F0
C0
C0
C0
C0
C0
C0
C0
C0
C0
C0
C0
ENDCHAR
STARTCHAR 23A2
ENCODING 9122
SWIDTH 500 0
DWIDTH 8 0
BBX 2 15 2 -3
BITMAP
C0
C0
C0
C0
C0
C0
C0
C0
C0
C0
C0
C0
C0
C0
C0
ENDCHAR
STARTCHAR 23A3
ENCODING 9123
SWIDTH 500 0
DWIDTH 8 0
BBX 4 15 2 -3
BITMAP
C0
C0
C0
C0
C0
C0
C0
C0
C0
C0
C0
C0
C0
C0
F0
ENDCHAR
STARTCHAR 23A4
ENCODING 9124
SWIDTH 500 0
DWIDTH 8 0
BBX 4 12 2 -3
BITMAP
F0
30
30
30
30
30
30
30
30
30
30
30
ENDCHAR
STARTCHAR 23A5
ENCODING 9125
SWIDTH 500 0
DWIDTH 8 0
BBX 2 15 4 -3
BITMAP
C0
C0
C0
C0
C0
C0
C0
C0
C0
C0
C0
C0
C0
C0
C0
ENDCHAR
STARTCHAR 23A6
ENCODING 9126
SWIDTH 500 0
DWIDTH 8 0
BBX 4 15 2 -3
BITMAP
30
30
30
30
30
30
30
30
30
30
30
30
30
30
F0
ENDCHAR
STARTCHAR 23A7
ENCODING 9127
SWIDTH 500 0
DWIDTH 8 0
BBX 3 12 3 -3
BITMAP
60
C0
C0
C0
C0
C0
C0
C0
C0
C0
C0
C0
ENDCHAR
STARTCHAR 23A8
ENCODING 9128
SWIDTH 500 0
DWIDTH 8 0
BBX 4 15 1 -3
BITMAP
30
30
30
30
30
30
30
60
C0
60
30
30
30
30
30
ENDCHAR
STARTCHAR 23A9
ENCODING 9129
SWIDTH 500 0
DWIDTH 8 0
BBX 3 14 3 -2
BITMAP
C0
C0
C0
C0
C0
C0
C0
C0
C0
C0
C0
C0
C0
60
ENDCHAR
STARTCHAR 23AA
ENCODING 9130
SWIDTH 500 0
DWIDTH 8 0
BBX 2 15 3 -3
BITMAP
C0
C0
C0
C0
C0
C0
C0
C0
C0
C0
C0
C0
C0
C0
C0
ENDCHAR
STARTCHAR 23AB
ENCODING 9131
SWIDTH 500 0
DWIDTH 8 0
BBX 3 12 2 -3
BITMAP
C0
60
60
60
60
60
60
60
60
60
60
60
ENDCHAR
STARTCHAR 23AC
ENCODING 9132
SWIDTH 500 0
DWIDTH 8 0
BBX 4 15 3 -3
BITMAP
C0
C0
C0
C0
C0
C0
C0
60
30
60
C0
C0
C0
C0
C0
ENDCHAR
STARTCHAR 23AD
ENCODING 9133
SWIDTH 500 0
DWIDTH 8 0
BBX 3 14 2 -2
BITMAP
60
60
60
60
60
60
60
60
60
60
60
60
60
C0
ENDCHAR
STARTCHAR 2400
ENCODING 9216
SWIDTH 500 0
DWIDTH 8 0
BBX 7 14 1 -2
BITMAP
66
88
88
66
00
FE
FE
9A
8A
92
9A
9A
FE
FE
ENDCHAR
STARTCHAR 2408
ENCODING 9224
SWIDTH 500 0
DWIDTH 8 0
BBX 7 14 1 -2
BITMAP
66
88
88
66
00
FE
FE
FE
DE
82
DE
FE
FE
FE
ENDCHAR
STARTCHAR 240D
ENCODING 9229
SWIDTH 500 0
DWIDTH 8 0
BBX 7 14 1 -2
BITMAP
66
88
88
66
00
FE
FE
FA
DA
82
DE
FE
FE
FE
ENDCHAR
STARTCHAR 241B
ENCODING 9243
SWIDTH 500 0
DWIDTH 8 0
BBX 7 14 1 -2
BITMAP
66
88
88
66
00
FE
FE
82
9E
86
9E
82
FE
FE
ENDCHAR
STARTCHAR 2420
ENCODING 9248
SWIDTH 500 0
DWIDTH 8 0
BBX 7 14 1 -2
BITMAP
66
88
88
66
00
FE
FE
FE
FE
FE
BA
82
FE
FE
ENDCHAR
STARTCHAR 2421
ENCODING 9249
SWIDTH 500 0
DWIDTH 8 0
BBX 7 14 1 -2
BITMAP
66
88
88
66
00
FE
FE
BA
D6
EE
D6
BA
FE
FE
ENDCHAR
STARTCHAR 2422
ENCODING 9250
SWIDTH 500 0
DWIDTH 8 0
BBX 8 10 0 0
BITMAP
34
38
30
7E
B3
33
33
33
33
3E
ENDCHAR
STARTCHAR 2423
ENCODING 9251
SWIDTH 500 0
DWIDTH 8 0
BBX 8 2 0 -2
BITMAP
C3
FF
ENDCHAR
STARTCHAR 2425
ENCODING 9253
SWIDTH 500 0
DWIDTH 8 0
BBX 6 7 1 1
BITMAP
24
6C
D8
B4
6C
D8
90
ENDCHAR
STARTCHAR 2426
ENCODING 9254
SWIDTH 500 0
DWIDTH 8 0
BBX 6 9 1 0
BITMAP
78
CC
CC
60
30
30
00
30
30
ENDCHAR
STARTCHAR 2440
ENCODING 9280
SWIDTH 500 0
DWIDTH 8 0
BBX 8 9 0 0
BITMAP
1F
1B
1B
1B
18
D8
D8
D8
F8
ENDCHAR
STARTCHAR 2441
ENCODING 9281
SWIDTH 500 0
DWIDTH 8 0
BBX 8 9 0 0
BITMAP
03
03
03
03
FF
C3
C3
C3
C3
ENDCHAR
STARTCHAR 2442
ENCODING 9282
SWIDTH 500 0
DWIDTH 8 0
BBX 8 9 0 0
BITMAP
C3
C3
C3
C3
FF
18
18
18
18
ENDCHAR
STARTCHAR 2443
ENCODING 9283
SWIDTH 500 0
DWIDTH 8 0
BBX 8 9 0 0
BITMAP
18
18
18
18
FF
C3
C3
C3
C3
ENDCHAR
STARTCHAR 2444
ENCODING 9284
SWIDTH 500 0
DWIDTH 8 0
BBX 8 9 0 0
BITMAP
FF
DB
DB
DB
18
DB
DB
DB
FF
ENDCHAR
STARTCHAR 2445
ENCODING 9285
SWIDTH 500 0
DWIDTH 8 0
BBX 8 5 0 4
BITMAP
C3
E7
DB
E7
C3
ENDCHAR
STARTCHAR 2446
ENCODING 9286
SWIDTH 500 0
DWIDTH 8 0
BBX 7 8 1 0
BITMAP
0E
CE
CE
C0
C0
CE
CE
0E
ENDCHAR
STARTCHAR 2447
ENCODING 9287
SWIDTH 500 0
DWIDTH 8 0
BBX 7 9 1 0
BITMAP
06
06
16
16
D6
D0
D0
C0
C0
ENDCHAR
STARTCHAR 2448
ENCODING 9288
SWIDTH 500 0
DWIDTH 8 0
BBX 7 7 1 1
BITMAP
0E
AE
AE
A0
A0
A0
A0
ENDCHAR
STARTCHAR 2449
ENCODING 9289
SWIDTH 500 0
DWIDTH 8 0
BBX 7 5 1 2
BITMAP
DA
DA
DA
DA
DA
ENDCHAR
STARTCHAR 244A
ENCODING 9290
SWIDTH 500 0
DWIDTH 8 0
BBX 8 8 0 0
BITMAP
D8
D8
6C
6C
36
36
1B
1B
ENDCHAR
STARTCHAR 2488
ENCODING 9352
SWIDTH 500 0
DWIDTH 8 0
BBX 7 5 1 0
BITMAP
60
E0
60
66
66
ENDCHAR
STARTCHAR 2489
ENCODING 9353
SWIDTH 500 0
DWIDTH 8 0
BBX 7 5 1 0
BITMAP
E0
30
60
C6
F6
ENDCHAR
STARTCHAR 248A
ENCODING 9354
SWIDTH 500 0
DWIDTH 8 0
BBX 7 5 1 0
BITMAP
E0
30
60
36
E6
ENDCHAR
STARTCHAR 248B
ENCODING 9355
SWIDTH 500 0
DWIDTH 8 0
BBX 8 5 0 0
BITMAP
38
78
D8
FB
1B
ENDCHAR
STARTCHAR 248C
ENCODING 9356
SWIDTH 500 0
DWIDTH 8 0
BBX 7 5 1 0
BITMAP
F0
C0
F0
36
E6
ENDCHAR
STARTCHAR 248D
ENCODING 9357
SWIDTH 500 0
DWIDTH 8 0
BBX 8 5 0 0
BITMAP
70
C0
F0
DB
73
ENDCHAR
STARTCHAR 248E
ENCODING 9358
SWIDTH 500 0
DWIDTH 8 0
BBX 7 5 1 0
BITMAP
F0
30
60
66
66
ENDCHAR
STARTCHAR 248F
ENCODING 9359
SWIDTH 500 0
DWIDTH 8 0
BBX 8 5 0 0
BITMAP
70
D8
70
DB
73
ENDCHAR
STARTCHAR 2490
ENCODING 9360
SWIDTH 500 0
DWIDTH 8 0
BBX 8 5 0 0
BITMAP
70
D8
78
1B
73
ENDCHAR
STARTCHAR 2491
ENCODING 9361
SWIDTH 500 0
DWIDTH 8 0
BBX 8 11 0 0
BITMAP
30
70
30
30
30
00
70
D8
F8
DB
73
ENDCHAR
STARTCHAR 2492
ENCODING 9362
SWIDTH 500 0
DWIDTH 8 0
BBX 7 11 1 0
BITMAP
60
E0
60
60
60
00
60
E0
60
66
66
ENDCHAR
STARTCHAR 2493
ENCODING 9363
SWIDTH 500 0
DWIDTH 8 0
BBX 7 11 1 0
BITMAP
60
E0
60
60
60
00
E0
30
60
C6
F6
ENDCHAR
STARTCHAR 2494
ENCODING 9364
SWIDTH 500 0
DWIDTH 8 0
BBX 7 11 1 0
BITMAP
60
E0
60
60
60
00
E0
30
60
36
E6
ENDCHAR
STARTCHAR 2495
ENCODING 9365
SWIDTH 500 0
DWIDTH 8 0
BBX 8 11 0 0
BITMAP
30
70
30
30
30
00
38
78
D8
FB
1B
ENDCHAR
STARTCHAR 2496
ENCODING 9366
SWIDTH 500 0
DWIDTH 8 0
BBX 7 11 1 0
BITMAP
60
E0
60
60
60
00
F0
C0
F0
36
E6
ENDCHAR
STARTCHAR 2497
ENCODING 9367
SWIDTH 500 0
DWIDTH 8 0
BBX 8 11 0 0
BITMAP
30
70
30
30
30
00
70
C0
F0
DB
73
ENDCHAR
STARTCHAR 2498
ENCODING 9368
SWIDTH 500 0
DWIDTH 8 0
BBX 7 11 1 0
BITMAP
60
E0
60
60
60
00
F0
30
60
66
66
ENDCHAR
STARTCHAR 2499
ENCODING 9369
SWIDTH 500 0
DWIDTH 8 0
BBX 8 11 0 0
BITMAP
30
70
30
30
30
00
70
D8
70
DB
73
ENDCHAR
STARTCHAR 249A
ENCODING 9370
SWIDTH 500 0
DWIDTH 8 0
BBX 8 11 0 0
BITMAP
30
70
30
30
30
00
70
D8
78
1B
73
ENDCHAR
STARTCHAR 249B
ENCODING 9371
SWIDTH 500 0
DWIDTH 8 0
BBX 8 11 0 0
BITMAP
70
18
30
60
78
00
70
D8
F8
DB
73
ENDCHAR
STARTCHAR 24B6
ENCODING 9398
SWIDTH 1000 0
DWIDTH 16 0
BBX 16 15 0 -3
BITMAP
07E0
1818
2004
4182
43C2
8661
8661
8661
87E1
8661
4662
4662
2004
1818
07E0
ENDCHAR
STARTCHAR 24B7
ENCODING 9399
SWIDTH 1000 0
DWIDTH 16 0
BBX 16 15 0 -3
BITMAP
07E0
1818
2004
47C2
4662
8661
8661
87C1
8661
8661
4662
47C2
2004
1818
07E0
ENDCHAR
STARTCHAR 24B8
ENCODING 9400
SWIDTH 1000 0
DWIDTH 16 0
BBX 16 15 0 -3
BITMAP
07E0
1818
2004
43C2
4662
8661
8601
8601
8601
8661
4662
43C2
2004
1818
07E0
ENDCHAR
STARTCHAR 24B9
ENCODING 9401
SWIDTH 1000 0
DWIDTH 16 0
BBX 16 15 0 -3
BITMAP
07E0
1818
2004
4782
46C2
8661
8661
8661
8661
8661
46C2
4782
2004
1818
07E0
ENDCHAR
STARTCHAR 24BA
ENCODING 9402
SWIDTH 1000 0
DWIDTH 16 0
BBX 16 15 0 -3
BITMAP
07E0
1818
2004
47E2
4602
8601
8601
87C1
8601
8601
4602
47E2
2004
1818
07E0
ENDCHAR
STARTCHAR 24BB
ENCODING 9403
SWIDTH 1000 0
DWIDTH 16 0
BBX 16 15 0 -3
BITMAP
07E0
1818
2004
47E2
4602
8601
8601
87C1
8601
8601
4602
4602
2004
1818
07E0
ENDCHAR
STARTCHAR 24BC
ENCODING 9404
SWIDTH 1000 0
DWIDTH 16 0
BBX 16 15 0 -3
BITMAP
07E0
1818
2004
43C2
4662
8661
8601
8601
86E1
8661
4662
43E2
2004
1818
07E0
ENDCHAR
STARTCHAR 24BD
ENCODING 9405
SWIDTH 1000 0
DWIDTH 16 0
BBX 16 15 0 -3
BITMAP
07E0
1818
2004
4662
4662
8661
8661
87E1
8661
8661
4662
4662
2004
1818
07E0
ENDCHAR
STARTCHAR 24BE
ENCODING 9406
SWIDTH 1000 0
DWIDTH 16 0
BBX 16 15 0 -3
BITMAP
07E0
1818
2004
43C2
4182
8181
8181
8181
8181
8181
4182
43C2
2004
1818
07E0
ENDCHAR
STARTCHAR 24BF
ENCODING 9407
SWIDTH 1000 0
DWIDTH 16 0
BBX 16 15 0 -3
BITMAP
07E0
1818
2004
4062
4062
8061
8061
8061
8061
8661
4662
43C2
2004
1818
07E0
ENDCHAR
STARTCHAR 24C0
ENCODING 9408
SWIDTH 1000 0
DWIDTH 16 0
BBX 16 15 0 -3
BITMAP
07E0
1818
2004
4662
4662
86C1
86C1
8781
86C1
86C1
4662
4662
2004
1818
07E0
ENDCHAR
STARTCHAR 24C1
ENCODING 9409
SWIDTH 1000 0
DWIDTH 16 0
BBX 16 15 0 -3
BITMAP
07E0
1818
2004
4602
4602
8601
8601
8601
8601
8601
4602
47E2
2004
1818
07E0
ENDCHAR
STARTCHAR 24C2
ENCODING 9410
SWIDTH 1000 0
DWIDTH 16 0
BBX 15 15 1 -3
BITMAP
07C0
1830
2008
4C64
4C64
8EE2
8D62
8D62
8D62
8C62
4C64
4C64
2008
1830
07C0
ENDCHAR
STARTCHAR 24C3
ENCODING 9411
SWIDTH 1000 0
DWIDTH 16 0
BBX 15 15 1 -3
BITMAP
07C0
1830
2008
4C64
4C64
8E62
8F62
8DE2
8CE2
8C62
4C64
4C64
2008
1830
07C0
ENDCHAR
STARTCHAR 24C4
ENCODING 9412
SWIDTH 1000 0
DWIDTH 16 0
BBX 16 15 0 -3
BITMAP
07E0
1818
2004
43C2
4662
8661
8661
8661
8661
8661
4662
43C2
2004
1818
07E0
ENDCHAR
STARTCHAR 24C5
ENCODING 9413
SWIDTH 1000 0
DWIDTH 16 0
BBX 16 15 0 -3
BITMAP
07E0
1818
2004
47C2
4662
8661
8661
87C1
8601
8601
4602
4602
2004
1818
07E0
ENDCHAR
STARTCHAR 24C6
ENCODING 9414
SWIDTH 1000 0
DWIDTH 16 0
BBX 16 15 0 -3
BITMAP
07E0
1818
2004
43C2
4662
8661
8661
8661
8661
8661
43C2
40C2
2064
1818
07E0
ENDCHAR
STARTCHAR 24C7
ENCODING 9415
SWIDTH 1000 0
DWIDTH 16 0
BBX 16 15 0 -3
BITMAP
07E0
1818
2004
47C2
4662
8661
8661
87C1
86C1
8661
4662
4662
2004
1818
07E0
ENDCHAR
STARTCHAR 24C8
ENCODING 9416
SWIDTH 1000 0
DWIDTH 16 0
BBX 16 15 0 -3
BITMAP
07E0
1818
2004
43C2
4662
8601
8301
8181
80C1
8061
4662
43C2
2004
1818
07E0
ENDCHAR
STARTCHAR 24C9
ENCODING 9417
SWIDTH 1000 0
DWIDTH 16 0
BBX 16 15 0 -3
BITMAP
07E0
1818
2004
47E2
4182
8181
8181
8181
8181
8181
4182
4182
2004
1818
07E0
ENDCHAR
STARTCHAR 24CA
ENCODING 9418
SWIDTH 1000 0
DWIDTH 16 0
BBX 16 15 0 -3
BITMAP
07E0
1818
2004
4662
4662
8661
8661
8661
8661
8661
4662
43C2
2004
1818
07E0
ENDCHAR
STARTCHAR 24CB
ENCODING 9419
SWIDTH 1000 0
DWIDTH 16 0
BBX 16 15 0 -3
BITMAP
07E0
1818
2004
4662
4662
8661
8661
8661
8661
8661
43C2
4182
2004
1818
07E0
ENDCHAR
STARTCHAR 24CC
ENCODING 9420
SWIDTH 1000 0
DWIDTH 16 0
BBX 15 15 1 -3
BITMAP
07C0
1830
2008
4C64
4C64
8C62
8D62
8D62
8D62
86C2
46C4
46C4
2008
1830
07C0
ENDCHAR
STARTCHAR 24CD
ENCODING 9421
SWIDTH 1000 0
DWIDTH 16 0
BBX 16 15 0 -3
BITMAP
07E0
1818
2004
4662
4662
8341
8181
8181
82C1
8661
4662
4662
2004
1818
07E0
ENDCHAR
STARTCHAR 24CE
ENCODING 9422
SWIDTH 1000 0
DWIDTH 16 0
BBX 16 15 0 -3
BITMAP
07E0
1818
2004
4662
4662
8661
8661
83C1
8181
8181
4182
4182
2004
1818
07E0
ENDCHAR
STARTCHAR 24CF
ENCODING 9423
SWIDTH 1000 0
DWIDTH 16 0
BBX 16 15 0 -3
BITMAP
07E0
1818
2004
47E2
4062
8061
80C1
8181
8301
8601
4602
47E2
2004
1818
07E0
ENDCHAR
STARTCHAR 24D0
ENCODING 9424
SWIDTH 1000 0
DWIDTH 16 0
BBX 16 15 0 -3
BITMAP
07E0
1818
2004
4002
43C2
8061
8061
83E1
8661
8661
43E2
4002
2004
1818
07E0
ENDCHAR
STARTCHAR 24D1
ENCODING 9425
SWIDTH 1000 0
DWIDTH 16 0
BBX 16 15 0 -3
BITMAP
07E0
1818
2004
4602
4602
87C1
8661
8661
8661
8661
4662
47C2
2004
1818
07E0
ENDCHAR
STARTCHAR 24D2
ENCODING 9426
SWIDTH 1000 0
DWIDTH 16 0
BBX 16 15 0 -3
BITMAP
07E0
1818
2004
4002
43C2
8661
8601
8601
8601
8661
43C2
4002
2004
1818
07E0
ENDCHAR
STARTCHAR 24D3
ENCODING 9427
SWIDTH 1000 0
DWIDTH 16 0
BBX 16 15 0 -3
BITMAP
07E0
1818
2004
4062
4062
83E1
8661
8661
8661
8661
4662
43E2
2004
1818
07E0
ENDCHAR
STARTCHAR 24D4
ENCODING 9428
SWIDTH 1000 0
DWIDTH 16 0
BBX 16 15 0 -3
BITMAP
07E0
1818
2004
4002
43C2
8661
8661
87E1
8601
8601
43C2
4002
2004
1818
07E0
ENDCHAR
STARTCHAR 24D5
ENCODING 9429
SWIDTH 1000 0
DWIDTH 16 0
BBX 16 15 0 -3
BITMAP
07E0
1818
2004
41E2
4302
8301
8301
87E1
8301
8301
4302
4302
2004
1818
07E0
ENDCHAR
STARTCHAR 24D6
ENCODING 9430
SWIDTH 1000 0
DWIDTH 16 0
BBX 16 15 0 -3
BITMAP
07E0
1818
2004
43E2
4662
8661
8661
8661
83E1
8061
4062
47C2
2004
1818
07E0
ENDCHAR
STARTCHAR 24D7
ENCODING 9431
SWIDTH 1000 0
DWIDTH 16 0
BBX 16 15 0 -3
BITMAP
07E0
1818
2004
4602
4602
87C1
8661
8661
8661
8661
4662
4662
2004
1818
07E0
ENDCHAR
STARTCHAR 24D8
ENCODING 9432
SWIDTH 1000 0
DWIDTH 16 0
BBX 16 15 0 -3
BITMAP
07E0
1818
2004
4182
4182
8001
8781
8181
8181
8181
4182
47E2
2004
1818
07E0
ENDCHAR
STARTCHAR 24D9
ENCODING 9433
SWIDTH 1000 0
DWIDTH 16 0
BBX 16 15 0 -3
BITMAP
07E0
1818
20C4
40C2
4002
83C1
80C1
80C1
80C1
80C1
40C2
40C2
2384
1818
07E0
ENDCHAR
STARTCHAR 24DA
ENCODING 9434
SWIDTH 1000 0
DWIDTH 16 0
BBX 16 15 0 -3
BITMAP
07E0
1818
2004
4602
4602
8661
8661
86C1
8781
86C1
4662
4662
2004
1818
07E0
ENDCHAR
STARTCHAR 24DB
ENCODING 9435
SWIDTH 1000 0
DWIDTH 16 0
BBX 16 15 0 -3
BITMAP
07E0
1818
2004
4782
4182
8181
8181
8181
8181
8181
4182
47E2
2004
1818
07E0
ENDCHAR
STARTCHAR 24DC
ENCODING 9436
SWIDTH 1000 0
DWIDTH 16 0
BBX 15 15 1 -3
BITMAP
07C0
1830
2008
4004
4FC4
8D62
8D62
8D62
8D62
8D62
4C64
4004
2008
1830
07C0
ENDCHAR
STARTCHAR 24DD
ENCODING 9437
SWIDTH 1000 0
DWIDTH 16 0
BBX 16 15 0 -3
BITMAP
07E0
1818
2004
4002
47C2
8661
8661
8661
8661
8661
4662
4002
2004
1818
07E0
ENDCHAR
STARTCHAR 24DE
ENCODING 9438
SWIDTH 1000 0
DWIDTH 16 0
BBX 16 15 0 -3
BITMAP
07E0
1818
2004
4002
43C2
8661
8661
8661
8661
8661
43C2
4002
2004
1818
07E0
ENDCHAR
STARTCHAR 24DF
ENCODING 9439
SWIDTH 1000 0
DWIDTH 16 0
BBX 16 15 0 -3
BITMAP
07E0
1818
2004
47C2
4662
8661
8661
8661
87C1
8601
4602
4602
2004
1818
07E0
ENDCHAR
STARTCHAR 24E0
ENCODING 9440
SWIDTH 1000 0
DWIDTH 16 0
BBX 16 15 0 -3
BITMAP
07E0
1818
2004
43E2
4662
8661
8661
8661
83E1
8061
4062
4062
2004
1818
07E0
ENDCHAR
STARTCHAR 24E1
ENCODING 9441
SWIDTH 1000 0
DWIDTH 16 0
BBX 16 15 0 -3
BITMAP
07E0
1818
2004
4002
4662
86E1
8701
8601
8601
8601
4602
4002
2004
1818
07E0
ENDCHAR
STARTCHAR 24E2
ENCODING 9442
SWIDTH 1000 0
DWIDTH 16 0
BBX 16 15 0 -3
BITMAP
07E0
1818
2004
4002
43E2
8601
8601
83C1
8061
8061
47C2
4002
2004
1818
07E0
ENDCHAR
STARTCHAR 24E3
ENCODING 9443
SWIDTH 1000 0
DWIDTH 16 0
BBX 16 15 0 -3
BITMAP
07E0
1818
2004
4302
4302
87E1
8301
8301
8301
8301
4302
41E2
2004
1818
07E0
ENDCHAR
STARTCHAR 24E4
ENCODING 9444
SWIDTH 1000 0
DWIDTH 16 0
BBX 16 15 0 -3
BITMAP
07E0
1818
2004
4002
4662
8661
8661
8661
8661
8661
43E2
4002
2004
1818
07E0
ENDCHAR
STARTCHAR 24E5
ENCODING 9445
SWIDTH 1000 0
DWIDTH 16 0
BBX 16 15 0 -3
BITMAP
07E0
1818
2004
4002
4662
8661
8661
8661
8661
83C1
4182
4002
2004
1818
07E0
ENDCHAR
STARTCHAR 24E6
ENCODING 9446
SWIDTH 1000 0
DWIDTH 16 0
BBX 15 15 1 -3
BITMAP
07C0
1830
2008
4004
4C64
8D62
8D62
8D62
8D62
86C2
46C4
4004
2008
1830
07C0
ENDCHAR
STARTCHAR 24E7
ENCODING 9447
SWIDTH 1000 0
DWIDTH 16 0
BBX 16 15 0 -3
BITMAP
07E0
1818
2004
4002
4662
8661
83C1
8181
83C1
8661
4662
4002
2004
1818
07E0
ENDCHAR
STARTCHAR 24E8
ENCODING 9448
SWIDTH 1000 0
DWIDTH 16 0
BBX 15 15 1 -3
BITMAP
07C0
1830
2008
4664
4664
8662
8662
8662
83C2
80C2
4184
4F04
2008
1830
07C0
ENDCHAR
STARTCHAR 24E9
ENCODING 9449
SWIDTH 1000 0
DWIDTH 16 0
BBX 16 15 0 -3
BITMAP
07E0
1818
2004
4002
47E2
8061
80C1
8181
8301
8601
47E2
4002
2004
1818
07E0
ENDCHAR
STARTCHAR 2500
ENCODING 9472
SWIDTH 500 0
DWIDTH 8 0
BBX 8 1 0 6
BITMAP
FF
ENDCHAR
STARTCHAR 2501
ENCODING 9473
SWIDTH 500 0
DWIDTH 8 0
BBX 8 2 0 5
BITMAP
FF
FF
ENDCHAR
STARTCHAR 2502
ENCODING 9474
SWIDTH 500 0
DWIDTH 8 0
BBX 1 15 4 -3
BITMAP
80
80
80
80
80
80
80
80
80
80
80
80
80
80
80
ENDCHAR
STARTCHAR 2503
ENCODING 9475
SWIDTH 500 0
DWIDTH 8 0
BBX 2 15 3 -3
BITMAP
C0
C0
C0
C0
C0
C0
C0
C0
C0
C0
C0
C0
C0
C0
C0
ENDCHAR
STARTCHAR 2504
ENCODING 9476
SWIDTH 500 0
DWIDTH 8 0
BBX 5 1 2 6
BITMAP
A8
ENDCHAR
STARTCHAR 2505
ENCODING 9477
SWIDTH 500 0
DWIDTH 8 0
BBX 5 2 2 5
BITMAP
A8
A8
ENDCHAR
STARTCHAR 2506
ENCODING 9478
SWIDTH 500 0
DWIDTH 8 0
BBX 1 13 4 -2
BITMAP
80
80
80
00
00
80
80
80
00
00
80
80
80
ENDCHAR
STARTCHAR 2507
ENCODING 9479
SWIDTH 500 0
DWIDTH 8 0
BBX 2 13 3 -2
BITMAP
C0
C0
C0
00
00
C0
C0
C0
00
00
C0
C0
C0
ENDCHAR
STARTCHAR 2508
ENCODING 9480
SWIDTH 500 0
DWIDTH 8 0
BBX 7 1 1 6
BITMAP
AA
ENDCHAR
STARTCHAR 2509
ENCODING 9481
SWIDTH 500 0
DWIDTH 8 0
BBX 7 2 1 5
BITMAP
AA
AA
ENDCHAR
STARTCHAR 250A
ENCODING 9482
SWIDTH 500 0
DWIDTH 8 0
BBX 1 14 4 -2
BITMAP
80
80
00
00
80
80
00
00
80
80
00
00
80
80
ENDCHAR
STARTCHAR 250B
ENCODING 9483
SWIDTH 500 0
DWIDTH 8 0
BBX 2 14 3 -2
BITMAP
C0
C0
00
00
C0
C0
00
00
C0
C0
00
00
C0
C0
ENDCHAR
STARTCHAR 250C
ENCODING 9484
SWIDTH 500 0
DWIDTH 8 0
BBX 4 10 4 -3
BITMAP
F0
80
80
80
80
80
80
80
80
80
ENDCHAR
STARTCHAR 250D
ENCODING 9485
SWIDTH 500 0
DWIDTH 8 0
BBX 4 10 4 -3
BITMAP
F0
F0
80
80
80
80
80
80
80
80
ENDCHAR
STARTCHAR 250E
ENCODING 9486
SWIDTH 500 0
DWIDTH 8 0
BBX 5 10 3 -3
BITMAP
F8
C0
C0
C0
C0
C0
C0
C0
C0
C0
ENDCHAR
STARTCHAR 250F
ENCODING 9487
SWIDTH 500 0
DWIDTH 8 0
BBX 5 10 3 -3
BITMAP
F8
F8
C0
C0
C0
C0
C0
C0
C0
C0
ENDCHAR
STARTCHAR 2510
ENCODING 9488
SWIDTH 500 0
DWIDTH 8 0
BBX 5 10 0 -3
BITMAP
F8
08
08
08
08
08
08
08
08
08
ENDCHAR
STARTCHAR 2511
ENCODING 9489
SWIDTH 500 0
DWIDTH 8 0
BBX 5 10 0 -3
BITMAP
F8
F8
08
08
08
08
08
08
08
08
ENDCHAR
STARTCHAR 2512
ENCODING 9490
SWIDTH 500 0
DWIDTH 8 0
BBX 5 10 0 -3
BITMAP
F8
18
18
18
18
18
18
18
18
18
ENDCHAR
STARTCHAR 2513
ENCODING 9491
SWIDTH 500 0
DWIDTH 8 0
BBX 5 10 0 -3
BITMAP
F8
F8
18
18
18
18
18
18
18
18
ENDCHAR
STARTCHAR 2514
ENCODING 9492
SWIDTH 500 0
DWIDTH 8 0
BBX 4 6 4 6
BITMAP
80
80
80
80
80
F0
ENDCHAR
STARTCHAR 2515
ENCODING 9493
SWIDTH 500 0
DWIDTH 8 0
BBX 4 7 4 5
BITMAP
80
80
80
80
80
F0
F0
ENDCHAR
STARTCHAR 2516
ENCODING 9494
SWIDTH 500 0
DWIDTH 8 0
BBX 5 6 3 6
BITMAP
C0
C0
C0
C0
C0
F8
ENDCHAR
STARTCHAR 2517
ENCODING 9495
SWIDTH 500 0
DWIDTH 8 0
BBX 5 7 3 5
BITMAP
C0
C0
C0
C0
C0
F8
F8
ENDCHAR
STARTCHAR 2518
ENCODING 9496
SWIDTH 500 0
DWIDTH 8 0
BBX 5 6 0 6
BITMAP
08
08
08
08
08
F8
ENDCHAR
STARTCHAR 2519
ENCODING 9497
SWIDTH 500 0
DWIDTH 8 0
BBX 5 7 0 5
BITMAP
08
08
08
08
08
F8
F8
ENDCHAR
STARTCHAR 251A
ENCODING 9498
SWIDTH 500 0
DWIDTH 8 0
BBX 5 6 0 6
BITMAP
18
18
18
18
18
F8
ENDCHAR
STARTCHAR 251B
ENCODING 9499
SWIDTH 500 0
DWIDTH 8 0
BBX 5 7 0 5
BITMAP
18
18
18
18
18
F8
F8
ENDCHAR
STARTCHAR 251C
ENCODING 9500
SWIDTH 500 0
DWIDTH 8 0
BBX 4 15 4 -3
BITMAP
80
80
80
80
80
F0
80
80
80
80
80
80
80
80
80
ENDCHAR
STARTCHAR 251D
ENCODING 9501
SWIDTH 500 0
DWIDTH 8 0
BBX 4 15 4 -3
BITMAP
80
80
80
80
80
F0
F0
80
80
80
80
80
80
80
80
ENDCHAR
STARTCHAR 251E
ENCODING 9502
SWIDTH 500 0
DWIDTH 8 0
BBX 5 15 3 -3
BITMAP
C0
C0
C0
C0
C0
F8
40
40
40
40
40
40
40
40
40
ENDCHAR
STARTCHAR 251F
ENCODING 9503
SWIDTH 500 0
DWIDTH 8 0
BBX 5 15 3 -3
BITMAP
40
40
40
40
40
F8
C0
C0
C0
C0
C0
C0
C0
C0
C0
ENDCHAR
STARTCHAR 2520
ENCODING 9504
SWIDTH 500 0
DWIDTH 8 0
BBX 5 15 3 -3
BITMAP
C0
C0
C0
C0
C0
F8
C0
C0
C0
C0
C0
C0
C0
C0
C0
ENDCHAR
STARTCHAR 2521
ENCODING 9505
SWIDTH 500 0
DWIDTH 8 0
BBX 5 15 3 -3
BITMAP
C0
C0
C0
C0
C0
F8
F8
40
40
40
40
40
40
40
40
ENDCHAR
STARTCHAR 2522
ENCODING 9506
SWIDTH 500 0
DWIDTH 8 0
BBX 5 15 3 -3
BITMAP
40
40
40
40
40
F8
F8
C0
C0
C0
C0
C0
C0
C0
C0
ENDCHAR
STARTCHAR 2523
ENCODING 9507
SWIDTH 500 0
DWIDTH 8 0
BBX 5 15 3 -3
BITMAP
C0
C0
C0
C0
C0
F8
F8
C0
C0
C0
C0
C0
C0
C0
C0
ENDCHAR
STARTCHAR 2524
ENCODING 9508
SWIDTH 500 0
DWIDTH 8 0
BBX 5 15 0 -3
BITMAP
08
08
08
08
08
F8
08
08
08
08
08
08
08
08
08
ENDCHAR
STARTCHAR 2525
ENCODING 9509
SWIDTH 500 0
DWIDTH 8 0
BBX 5 15 0 -3
BITMAP
08
08
08
08
08
F8
F8
08
08
08
08
08
08
08
08
ENDCHAR
STARTCHAR 2526
ENCODING 9510
SWIDTH 500 0
DWIDTH 8 0
BBX 5 15 0 -3
BITMAP
18
18
18
18
18
F8
08
08
08
08
08
08
08
08
08
ENDCHAR
STARTCHAR 2527
ENCODING 9511
SWIDTH 500 0
DWIDTH 8 0
BBX 5 15 0 -3
BITMAP
08
08
08
08
08
F8
18
18
18
18
18
18
18
18
18
ENDCHAR
STARTCHAR 2528
ENCODING 9512
SWIDTH 500 0
DWIDTH 8 0
BBX 5 15 0 -3
BITMAP
18
18
18
18
18
F8
18
18
18
18
18
18
18
18
18
ENDCHAR
STARTCHAR 2529
ENCODING 9513
SWIDTH 500 0
DWIDTH 8 0
BBX 5 15 0 -3
BITMAP
18
18
18
18
18
F8
F8
08
08
08
08
08
08
08
08
ENDCHAR
STARTCHAR 252A
ENCODING 9514
SWIDTH 500 0
DWIDTH 8 0
BBX 5 15 0 -3
BITMAP
08
08
08
08
08
F8
F8
18
18
18
18
18
18
18
18
ENDCHAR
STARTCHAR 252B
ENCODING 9515
SWIDTH 500 0
DWIDTH 8 0
BBX 5 15 0 -3
BITMAP
18
18
18
18
18
F8
F8
18
18
18
18
18
18
18
18
ENDCHAR
STARTCHAR 252C
ENCODING 9516
SWIDTH 500 0
DWIDTH 8 0
BBX 8 10 0 -3
BITMAP
FF
08
08
08
08
08
08
08
08
08
ENDCHAR
STARTCHAR 252D
ENCODING 9517
SWIDTH 500 0
DWIDTH 8 0
BBX 8 10 0 -3
BITMAP
FF
F8
08
08
08
08
08
08
08
08
ENDCHAR
STARTCHAR 252E
ENCODING 9518
SWIDTH 500 0
DWIDTH 8 0
BBX 8 10 0 -3
BITMAP
FF
0F
08
08
08
08
08
08
08
08
ENDCHAR
STARTCHAR 252F
ENCODING 9519
SWIDTH 500 0
DWIDTH 8 0
BBX 8 10 0 -3
BITMAP
FF
FF
08
08
08
08
08
08
08
08
ENDCHAR
STARTCHAR 2530
ENCODING 9520
SWIDTH 500 0
DWIDTH 8 0
BBX 8 10 0 -3
BITMAP
FF
18
18
18
18
18
18
18
18
18
ENDCHAR
STARTCHAR 2531
ENCODING 9521
SWIDTH 500 0
DWIDTH 8 0
BBX 8 10 0 -3
BITMAP
FF
F8
18
18
18
18
18
18
18
18
ENDCHAR
STARTCHAR 2532
ENCODING 9522
SWIDTH 500 0
DWIDTH 8 0
BBX 8 10 0 -3
BITMAP
FF
1F
18
18
18
18
18
18
18
18
ENDCHAR
STARTCHAR 2533
ENCODING 9523
SWIDTH 500 0
DWIDTH 8 0
BBX 8 10 0 -3
BITMAP
FF
FF
18
18
18
18
18
18
18
18
ENDCHAR
STARTCHAR 2534
ENCODING 9524
SWIDTH 500 0
DWIDTH 8 0
BBX 8 6 0 6
BITMAP
08
08
08
08
08
FF
ENDCHAR
STARTCHAR 2535
ENCODING 9525
SWIDTH 500 0
DWIDTH 8 0
BBX 8 7 0 5
BITMAP
08
08
08
08
08
FF
F8
ENDCHAR
STARTCHAR 2536
ENCODING 9526
SWIDTH 500 0
DWIDTH 8 0
BBX 8 7 0 5
BITMAP
08
08
08
08
08
FF
0F
ENDCHAR
STARTCHAR 2537
ENCODING 9527
SWIDTH 500 0
DWIDTH 8 0
BBX 8 7 0 5
BITMAP
08
08
08
08
08
FF
FF
ENDCHAR
STARTCHAR 2538
ENCODING 9528
SWIDTH 500 0
DWIDTH 8 0
BBX 8 6 0 6
BITMAP
18
18
18
18
18
FF
ENDCHAR
STARTCHAR 2539
ENCODING 9529
SWIDTH 500 0
DWIDTH 8 0
BBX 8 7 0 5
BITMAP
18
18
18
18
18
FF
F8
ENDCHAR
STARTCHAR 253A
ENCODING 9530
SWIDTH 500 0
DWIDTH 8 0
BBX 8 7 0 5
BITMAP
18
18
18
18
18
FF
1F
ENDCHAR
STARTCHAR 253B
ENCODING 9531
SWIDTH 500 0
DWIDTH 8 0
BBX 8 7 0 5
BITMAP
18
18
18
18
18
FF
FF
ENDCHAR
STARTCHAR 253C
ENCODING 9532
SWIDTH 500 0
DWIDTH 8 0
BBX 8 15 0 -3
BITMAP
08
08
08
08
08
FF
08
08
08
08
08
08
08
08
08
ENDCHAR
STARTCHAR 253D
ENCODING 9533
SWIDTH 500 0
DWIDTH 8 0
BBX 8 15 0 -3
BITMAP
08
08
08
08
08
FF
F8
08
08
08
08
08
08
08
08
ENDCHAR
STARTCHAR 253E
ENCODING 9534
SWIDTH 500 0
DWIDTH 8 0
BBX 8 15 0 -3
BITMAP
08
08
08
08
08
FF
0F
08
08
08
08
08
08
08
08
ENDCHAR
STARTCHAR 253F
ENCODING 9535
SWIDTH 500 0
DWIDTH 8 0
BBX 8 15 0 -3
BITMAP
08
08
08
08
08
FF
FF
08
08
08
08
08
08
08
08
ENDCHAR
STARTCHAR 2540
ENCODING 9536
SWIDTH 500 0
DWIDTH 8 0
BBX 8 15 0 -3
BITMAP
18
18
18
18
18
FF
08
08
08
08
08
08
08
08
08
ENDCHAR
STARTCHAR 2541
ENCODING 9537
SWIDTH 500 0
DWIDTH 8 0
BBX 8 15 0 -3
BITMAP
08
08
08
08
08
FF
18
18
18
18
18
18
18
18
18
ENDCHAR
STARTCHAR 2542
ENCODING 9538
SWIDTH 500 0
DWIDTH 8 0
BBX 8 15 0 -3
BITMAP
18
18
18
18
18
FF
18
18
18
18
18
18
18
18
18
ENDCHAR
STARTCHAR 2543
ENCODING 9539
SWIDTH 500 0
DWIDTH 8 0
BBX 8 15 0 -3
BITMAP
18
18
18
18
18
FF
F8
08
08
08
08
08
08
08
08
ENDCHAR
STARTCHAR 2544
ENCODING 9540
SWIDTH 500 0
DWIDTH 8 0
BBX 8 15 0 -3
BITMAP
18
18
18
18
18
FF
1F
08
08
08
08
08
08
08
08
ENDCHAR
STARTCHAR 2545
ENCODING 9541
SWIDTH 500 0
DWIDTH 8 0
BBX 8 15 0 -3
BITMAP
08
08
08
08
08
FF
F8
18
18
18
18
18
18
18
18
ENDCHAR
STARTCHAR 2546
ENCODING 9542
SWIDTH 500 0
DWIDTH 8 0
BBX 8 15 0 -3
BITMAP
08
08
08
08
08
FF
1F
18
18
18
18
18
18
18
18
ENDCHAR
STARTCHAR 2547
ENCODING 9543
SWIDTH 500 0
DWIDTH 8 0
BBX 8 15 0 -3
BITMAP
18
18
18
18
18
FF
FF
08
08
08
08
08
08
08
08
ENDCHAR
STARTCHAR 2548
ENCODING 9544
SWIDTH 500 0
DWIDTH 8 0
BBX 8 15 0 -3
BITMAP
08
08
08
08
08
FF
FF
18
18
18
18
18
18
18
18
ENDCHAR
STARTCHAR 2549
ENCODING 9545
SWIDTH 500 0
DWIDTH 8 0
BBX 8 15 0 -3
BITMAP
18
18
18
18
18
FF
F8
18
18
18
18
18
18
18
18
ENDCHAR
STARTCHAR 254A
ENCODING 9546
SWIDTH 500 0
DWIDTH 8 0
BBX 8 15 0 -3
BITMAP
18
18
18
18
18
FF
1F
18
18
18
18
18
18
18
18
ENDCHAR
STARTCHAR 254B
ENCODING 9547
SWIDTH 500 0
DWIDTH 8 0
BBX 8 15 0 -3
BITMAP
18
18
18
18
18
FF
FF
18
18
18
18
18
18
18
18
ENDCHAR
STARTCHAR 254C
ENCODING 9548
SWIDTH 500 0
DWIDTH 8 0
BBX 7 1 1 6
BITMAP
EE
ENDCHAR
STARTCHAR 254D
ENCODING 9549
SWIDTH 500 0
DWIDTH 8 0
BBX 7 2 1 5
BITMAP
EE
EE
ENDCHAR
STARTCHAR 254E
ENCODING 9550
SWIDTH 500 0
DWIDTH 8 0
BBX 1 13 4 -1
BITMAP
80
80
80
80
80
00
00
00
80
80
80
80
80
ENDCHAR
STARTCHAR 254F
ENCODING 9551
SWIDTH 500 0
DWIDTH 8 0
BBX 2 13 3 -1
BITMAP
C0
C0
C0
C0
C0
00
00
00
C0
C0
C0
C0
C0
ENDCHAR
STARTCHAR 2550
ENCODING 9552
SWIDTH 500 0
DWIDTH 8 0
BBX 8 3 0 5
BITMAP
FF
00
FF
ENDCHAR
STARTCHAR 2551
ENCODING 9553
SWIDTH 500 0
DWIDTH 8 0
BBX 3 15 3 -3
BITMAP
A0
A0
A0
A0
A0
A0
A0
A0
A0
A0
A0
A0
A0
A0
A0
ENDCHAR
STARTCHAR 2552
ENCODING 9554
SWIDTH 500 0
DWIDTH 8 0
BBX 4 11 4 -3
BITMAP
F0
80
F0
80
80
80
80
80
80
80
80
ENDCHAR
STARTCHAR 2553
ENCODING 9555
SWIDTH 500 0
DWIDTH 8 0
BBX 5 10 3 -3
BITMAP
F8
A0
A0
A0
A0
A0
A0
A0
A0
A0
ENDCHAR
STARTCHAR 2554
ENCODING 9556
SWIDTH 500 0
DWIDTH 8 0
BBX 5 11 3 -3
BITMAP
F8
80
B8
A0
A0
A0
A0
A0
A0
A0
A0
ENDCHAR
STARTCHAR 2555
ENCODING 9557
SWIDTH 500 0
DWIDTH 8 0
BBX 5 11 0 -3
BITMAP
F8
08
F8
08
08
08
08
08
08
08
08
ENDCHAR
STARTCHAR 2556
ENCODING 9558
SWIDTH 500 0
DWIDTH 8 0
BBX 6 10 0 -3
BITMAP
FC
14
14
14
14
14
14
14
14
14
ENDCHAR
STARTCHAR 2557
ENCODING 9559
SWIDTH 500 0
DWIDTH 8 0
BBX 6 11 0 -3
BITMAP
FC
04
F4
14
14
14
14
14
14
14
14
ENDCHAR
STARTCHAR 2558
ENCODING 9560
SWIDTH 500 0
DWIDTH 8 0
BBX 4 7 4 5
BITMAP
80
80
80
80
F0
80
F0
ENDCHAR
STARTCHAR 2559
ENCODING 9561
SWIDTH 500 0
DWIDTH 8 0
BBX 5 6 3 6
BITMAP
A0
A0
A0
A0
A0
F8
ENDCHAR
STARTCHAR 255A
ENCODING 9562
SWIDTH 500 0
DWIDTH 8 0
BBX 5 7 3 5
BITMAP
A0
A0
A0
A0
B8
80
F8
ENDCHAR
STARTCHAR 255B
ENCODING 9563
SWIDTH 500 0
DWIDTH 8 0
BBX 5 7 0 5
BITMAP
08
08
08
08
F8
08
F8
ENDCHAR
STARTCHAR 255C
ENCODING 9564
SWIDTH 500 0
DWIDTH 8 0
BBX 6 6 0 6
BITMAP
14
14
14
14
14
FC
ENDCHAR
STARTCHAR 255D
ENCODING 9565
SWIDTH 500 0
DWIDTH 8 0
BBX 6 7 0 5
BITMAP
14
14
14
14
F4
04
FC
ENDCHAR
STARTCHAR 255E
ENCODING 9566
SWIDTH 500 0
DWIDTH 8 0
BBX 4 15 4 -3
BITMAP
80
80
80
80
F0
80
F0
80
80
80
80
80
80
80
80
ENDCHAR
STARTCHAR 255F
ENCODING 9567
SWIDTH 500 0
DWIDTH 8 0
BBX 5 15 3 -3
BITMAP
A0
A0
A0
A0
A0
B8
A0
A0
A0
A0
A0
A0
A0
A0
A0
ENDCHAR
STARTCHAR 2560
ENCODING 9568
SWIDTH 500 0
DWIDTH 8 0
BBX 5 15 3 -3
BITMAP
A0
A0
A0
A0
B8
80
B8
A0
A0
A0
A0
A0
A0
A0
A0
ENDCHAR
STARTCHAR 2561
ENCODING 9569
SWIDTH 500 0
DWIDTH 8 0
BBX 5 15 0 -3
BITMAP
08
08
08
08
F8
08
F8
08
08
08
08
08
08
08
08
ENDCHAR
STARTCHAR 2562
ENCODING 9570
SWIDTH 500 0
DWIDTH 8 0
BBX 6 15 0 -3
BITMAP
14
14
14
14
14
F4
14
14
14
14
14
14
14
14
14
ENDCHAR
STARTCHAR 2563
ENCODING 9571
SWIDTH 500 0
DWIDTH 8 0
BBX 6 15 0 -3
BITMAP
14
14
14
14
F4
04
F4
14
14
14
14
14
14
14
14
ENDCHAR
STARTCHAR 2564
ENCODING 9572
SWIDTH 500 0
DWIDTH 8 0
BBX 8 11 0 -3
BITMAP
FF
00
FF
08
08
08
08
08
08
08
08
ENDCHAR
STARTCHAR 2565
ENCODING 9573
SWIDTH 500 0
DWIDTH 8 0
BBX 8 10 0 -3
BITMAP
FF
14
14
14
14
14
14
14
14
14
ENDCHAR
STARTCHAR 2566
ENCODING 9574
SWIDTH 500 0
DWIDTH 8 0
BBX 8 11 0 -3
BITMAP
FF
00
F7
14
14
14
14
14
14
14
14
ENDCHAR
STARTCHAR 2567
ENCODING 9575
SWIDTH 500 0
DWIDTH 8 0
BBX 8 7 0 5
BITMAP
08
08
08
08
FF
00
FF
ENDCHAR
STARTCHAR 2568
ENCODING 9576
SWIDTH 500 0
DWIDTH 8 0
BBX 8 6 0 6
BITMAP
14
14
14
14
14
FF
ENDCHAR
STARTCHAR 2569
ENCODING 9577
SWIDTH 500 0
DWIDTH 8 0
BBX 8 7 0 5
BITMAP
14
14
14
14
F7
00
FF
ENDCHAR
STARTCHAR 256A
ENCODING 9578
SWIDTH 500 0
DWIDTH 8 0
BBX 8 15 0 -3
BITMAP
08
08
08
08
FF
00
FF
08
08
08
08
08
08
08
08
ENDCHAR
STARTCHAR 256B
ENCODING 9579
SWIDTH 500 0
DWIDTH 8 0
BBX 8 15 0 -3
BITMAP
14
14
14
14
14
F7
14
14
14
14
14
14
14
14
14
ENDCHAR
STARTCHAR 256C
ENCODING 9580
SWIDTH 500 0
DWIDTH 8 0
BBX 8 15 0 -3
BITMAP
14
14
14
14
F7
00
F7
14
14
14
14
14
14
14
14
ENDCHAR
STARTCHAR 256D
ENCODING 9581
SWIDTH 500 0
DWIDTH 8 0
BBX 4 10 4 -3
BITMAP
10
20
40
40
80
80
80
80
80
80
ENDCHAR
STARTCHAR 256E
ENCODING 9582
SWIDTH 500 0
DWIDTH 8 0
BBX 5 10 0 -3
BITMAP
C0
20
10
10
08
08
08
08
08
08
ENDCHAR
STARTCHAR 256F
ENCODING 9583
SWIDTH 500 0
DWIDTH 8 0
BBX 5 6 0 6
BITMAP
08
08
10
10
20
C0
ENDCHAR
STARTCHAR 2570
ENCODING 9584
SWIDTH 500 0
DWIDTH 8 0
BBX 4 6 4 6
BITMAP
80
80
40
40
20
10
ENDCHAR
STARTCHAR 2571
ENCODING 9585
SWIDTH 500 0
DWIDTH 8 0
BBX 8 15 0 -3
BITMAP
01
01
01
01
03
06
0C
18
30
60
C0
80
80
80
80
ENDCHAR
STARTCHAR 2572
ENCODING 9586
SWIDTH 500 0
DWIDTH 8 0
BBX 8 15 0 -3
BITMAP
80
80
80
80
C0
60
30
18
0C
06
03
01
01
01
01
ENDCHAR
STARTCHAR 2573
ENCODING 9587
SWIDTH 500 0
DWIDTH 8 0
BBX 8 15 0 -3
BITMAP
81
81
81
81
C3
66
3C
18
3C
66
C3
81
81
81
81
ENDCHAR
STARTCHAR 2574
ENCODING 9588
SWIDTH 500 0
DWIDTH 8 0
BBX 5 3 0 5
BITMAP
18
F8
18
ENDCHAR
STARTCHAR 2575
ENCODING 9589
SWIDTH 500 0
DWIDTH 8 0
BBX 3 7 3 5
BITMAP
40
40
40
40
40
E0
E0
ENDCHAR
STARTCHAR 2576
ENCODING 9590
SWIDTH 500 0
DWIDTH 8 0
BBX 5 3 3 5
BITMAP
C0
F8
C0
ENDCHAR
STARTCHAR 2577
ENCODING 9591
SWIDTH 500 0
DWIDTH 8 0
BBX 3 10 3 -3
BITMAP
E0
E0
40
40
40
40
40
40
40
40
ENDCHAR
STARTCHAR 2578
ENCODING 9592
SWIDTH 500 0
DWIDTH 8 0
BBX 5 4 0 4
BITMAP
18
F8
F8
18
ENDCHAR
STARTCHAR 2579
ENCODING 9593
SWIDTH 500 0
DWIDTH 8 0
BBX 4 7 2 5
BITMAP
60
60
60
60
60
F0
F0
ENDCHAR
STARTCHAR 257A
ENCODING 9594
SWIDTH 500 0
DWIDTH 8 0
BBX 5 4 3 4
BITMAP
C0
F8
F8
C0
ENDCHAR
STARTCHAR 257B
ENCODING 9595
SWIDTH 500 0
DWIDTH 8 0
BBX 4 10 2 -3
BITMAP
F0
F0
60
60
60
60
60
60
60
60
ENDCHAR
STARTCHAR 257C
ENCODING 9596
SWIDTH 500 0
DWIDTH 8 0
BBX 8 2 0 5
BITMAP
FF
0F
ENDCHAR
STARTCHAR 257D
ENCODING 9597
SWIDTH 500 0
DWIDTH 8 0
BBX 2 15 3 -3
BITMAP
40
40
40
40
40
40
C0
C0
C0
C0
C0
C0
C0
C0
C0
ENDCHAR
STARTCHAR 257E
ENCODING 9598
SWIDTH 500 0
DWIDTH 8 0
BBX 8 2 0 5
BITMAP
FF
F0
ENDCHAR
STARTCHAR 257F
ENCODING 9599
SWIDTH 500 0
DWIDTH 8 0
BBX 2 15 3 -3
BITMAP
C0
C0
C0
C0
C0
C0
40
40
40
40
40
40
40
40
40
ENDCHAR
STARTCHAR 2580
ENCODING 9600
SWIDTH 500 0
DWIDTH 8 0
BBX 8 8 0 4
BITMAP
FF
FF
FF
FF
FF
FF
FF
FF
ENDCHAR
STARTCHAR 2581
ENCODING 9601
SWIDTH 500 0
DWIDTH 8 0
BBX 8 2 0 -3
BITMAP
FF
FF
ENDCHAR
STARTCHAR 2582
ENCODING 9602
SWIDTH 500 0
DWIDTH 8 0
BBX 8 4 0 -3
BITMAP
FF
FF
FF
FF
ENDCHAR
STARTCHAR 2583
ENCODING 9603
SWIDTH 500 0
DWIDTH 8 0
BBX 8 6 0 -3
BITMAP
FF
FF
FF
FF
FF
FF
ENDCHAR
STARTCHAR 2584
ENCODING 9604
SWIDTH 500 0
DWIDTH 8 0
BBX 8 8 0 -3
BITMAP
FF
FF
FF
FF
FF
FF
FF
FF
ENDCHAR
STARTCHAR 2585
ENCODING 9605
SWIDTH 500 0
DWIDTH 8 0
BBX 8 9 0 -3
BITMAP
FF
FF
FF
FF
FF
FF
FF
FF
FF
ENDCHAR
STARTCHAR 2586
ENCODING 9606
SWIDTH 500 0
DWIDTH 8 0
BBX 8 11 0 -3
BITMAP
FF
FF
FF
FF
FF
FF
FF
FF
FF
FF
FF
ENDCHAR
STARTCHAR 2587
ENCODING 9607
SWIDTH 500 0
DWIDTH 8 0
BBX 8 13 0 -3
BITMAP
FF
FF
FF
FF
FF
FF
FF
FF
FF
FF
FF
FF
FF
ENDCHAR
STARTCHAR 2588
ENCODING 9608
SWIDTH 500 0
DWIDTH 8 0
BBX 8 15 0 -3
BITMAP
FF
FF
FF
FF
FF
FF
FF
FF
FF
FF
FF
FF
FF
FF
FF
ENDCHAR
STARTCHAR 2589
ENCODING 9609
SWIDTH 500 0
DWIDTH 8 0
BBX 7 15 0 -3
BITMAP
FE
FE
FE
FE
FE
FE
FE
FE
FE
FE
FE
FE
FE
FE
FE
ENDCHAR
STARTCHAR 258A
ENCODING 9610
SWIDTH 500 0
DWIDTH 8 0
BBX 6 15 0 -3
BITMAP
FC
FC
FC
FC
FC
FC
FC
FC
FC
FC
FC
FC
FC
FC
FC
ENDCHAR
STARTCHAR 258B
ENCODING 9611
SWIDTH 500 0
DWIDTH 8 0
BBX 5 15 0 -3
BITMAP
F8
F8
F8
F8
F8
F8
F8
F8
F8
F8
F8
F8
F8
F8
F8
ENDCHAR
STARTCHAR 258C
ENCODING 9612
SWIDTH 500 0
DWIDTH 8 0
BBX 4 15 0 -3
BITMAP
F0
F0
F0
F0
F0
F0
F0
F0
F0
F0
F0
F0
F0
F0
F0
ENDCHAR
STARTCHAR 258D
ENCODING 9613
SWIDTH 500 0
DWIDTH 8 0
BBX 3 15 0 -3
BITMAP
E0
E0
E0
E0
E0
E0
E0
E0
E0
E0
E0
E0
E0
E0
E0
ENDCHAR
STARTCHAR 258E
ENCODING 9614
SWIDTH 500 0
DWIDTH 8 0
BBX 2 15 0 -3
BITMAP
C0
C0
C0
C0
C0
C0
C0
C0
C0
C0
C0
C0
C0
C0
C0
ENDCHAR
STARTCHAR 258F
ENCODING 9615
SWIDTH 500 0
DWIDTH 8 0
BBX 1 15 0 -3
BITMAP
80
80
80
80
80
80
80
80
80
80
80
80
80
80
80
ENDCHAR
STARTCHAR 2590
ENCODING 9616
SWIDTH 500 0
DWIDTH 8 0
BBX 4 15 4 -3
BITMAP
F0
F0
F0
F0
F0
F0
F0
F0
F0
F0
F0
F0
F0
F0
F0
ENDCHAR
STARTCHAR 2591
ENCODING 9617
SWIDTH 500 0
DWIDTH 8 0
BBX 7 15 0 -3
BITMAP
88
22
88
22
88
22
88
22
88
22
88
22
88
22
88
ENDCHAR
STARTCHAR 2592
ENCODING 9618
SWIDTH 500 0
DWIDTH 8 0
BBX 8 15 0 -3
BITMAP
AA
55
AA
55
AA
55
AA
55
AA
55
AA
55
AA
55
AA
ENDCHAR
STARTCHAR 2593
ENCODING 9619
SWIDTH 500 0
DWIDTH 8 0
BBX 8 15 0 -3
BITMAP
77
DD
77
DD
77
DD
77
DD
77
DD
77
DD
77
DD
77
ENDCHAR
STARTCHAR 2594
ENCODING 9620
SWIDTH 500 0
DWIDTH 8 0
BBX 8 2 0 10
BITMAP
FF
FF
ENDCHAR
STARTCHAR 2595
ENCODING 9621
SWIDTH 500 0
DWIDTH 8 0
BBX 1 15 7 -3
BITMAP
80
80
80
80
80
80
80
80
80
80
80
80
80
80
80
ENDCHAR
STARTCHAR 2596
ENCODING 9622
SWIDTH 500 0
DWIDTH 8 0
BBX 4 8 0 -3
BITMAP
F0
F0
F0
F0
F0
F0
F0
F0
ENDCHAR
STARTCHAR 2597
ENCODING 9623
SWIDTH 500 0
DWIDTH 8 0
BBX 4 8 4 -3
BITMAP
F0
F0
F0
F0
F0
F0
F0
F0
ENDCHAR
STARTCHAR 2598
ENCODING 9624
SWIDTH 500 0
DWIDTH 8 0
BBX 4 7 0 5
BITMAP
F0
F0
F0
F0
F0
F0
F0
ENDCHAR
STARTCHAR 2599
ENCODING 9625
SWIDTH 500 0
DWIDTH 8 0
BBX 8 15 0 -3
BITMAP
F0
F0
F0
F0
F0
F0
F0
FF
FF
FF
FF
FF
FF
FF
FF
ENDCHAR
STARTCHAR 259A
ENCODING 9626
SWIDTH 500 0
DWIDTH 8 0
BBX 8 15 0 -3
BITMAP
F0
F0
F0
F0
F0
F0
F0
0F
0F
0F
0F
0F
0F
0F
0F
ENDCHAR
STARTCHAR 259B
ENCODING 9627
SWIDTH 500 0
DWIDTH 8 0
BBX 8 15 0 -3
BITMAP
FF
FF
FF
FF
FF
FF
FF
F0
F0
F0
F0
F0
F0
F0
F0
ENDCHAR
STARTCHAR 259C
ENCODING 9628
SWIDTH 500 0
DWIDTH 8 0
BBX 8 15 0 -3
BITMAP
FF
FF
FF
FF
FF
FF
FF
0F
0F
0F
0F
0F
0F
0F
0F
ENDCHAR
STARTCHAR 259D
ENCODING 9629
SWIDTH 500 0
DWIDTH 8 0
BBX 4 7 4 5
BITMAP
F0
F0
F0
F0
F0
F0
F0
ENDCHAR
STARTCHAR 259E
ENCODING 9630
SWIDTH 500 0
DWIDTH 8 0
BBX 8 15 0 -3
BITMAP
0F
0F
0F
0F
0F
0F
0F
F0
F0
F0
F0
F0
F0
F0
F0
ENDCHAR
STARTCHAR 259F
ENCODING 9631
SWIDTH 500 0
DWIDTH 8 0
BBX 8 15 0 -3
BITMAP
0F
0F
0F
0F
0F
0F
0F
FF
FF
FF
FF
FF
FF
FF
FF
ENDCHAR
STARTCHAR 25A0
ENCODING 9632
SWIDTH 1000 0
DWIDTH 16 0
BBX 13 13 2 -1
BITMAP
FFF8
FFF8
FFF8
FFF8
FFF8
FFF8
FFF8
FFF8
FFF8
FFF8
FFF8
FFF8
FFF8
ENDCHAR
STARTCHAR 25A4
ENCODING 9636
SWIDTH 1000 0
DWIDTH 16 0
BBX 13 13 2 -1
BITMAP
FFF8
8008
8008
FFF8
8008
8008
FFF8
8008
8008
FFF8
8008
8008
FFF8
ENDCHAR
STARTCHAR 25A5
ENCODING 9637
SWIDTH 1000 0
DWIDTH 16 0
BBX 13 13 2 -1
BITMAP
FFF8
9248
9248
9248
9248
9248
9248
9248
9248
9248
9248
9248
FFF8
ENDCHAR
STARTCHAR 25A6
ENCODING 9638
SWIDTH 1000 0
DWIDTH 16 0
BBX 13 13 2 -1
BITMAP
FFF8
9248
9248
FFF8
9248
9248
FFF8
9248
9248
FFF8
9248
9248
FFF8
ENDCHAR
STARTCHAR 25A7
ENCODING 9639
SWIDTH 1000 0
DWIDTH 16 0
BBX 13 13 2 -1
BITMAP
FFF8
A498
9248
C928
A498
9248
C928
A498
9248
C928
A498
9248
FFF8
ENDCHAR
STARTCHAR 25A8
ENCODING 9640
SWIDTH 1000 0
DWIDTH 16 0
BBX 13 13 2 -1
BITMAP
FFF8
C928
9248
A498
C928
9248
A498
C928
9248
A498
C928
9248
FFF8
ENDCHAR
STARTCHAR 25A9
ENCODING 9641
SWIDTH 1000 0
DWIDTH 16 0
BBX 13 13 2 -1
BITMAP
FFF8
A498
DB68
DB68
A498
DB68
DB68
A498
DB68
DB68
A498
DB68
FFF8
ENDCHAR
STARTCHAR 25AA
ENCODING 9642
SWIDTH 500 0
DWIDTH 8 0
BBX 4 4 2 0
BITMAP
F0
F0
F0
F0
ENDCHAR
STARTCHAR 25AB
ENCODING 9643
SWIDTH 500 0
DWIDTH 8 0
BBX 4 4 2 0
BITMAP
F0
90
90
F0
ENDCHAR
STARTCHAR 25AC
ENCODING 9644
SWIDTH 1000 0
DWIDTH 16 0
BBX 14 7 1 0
BITMAP
FFFC
FFFC
FFFC
FFFC
FFFC
FFFC
FFFC
ENDCHAR
STARTCHAR 25AD
ENCODING 9645
SWIDTH 1000 0
DWIDTH 16 0
BBX 14 7 1 0
BITMAP
FFFC
8004
8004
8004
8004
8004
FFFC
ENDCHAR
STARTCHAR 25C9
ENCODING 9673
SWIDTH 500 0
DWIDTH 8 0
BBX 7 7 1 0
BITMAP
38
44
92
BA
92
44
38
ENDCHAR
STARTCHAR 25CA
ENCODING 9674
SWIDTH 500 0
DWIDTH 8 0
BBX 7 11 1 0
BITMAP
10
28
28
44
44
82
44
44
28
28
10
ENDCHAR
STARTCHAR 25CB
ENCODING 9675
SWIDTH 500 0
DWIDTH 8 0
BBX 7 7 1 0
BITMAP
38
44
82
82
82
44
38
ENDCHAR
STARTCHAR 25CC
ENCODING 9676
SWIDTH 500 0
DWIDTH 8 0
BBX 7 7 1 0
BITMAP
10
44
00
82
00
44
10
ENDCHAR
STARTCHAR 25CD
ENCODING 9677
SWIDTH 500 0
DWIDTH 8 0
BBX 7 7 1 0
BITMAP
38
6C
AA
AA
AA
6C
38
ENDCHAR
STARTCHAR 25CE
ENCODING 9678
SWIDTH 500 0
DWIDTH 8 0
BBX 7 7 1 0
BITMAP
38
44
92
AA
92
44
38
ENDCHAR
STARTCHAR 25CF
ENCODING 9679
SWIDTH 500 0
DWIDTH 8 0
BBX 7 7 1 0
BITMAP
38
7C
FE
FE
FE
7C
38
ENDCHAR
STARTCHAR 25D0
ENCODING 9680
SWIDTH 500 0
DWIDTH 8 0
BBX 7 7 1 0
BITMAP
38
74
F2
F2
F2
74
38
ENDCHAR
STARTCHAR 25D1
ENCODING 9681
SWIDTH 500 0
DWIDTH 8 0
BBX 7 7 1 0
BITMAP
38
5C
9E
9E
9E
5C
38
ENDCHAR
STARTCHAR 25D2
ENCODING 9682
SWIDTH 500 0
DWIDTH 8 0
BBX 7 7 1 0
BITMAP
38
44
82
FE
FE
7C
38
ENDCHAR
STARTCHAR 25D3
ENCODING 9683
SWIDTH 500 0
DWIDTH 8 0
BBX 7 7 1 0
BITMAP
38
7C
FE
FE
82
44
38
ENDCHAR
STARTCHAR 25D4
ENCODING 9684
SWIDTH 500 0
DWIDTH 8 0
BBX 7 7 1 0
BITMAP
38
5C
9E
9E
82
44
38
ENDCHAR
STARTCHAR 25D5
ENCODING 9685
SWIDTH 500 0
DWIDTH 8 0
BBX 7 7 1 0
BITMAP
38
4C
8E
8E
FE
7C
38
ENDCHAR
STARTCHAR 25D6
ENCODING 9686
SWIDTH 500 0
DWIDTH 8 0
BBX 4 7 2 0
BITMAP
30
70
F0
F0
F0
70
30
ENDCHAR
STARTCHAR 25D7
ENCODING 9687
SWIDTH 500 0
DWIDTH 8 0
BBX 4 7 2 0
BITMAP
C0
E0
F0
F0
F0
E0
C0
ENDCHAR
STARTCHAR 25D8
ENCODING 9688
SWIDTH 500 0
DWIDTH 8 0
BBX 6 9 1 0
BITMAP
FC
FC
CC
84
84
CC
FC
FC
FC
ENDCHAR
STARTCHAR 25E4
ENCODING 9700
SWIDTH 500 0
DWIDTH 8 0
BBX 7 7 1 0
BITMAP
FE
FC
F8
F0
E0
C0
80
ENDCHAR
STARTCHAR 25E5
ENCODING 9701
SWIDTH 500 0
DWIDTH 8 0
BBX 7 7 1 0
BITMAP
FE
7E
3E
1E
0E
06
02
ENDCHAR
STARTCHAR 25E6
ENCODING 9702
SWIDTH 312 0
DWIDTH 5 0
BBX 4 4 1 3
BITMAP
60
90
90
60
ENDCHAR
STARTCHAR 2600
ENCODING 9728
SWIDTH 1000 0
DWIDTH 16 0
BBX 11 11 3 -1
BITMAP
0400
4440
2080
0E00
1F00
DF60
1F00
0E00
2080
4440
0400
ENDCHAR
STARTCHAR 2601
ENCODING 9729
SWIDTH 500 0
DWIDTH 8 0
BBX 7 5 1 2
BITMAP
18
24
74
82
FE
ENDCHAR
STARTCHAR 2602
ENCODING 9730
SWIDTH 500 0
DWIDTH 8 0
BBX 7 8 1 0
BITMAP
38
7C
FE
BA
10
10
14
08
ENDCHAR
STARTCHAR 2603
ENCODING 9731
SWIDTH 500 0
DWIDTH 8 0
BBX 6 9 1 0
BITMAP
30
FC
48
48
78
84
94
84
78
ENDCHAR
STARTCHAR 2604
ENCODING 9732
SWIDTH 500 0
DWIDTH 8 0
BBX 8 8 0 1
BITMAP
09
12
04
71
8A
88
88
70
ENDCHAR
STARTCHAR 2605
ENCODING 9733
SWIDTH 500 0
DWIDTH 8 0
BBX 7 6 1 1
BITMAP
10
10
FE
38
38
44
ENDCHAR
STARTCHAR 2606
ENCODING 9734
SWIDTH 500 0
DWIDTH 8 0
BBX 7 6 1 1
BITMAP
10
10
FE
28
38
44
ENDCHAR
STARTCHAR 2607
ENCODING 9735
SWIDTH 500 0
DWIDTH 8 0
BBX 4 7 2 0
BITMAP
10
20
40
80
50
30
70
ENDCHAR
STARTCHAR 2608
ENCODING 9736
SWIDTH 500 0
DWIDTH 8 0
BBX 6 7 1 0
BITMAP
FC
88
90
A0
94
8C
9C
ENDCHAR
STARTCHAR 2609
ENCODING 9737
SWIDTH 500 0
DWIDTH 8 0
BBX 7 7 1 0
BITMAP
7C
C6
C6
D6
C6
C6
7C
ENDCHAR
STARTCHAR 260A
ENCODING 9738
SWIDTH 500 0
DWIDTH 8 0
BBX 7 9 1 0
BITMAP
7C
C6
C6
C6
C6
6C
EE
AA
EE
ENDCHAR
STARTCHAR 260B
ENCODING 9739
SWIDTH 500 0
DWIDTH 8 0
BBX 7 9 1 0
BITMAP
EE
AA
EE
6C
C6
C6
C6
C6
7C
ENDCHAR
STARTCHAR 260C
ENCODING 9740
SWIDTH 500 0
DWIDTH 8 0
BBX 6 9 0 0
BITMAP
0C
0C
18
18
70
D8
D8
D8
70
ENDCHAR
STARTCHAR 260D
ENCODING 9741
SWIDTH 500 0
DWIDTH 8 0
BBX 8 10 0 -1
BITMAP
0E
1B
1B
0E
08
10
70
D8
D8
70
ENDCHAR
STARTCHAR 260E
ENCODING 9742
SWIDTH 500 0
DWIDTH 8 0
BBX 7 7 1 0
BITMAP
7C
C6
38
6C
C6
EE
FE
ENDCHAR
STARTCHAR 260F
ENCODING 9743
SWIDTH 500 0
DWIDTH 8 0
BBX 7 7 1 0
BITMAP
7C
C6
38
54
BA
92
FE
ENDCHAR
STARTCHAR 2610
ENCODING 9744
SWIDTH 500 0
DWIDTH 8 0
BBX 8 8 0 0
BITMAP
FF
81
81
81
81
81
81
FF
ENDCHAR
STARTCHAR 2611
ENCODING 9745
SWIDTH 500 0
DWIDTH 8 0
BBX 8 8 0 0
BITMAP
FF
83
85
85
C9
A9
91
FF
ENDCHAR
STARTCHAR 2612
ENCODING 9746
SWIDTH 500 0
DWIDTH 8 0
BBX 8 8 0 0
BITMAP
FF
81
A5
99
99
A5
81
FF
ENDCHAR
STARTCHAR 2613
ENCODING 9747
SWIDTH 500 0
DWIDTH 8 0
BBX 8 9 0 0
BITMAP
81
C3
66
3C
18
3C
66
C3
81
ENDCHAR
STARTCHAR 2614
ENCODING 9748
SWIDTH 500 0
DWIDTH 8 0
BBX 7 13 1 -1
BITMAP
88
22
88
22
88
3A
7C
FE
BA
10
10
14
08
ENDCHAR
STARTCHAR 2615
ENCODING 9749
SWIDTH 1000 0
DWIDTH 16 0
BBX 11 12 3 0
BITMAP
2400
1200
2400
1200
2400
0000
FF00
81C0
8120
81C0
4200
3C00
ENDCHAR
STARTCHAR 2616
ENCODING 9750
SWIDTH 500 0
DWIDTH 8 0
BBX 7 9 1 0
BITMAP
10
28
44
44
82
82
FE
82
FE
ENDCHAR
STARTCHAR 2617
ENCODING 9751
SWIDTH 500 0
DWIDTH 8 0
BBX 7 9 1 0
BITMAP
10
38
7C
7C
FE
FE
FE
82
FE
ENDCHAR
STARTCHAR 2618
ENCODING 9752
SWIDTH 1000 0
DWIDTH 16 0
BBX 12 11 2 0
BITMAP
0900
1F80
1F80
6F60
F6F0
7FE0
7FE0
F6F0
6660
0600
0F00
ENDCHAR
STARTCHAR 2619
ENCODING 9753
SWIDTH 1000 0
DWIDTH 16 0
BBX 10 7 3 1
BITMAP
0040
0C80
1D00
9E80
BE40
7C40
0080
ENDCHAR
STARTCHAR 261A
ENCODING 9754
SWIDTH 1000 0
DWIDTH 16 0
BBX 14 8 1 1
BITMAP
03C0
FDFC
FE74
0FF4
07F4
07F4
07F4
03FC
ENDCHAR
STARTCHAR 261B
ENCODING 9755
SWIDTH 1000 0
DWIDTH 16 0
BBX 14 8 1 1
BITMAP
0F00
FEFC
B9FC
BFC0
BF80
BF80
BF80
FF00
ENDCHAR
STARTCHAR 261C
ENCODING 9756
SWIDTH 1000 0
DWIDTH 16 0
BBX 14 8 1 1
BITMAP
03C0
7C3C
8314
7CD4
0414
0314
0214
01FC
ENDCHAR
STARTCHAR 261D
ENCODING 9757
SWIDTH 500 0
DWIDTH 8 0
BBX 8 14 0 -3
BITMAP
04
0A
0A
0A
0A
1A
65
A5
89
89
82
FE
82
FE
ENDCHAR
STARTCHAR 261E
ENCODING 9758
SWIDTH 1000 0
DWIDTH 16 0
BBX 14 8 1 1
BITMAP
0F00
F0F8
A304
ACF8
A080
A300
A100
FE00
ENDCHAR
STARTCHAR 261F
ENCODING 9759
SWIDTH 500 0
DWIDTH 8 0
BBX 8 14 0 -3
BITMAP
FE
82
FE
82
89
89
A5
65
1A
0A
0A
0A
0A
04
ENDCHAR
STARTCHAR 2620
ENCODING 9760
SWIDTH 1000 0
DWIDTH 16 0
BBX 15 12 1 -1
BITMAP
C006
A00A
701C
1FF0
0820
0AA0
0820
0FE0
0D60
3FF8
5554
67CC
ENDCHAR
STARTCHAR 2621
ENCODING 9761
SWIDTH 500 0
DWIDTH 8 0
BBX 6 9 1 0
BITMAP
F8
0C
0C
18
30
60
C0
C0
7C
ENDCHAR
STARTCHAR 2622
ENCODING 9762
SWIDTH 1000 0
DWIDTH 16 0
BBX 15 15 1 -3
BITMAP
07C0
1830
3838
783C
7C7C
FC7E
FBBE
FBBE
8382
8442
47C4
67E4
37E8
1FF0
07C0
ENDCHAR
STARTCHAR 2623
ENCODING 9763
SWIDTH 1000 0
DWIDTH 16 0
BBX 15 14 1 -3
BITMAP
0440
0820
1010
1BB0
1830
1C70
3EF8
628C
5114
9392
8BA2
07C0
0C60
701C
ENDCHAR
STARTCHAR 2624
ENCODING 9764
SWIDTH 1000 0
DWIDTH 16 0
BBX 14 13 1 -2
BITMAP
0CC0
37B0
4B48
FFFC
9B64
0FC0
0300
0780
0B40
0780
0300
0780
0B40
ENDCHAR
STARTCHAR 2625
ENCODING 9765
SWIDTH 500 0
DWIDTH 8 0
BBX 6 9 1 0
BITMAP
78
CC
CC
78
78
30
FC
30
30
ENDCHAR
STARTCHAR 2626
ENCODING 9766
SWIDTH 500 0
DWIDTH 8 0
BBX 6 9 1 0
BITMAP
30
78
30
FC
30
38
70
30
30
ENDCHAR
STARTCHAR 2627
ENCODING 9767
SWIDTH 500 0
DWIDTH 8 0
BBX 7 9 1 0
BITMAP
3C
36
36
3C
30
B4
78
B4
30
ENDCHAR
STARTCHAR 2628
ENCODING 9768
SWIDTH 500 0
DWIDTH 8 0
BBX 6 9 1 0
BITMAP
30
78
30
FC
30
30
30
30
30
ENDCHAR
STARTCHAR 2629
ENCODING 9769
SWIDTH 500 0
DWIDTH 8 0
BBX 6 6 1 1
BITMAP
78
B4
FC
FC
B4
78
ENDCHAR
STARTCHAR 262A
ENCODING 9770
SWIDTH 500 0
DWIDTH 8 0
BBX 7 8 1 0
BITMAP
3C
72
E0
EC
EC
E0
72
3C
ENDCHAR
STARTCHAR 262B
ENCODING 9771
SWIDTH 1000 0
DWIDTH 16 0
BBX 15 14 1 -2
BITMAP
0920
06C0
0000
2928
4924
8922
8922
8922
8922
8922
8542
4544
2388
0540
ENDCHAR
STARTCHAR 262C
ENCODING 9772
SWIDTH 1000 0
DWIDTH 16 0
BBX 13 15 2 -3
BITMAP
2720
4F90
5250
5250
D258
EFB8
E738
F278
FAF8
E738
6FB0
5AD0
3760
3760
0200
ENDCHAR
STARTCHAR 262D
ENCODING 9773
SWIDTH 500 0
DWIDTH 8 0
BBX 7 10 1 -1
BITMAP
78
0C
06
76
76
0C
3C
66
C6
C0
ENDCHAR
STARTCHAR 262E
ENCODING 9774
SWIDTH 500 0
DWIDTH 8 0
BBX 7 7 1 0
BITMAP
38
54
92
BA
D6
54
38
ENDCHAR
STARTCHAR 262F
ENCODING 9775
SWIDTH 500 0
DWIDTH 8 0
BBX 7 7 1 0
BITMAP
38
44
8A
F2
DE
7C
38
ENDCHAR
STARTCHAR 2630
ENCODING 9776
SWIDTH 500 0
DWIDTH 8 0
BBX 6 7 1 0
BITMAP
FC
00
00
FC
00
00
FC
ENDCHAR
STARTCHAR 2631
ENCODING 9777
SWIDTH 500 0
DWIDTH 8 0
BBX 6 7 1 0
BITMAP
CC
00
00
FC
00
00
FC
ENDCHAR
STARTCHAR 2632
ENCODING 9778
SWIDTH 500 0
DWIDTH 8 0
BBX 6 7 1 0
BITMAP
FC
00
00
CC
00
00
FC
ENDCHAR
STARTCHAR 2633
ENCODING 9779
SWIDTH 500 0
DWIDTH 8 0
BBX 6 7 1 0
BITMAP
CC
00
00
CC
00
00
FC
ENDCHAR
STARTCHAR 2634
ENCODING 9780
SWIDTH 500 0
DWIDTH 8 0
BBX 6 7 1 0
BITMAP
FC
00
00
FC
00
00
CC
ENDCHAR
STARTCHAR 2635
ENCODING 9781
SWIDTH 500 0
DWIDTH 8 0
BBX 6 7 1 0
BITMAP
CC
00
00
FC
00
00
CC
ENDCHAR
STARTCHAR 2636
ENCODING 9782
SWIDTH 500 0
DWIDTH 8 0
BBX 6 7 1 0
BITMAP
FC
00
00
CC
00
00
CC
ENDCHAR
STARTCHAR 2637
ENCODING 9783
SWIDTH 500 0
DWIDTH 8 0
BBX 6 7 1 0
BITMAP
CC
00
00
CC
00
00
CC
ENDCHAR
STARTCHAR 2638
ENCODING 9784
SWIDTH 1000 0
DWIDTH 16 0
BBX 11 11 3 0
BITMAP
1F00
64C0
64C0
9520
8E20
FBE0
8E20
9520
64C0
64C0
1F00
ENDCHAR
STARTCHAR 2639
ENCODING 9785
SWIDTH 500 0
DWIDTH 8 0
BBX 8 8 0 0
BITMAP
3C
42
A5
81
99
A5
42
3C
ENDCHAR
STARTCHAR 263A
ENCODING 9786
SWIDTH 500 0
DWIDTH 8 0
BBX 8 8 0 0
BITMAP
3C
42
A5
81
A5
99
42
3C
ENDCHAR
STARTCHAR 263B
ENCODING 9787
SWIDTH 500 0
DWIDTH 8 0
BBX 8 8 0 0
BITMAP
3C
7E
DB
FF
BD
C3
7E
3C
ENDCHAR
STARTCHAR 263C
ENCODING 9788
SWIDTH 1000 0
DWIDTH 16 0
BBX 11 11 3 -1
BITMAP
0400
4440
2080
0E00
1B00
DB60
1B00
0E00
2080
4440
0400
ENDCHAR
STARTCHAR 263D
ENCODING 9789
SWIDTH 500 0
DWIDTH 8 0
BBX 8 9 0 0
BITMAP
7C
C2
21
11
11
11
21
C2
7C
ENDCHAR
STARTCHAR 263E
ENCODING 9790
SWIDTH 500 0
DWIDTH 8 0
BBX 8 9 0 0
BITMAP
3E
43
84
88
88
88
84
43
3E
ENDCHAR
STARTCHAR 263F
ENCODING 9791
SWIDTH 500 0
DWIDTH 8 0
BBX 6 11 1 0
BITMAP
CC
CC
78
CC
CC
CC
78
30
FC
30
30
ENDCHAR
STARTCHAR 2640
ENCODING 9792
SWIDTH 500 0
DWIDTH 8 0
BBX 6 9 1 0
BITMAP
78
CC
CC
CC
78
30
FC
30
30
ENDCHAR
STARTCHAR 2641
ENCODING 9793
SWIDTH 500 0
DWIDTH 8 0
BBX 7 7 1 0
BITMAP
7C
D6
D6
FE
D6
D6
7C
ENDCHAR
STARTCHAR 2642
ENCODING 9794
SWIDTH 500 0
DWIDTH 8 0
BBX 6 9 1 0
BITMAP
30
78
B4
30
78
CC
CC
CC
78
ENDCHAR
STARTCHAR 2643
ENCODING 9795
SWIDTH 500 0
DWIDTH 8 0
BBX 7 10 1 0
BITMAP
C0
6C
6C
6C
6C
CC
FE
0C
0C
0C
ENDCHAR
STARTCHAR 2644
ENCODING 9796
SWIDTH 500 0
DWIDTH 8 0
BBX 7 11 1 -2
BITMAP
F8
60
60
7C
66
66
66
6C
6C
0C
06
ENDCHAR
STARTCHAR 2645
ENCODING 9797
SWIDTH 500 0
DWIDTH 8 0
BBX 8 9 0 0
BITMAP
DB
DB
FF
DB
3C
66
66
66
3C
ENDCHAR
STARTCHAR 2646
ENCODING 9798
SWIDTH 500 0
DWIDTH 8 0
BBX 8 9 0 0
BITMAP
DB
DB
DB
DB
7E
18
7E
18
18
ENDCHAR
STARTCHAR 2647
ENCODING 9799
SWIDTH 500 0
DWIDTH 8 0
BBX 8 9 0 0
BITMAP
DB
E7
DB
C3
7E
18
7E
18
18
ENDCHAR
STARTCHAR 2648
ENCODING 9800
SWIDTH 500 0
DWIDTH 8 0
BBX 8 9 0 0
BITMAP
66
FF
DB
DB
18
18
18
18
18
ENDCHAR
STARTCHAR 2649
ENCODING 9801
SWIDTH 500 0
DWIDTH 8 0
BBX 6 9 1 0
BITMAP
CC
CC
78
78
CC
CC
CC
CC
78
ENDCHAR
STARTCHAR 264A
ENCODING 9802
SWIDTH 500 0
DWIDTH 8 0
BBX 7 9 1 0
BITMAP
FE
6C
6C
6C
6C
6C
6C
6C
FE
ENDCHAR
STARTCHAR 264B
ENCODING 9803
SWIDTH 500 0
DWIDTH 8 0
BBX 8 9 0 0
BITMAP
7E
DB
DB
73
00
CE
DB
DB
7E
ENDCHAR
STARTCHAR 264C
ENCODING 9804
SWIDTH 500 0
DWIDTH 8 0
BBX 8 11 0 -2
BITMAP
1E
33
73
DB
DB
76
06
0C
0C
0C
07
ENDCHAR
STARTCHAR 264D
ENCODING 9805
SWIDTH 500 0
DWIDTH 8 0
BBX 8 12 0 -3
BITMAP
E0
DA
D5
D5
D5
D5
D5
D5
D5
02
05
05
ENDCHAR
STARTCHAR 264E
ENCODING 9806
SWIDTH 500 0
DWIDTH 8 0
BBX 8 8 0 1
BITMAP
3C
66
66
66
24
FF
00
FF
ENDCHAR
STARTCHAR 264F
ENCODING 9807
SWIDTH 500 0
DWIDTH 8 0
BBX 8 12 0 -3
BITMAP
E0
D8
D4
D4
D4
D4
D4
D5
DB
0B
0A
04
ENDCHAR
STARTCHAR 2650
ENCODING 9808
SWIDTH 500 0
DWIDTH 8 0
BBX 6 9 1 0
BITMAP
30
78
B4
30
30
FC
30
30
30
ENDCHAR
STARTCHAR 2651
ENCODING 9809
SWIDTH 500 0
DWIDTH 8 0
BBX 7 9 1 0
BITMAP
7E
06
0C
F8
3C
66
66
66
3C
ENDCHAR
STARTCHAR 2652
ENCODING 9810
SWIDTH 500 0
DWIDTH 8 0
BBX 8 8 0 1
BITMAP
49
FF
B6
00
00
49
FF
B6
ENDCHAR
STARTCHAR 2653
ENCODING 9811
SWIDTH 500 0
DWIDTH 8 0
BBX 7 9 1 0
BITMAP
C6
6C
6C
6C
FE
6C
6C
6C
C6
ENDCHAR
STARTCHAR 2654
ENCODING 9812
SWIDTH 500 0
DWIDTH 8 0
BBX 7 9 1 0
BITMAP
10
10
6C
92
82
44
7C
44
7C
ENDCHAR
STARTCHAR 2655
ENCODING 9813
SWIDTH 500 0
DWIDTH 8 0
BBX 7 9 1 0
BITMAP
AA
AA
AA
FE
AA
82
FE
82
FE
ENDCHAR
STARTCHAR 2656
ENCODING 9814
SWIDTH 500 0
DWIDTH 8 0
BBX 7 9 1 0
BITMAP
D6
AA
82
44
44
44
FE
82
FE
ENDCHAR
STARTCHAR 2657
ENCODING 9815
SWIDTH 500 0
DWIDTH 8 0
BBX 7 9 1 0
BITMAP
10
38
10
28
44
44
FE
82
FE
ENDCHAR
STARTCHAR 2658
ENCODING 9816
SWIDTH 500 0
DWIDTH 8 0
BBX 7 10 1 0
BITMAP
10
28
44
82
92
62
82
FE
82
FE
ENDCHAR
STARTCHAR 2659
ENCODING 9817
SWIDTH 500 0
DWIDTH 8 0
BBX 7 9 1 0
BITMAP
10
28
44
28
44
44
FE
82
FE
ENDCHAR
STARTCHAR 265A
ENCODING 9818
SWIDTH 500 0
DWIDTH 8 0
BBX 7 9 1 0
BITMAP
10
10
6C
FE
FE
7C
7C
44
7C
ENDCHAR
STARTCHAR 265B
ENCODING 9819
SWIDTH 500 0
DWIDTH 8 0
BBX 7 9 1 0
BITMAP
AA
AA
AA
FE
FE
FE
FE
82
FE
ENDCHAR
STARTCHAR 265C
ENCODING 9820
SWIDTH 500 0
DWIDTH 8 0
BBX 7 9 1 0
BITMAP
D6
FE
FE
7C
7C
7C
FE
82
FE
ENDCHAR
STARTCHAR 265D
ENCODING 9821
SWIDTH 500 0
DWIDTH 8 0
BBX 7 9 1 0
BITMAP
10
38
10
38
7C
7C
FE
82
FE
ENDCHAR
STARTCHAR 265E
ENCODING 9822
SWIDTH 500 0
DWIDTH 8 0
BBX 7 10 1 0
BITMAP
10
38
7C
FE
DE
3E
7E
FE
82
FE
ENDCHAR
STARTCHAR 265F
ENCODING 9823
SWIDTH 500 0
DWIDTH 8 0
BBX 7 9 1 0
BITMAP
10
38
7C
38
7C
7C
FE
82
FE
ENDCHAR
STARTCHAR 2660
ENCODING 9824
SWIDTH 500 0
DWIDTH 8 0
BBX 8 9 0 0
BITMAP
18
18
3C
7E
FF
FF
5A
18
7E
ENDCHAR
STARTCHAR 2661
ENCODING 9825
SWIDTH 500 0
DWIDTH 8 0
BBX 7 9 1 0
BITMAP
6C
92
92
82
82
44
44
28
10
ENDCHAR
STARTCHAR 2662
ENCODING 9826
SWIDTH 500 0
DWIDTH 8 0
BBX 6 9 1 0
BITMAP
30
30
48
48
84
48
48
30
30
ENDCHAR
STARTCHAR 2663
ENCODING 9827
SWIDTH 500 0
DWIDTH 8 0
BBX 8 9 0 0
BITMAP
18
3C
3C
5A
FF
FF
5A
18
7E
ENDCHAR
STARTCHAR 2664
ENCODING 9828
SWIDTH 500 0
DWIDTH 8 0
BBX 8 9 0 0
BITMAP
18
18
24
42
81
A5
5A
18
7E
ENDCHAR
STARTCHAR 2665
ENCODING 9829
SWIDTH 500 0
DWIDTH 8 0
BBX 7 9 1 0
BITMAP
44
EE
EE
FE
FE
7C
7C
38
10
ENDCHAR
STARTCHAR 2666
ENCODING 9830
SWIDTH 500 0
DWIDTH 8 0
BBX 6 9 1 0
BITMAP
30
30
78
78
FC
78
78
30
30
ENDCHAR
STARTCHAR 2667
ENCODING 9831
SWIDTH 500 0
DWIDTH 8 0
BBX 8 9 0 0
BITMAP
18
24
24
66
81
A5
5A
18
7E
ENDCHAR
STARTCHAR 2668
ENCODING 9832
SWIDTH 500 0
DWIDTH 8 0
BBX 8 10 0 -1
BITMAP
49
92
49
92
49
00
7E
C3
C3
7E
ENDCHAR
STARTCHAR 2669
ENCODING 9833
SWIDTH 500 0
DWIDTH 8 0
BBX 4 9 2 0
BITMAP
10
10
10
10
10
70
F0
F0
60
ENDCHAR
STARTCHAR 266A
ENCODING 9834
SWIDTH 500 0
DWIDTH 8 0
BBX 7 9 1 0
BITMAP
18
14
12
12
12
74
F0
F0
60
ENDCHAR
STARTCHAR 266B
ENCODING 9835
SWIDTH 1000 0
DWIDTH 16 0
BBX 12 10 2 0
BITMAP
01F0
1FF0
1E10
1010
1010
1070
70F0
F0F0
F060
6000
ENDCHAR
STARTCHAR 266C
ENCODING 9836
SWIDTH 1000 0
DWIDTH 16 0
BBX 12 10 2 0
BITMAP
01F0
1FF0
1E10
11F0
1E10
1070
70F0
F0F0
F060
6000
ENDCHAR
STARTCHAR 266D
ENCODING 9837
SWIDTH 500 0
DWIDTH 8 0
BBX 5 9 2 0
BITMAP
C0
C0
C0
D8
F8
D8
D8
D0
E0
ENDCHAR
STARTCHAR 266E
ENCODING 9838
SWIDTH 500 0
DWIDTH 8 0
BBX 6 11 1 -2
BITMAP
C0
C0
DC
EC
CC
CC
CC
DC
EC
0C
0C
ENDCHAR
STARTCHAR 266F
ENCODING 9839
SWIDTH 500 0
DWIDTH 8 0
BBX 7 10 1 -1
BITMAP
04
2C
6E
7C
EC
6E
7C
EC
68
40
ENDCHAR
STARTCHAR 2670
ENCODING 9840
SWIDTH 500 0
DWIDTH 8 0
BBX 8 12 0 -1
BITMAP
24
18
18
99
7E
7E
99
18
18
18
18
24
ENDCHAR
STARTCHAR 2671
ENCODING 9841
SWIDTH 500 0
DWIDTH 8 0
BBX 9 13 0 -1
BITMAP
0800
3600
1400
5500
7700
8080
7700
5500
1400
1400
1400
3600
0800
ENDCHAR
STARTCHAR 2672
ENCODING 9842
SWIDTH 1500 0
DWIDTH 24 0
BBX 20 15 2 -3
BITMAP
03FE80
043180
044880
028880
7D1F60
220090
220110
460110
8A00A0
901060
6F2FC0
314040
114080
0F2F00
001000
ENDCHAR
STARTCHAR 267F
ENCODING 9855
SWIDTH 1000 0
DWIDTH 16 0
BBX 13 13 2 -2
BITMAP
0400
0E00
0C00
0800
0800
2F80
4800
8800
8F80
8040
8128
4210
3C00
ENDCHAR
STARTCHAR 2756
ENCODING 10070
SWIDTH 500 0
DWIDTH 8 0
BBX 7 7 1 0
BITMAP
10
38
5C
EE
74
38
10
ENDCHAR
STARTCHAR 275B
ENCODING 10075
SWIDTH 500 0
DWIDTH 8 0
BBX 6 8 1 2
BITMAP
0C
30
60
F8
FC
FC
FC
78
ENDCHAR
STARTCHAR 275C
ENCODING 10076
SWIDTH 500 0
DWIDTH 8 0
BBX 6 8 1 2
BITMAP
78
FC
FC
FC
7C
18
30
C0
ENDCHAR
STARTCHAR 275D
ENCODING 10077
SWIDTH 1000 0
DWIDTH 16 0
BBX 14 8 1 1
BITMAP
0C0C
3030
6060
F8F8
FCFC
FCFC
FCFC
7878
ENDCHAR
STARTCHAR 275E
ENCODING 10078
SWIDTH 1000 0
DWIDTH 16 0
BBX 14 8 1 1
BITMAP
7878
FCFC
FCFC
FCFC
7C7C
1818
3030
C0C0
ENDCHAR
STARTCHAR 2764
ENCODING 10084
SWIDTH 1000 0
DWIDTH 16 0
BBX 13 12 2 0
BITMAP
38E0
7DF0
FFF8
FFF8
FFF8
FFF8
7FF0
3FE0
1FC0
0F80
0700
0200
ENDCHAR
STARTCHAR 27E0
ENCODING 10208
SWIDTH 500 0
DWIDTH 8 0
BBX 7 11 1 0
BITMAP
10
28
28
44
44
FE
44
44
28
28
10
ENDCHAR
STARTCHAR 27E1
ENCODING 10209
SWIDTH 750 0
DWIDTH 12 0
BBX 9 9 2 0
BITMAP
0800
0800
1400
2200
C180
2200
1400
0800
0800
ENDCHAR
STARTCHAR 27E2
ENCODING 10210
SWIDTH 750 0
DWIDTH 12 0
BBX 11 9 1 0
BITMAP
0200
0200
0500
0880
F060
0880
0500
0200
0200
ENDCHAR
STARTCHAR 27E3
ENCODING 10211
SWIDTH 750 0
DWIDTH 12 0
BBX 11 9 1 0
BITMAP
0800
0800
1400
2200
C1E0
2200
1400
0800
0800
ENDCHAR
STARTCHAR 27E4
ENCODING 10212
SWIDTH 500 0
DWIDTH 8 0
BBX 7 5 1 0
BITMAP
3E
22
E2
22
3E
ENDCHAR
STARTCHAR 27E5
ENCODING 10213
SWIDTH 500 0
DWIDTH 8 0
BBX 7 5 1 0
BITMAP
F8
88
8E
88
F8
ENDCHAR
STARTCHAR 27E6
ENCODING 10214
SWIDTH 500 0
DWIDTH 8 0
BBX 5 14 2 -3
BITMAP
F8
A0
A0
A0
A0
A0
A0
A0
A0
A0
A0
A0
A0
F8
ENDCHAR
STARTCHAR 27E7
ENCODING 10215
SWIDTH 500 0
DWIDTH 8 0
BBX 5 14 1 -3
BITMAP
F8
28
28
28
28
28
28
28
28
28
28
28
28
F8
ENDCHAR
STARTCHAR 27E8
ENCODING 10216
SWIDTH 500 0
DWIDTH 8 0
BBX 6 15 1 -3
BITMAP
0C
18
18
30
30
60
60
C0
60
60
30
30
18
18
0C
ENDCHAR
STARTCHAR 27E9
ENCODING 10217
SWIDTH 500 0
DWIDTH 8 0
BBX 6 15 1 -3
BITMAP
C0
60
60
30
30
18
18
0C
18
18
30
30
60
60
C0
ENDCHAR
STARTCHAR 27EA
ENCODING 10218
SWIDTH 750 0
DWIDTH 12 0
BBX 10 15 1 -3
BITMAP
0CC0
1980
1980
3300
3300
6600
6600
CC00
6600
6600
3300
3300
1980
1980
0CC0
ENDCHAR
STARTCHAR 27EB
ENCODING 10219
SWIDTH 750 0
DWIDTH 12 0
BBX 10 15 1 -3
BITMAP
CC00
6600
6600
3300
3300
1980
1980
0CC0
1980
1980
3300
3300
6600
6600
CC00
ENDCHAR
STARTCHAR 27F0
ENCODING 10224
SWIDTH 750 0
DWIDTH 12 0
BBX 9 14 2 -2
BITMAP
0800
1400
3600
5500
D580
5500
5500
5500
5500
5500
5500
5500
5500
5500
ENDCHAR
STARTCHAR 27F1
ENCODING 10225
SWIDTH 750 0
DWIDTH 12 0
BBX 9 14 2 -2
BITMAP
5500
5500
5500
5500
5500
5500
5500
5500
5500
D580
5500
3600
1400
0800
ENDCHAR
STARTCHAR 27F2
ENCODING 10226
SWIDTH 1000 0
DWIDTH 16 0
BBX 16 14 0 -2
BITMAP
03E0
0E38
180C
3006
3006
FC03
7803
3003
0003
3006
3006
180C
0E38
03E0
ENDCHAR
STARTCHAR 27F3
ENCODING 10227
SWIDTH 1000 0
DWIDTH 16 0
BBX 16 14 0 -2
BITMAP
07C0
1C70
3018
600C
600C
C03F
C01E
C00C
C000
600C
600C
3018
1C70
07C0
ENDCHAR
STARTCHAR 27F4
ENCODING 10228
SWIDTH 1250 0
DWIDTH 20 0
BBX 20 11 0 -2
BITMAP
07E000
1C3800
199800
318CC0
318C60
FFFFF0
318C60
318CC0
199800
1C3800
07E000
ENDCHAR
STARTCHAR 27F5
ENCODING 10229
SWIDTH 1000 0
DWIDTH 16 0
BBX 14 7 1 0
BITMAP
1800
3000
6000
FFFC
6000
3000
1800
ENDCHAR
STARTCHAR 27F6
ENCODING 10230
SWIDTH 1000 0
DWIDTH 16 0
BBX 14 7 1 0
BITMAP
0060
0030
0018
FFFC
0018
0030
0060
ENDCHAR
STARTCHAR 27F7
ENCODING 10231
SWIDTH 1500 0
DWIDTH 24 0
BBX 22 7 1 0
BITMAP
180060
300030
600018
FFFFFC
600018
300030
180060
ENDCHAR
STARTCHAR 27F8
ENCODING 10232
SWIDTH 1000 0
DWIDTH 16 0
BBX 15 7 0 0
BITMAP
1800
3000
7FFE
C000
7FFE
3000
1800
ENDCHAR
STARTCHAR 27F9
ENCODING 10233
SWIDTH 1000 0
DWIDTH 16 0
BBX 15 7 1 0
BITMAP
0030
0018
FFFC
0006
FFFC
0018
0030
ENDCHAR
STARTCHAR 27FA
ENCODING 10234
SWIDTH 1500 0
DWIDTH 24 0
BBX 24 7 0 0
BITMAP
180018
30000C
7FFFFE
C00003
7FFFFE
30000C
180018
ENDCHAR
STARTCHAR 27FB
ENCODING 10235
SWIDTH 1000 0
DWIDTH 16 0
BBX 14 5 1 1
BITMAP
300C
600C
FFFC
600C
300C
ENDCHAR
STARTCHAR 27FC
ENCODING 10236
SWIDTH 1000 0
DWIDTH 16 0
BBX 14 5 1 1
BITMAP
C030
C018
FFFC
C018
C030
ENDCHAR
STARTCHAR 27FD
ENCODING 10237
SWIDTH 1000 0
DWIDTH 16 0
BBX 15 7 0 0
BITMAP
1806
3006
7FFE
C006
7FFE
3006
1806
ENDCHAR
STARTCHAR 27FE
ENCODING 10238
SWIDTH 1000 0
DWIDTH 16 0
BBX 15 7 1 0
BITMAP
C030
C018
FFFC
C006
FFFC
C018
C030
ENDCHAR
STARTCHAR 27FF
ENCODING 10239
SWIDTH 1250 0
DWIDTH 20 0
BBX 19 5 1 1
BITMAP
820980
C71CC0
6DB7E0
38E0C0
104180
ENDCHAR
STARTCHAR 2800
ENCODING 10240
SWIDTH 500 0
DWIDTH 8 0
BBX 7 11 1 0
BITMAP
EE
AA
EE
00
EE
AA
EE
00
EE
AA
EE
ENDCHAR
STARTCHAR 2801
ENCODING 10241
SWIDTH 500 0
DWIDTH 8 0
BBX 7 11 1 0
BITMAP
EE
EA
EE
00
EE
AA
EE
00
EE
AA
EE
ENDCHAR
STARTCHAR 2802
ENCODING 10242
SWIDTH 500 0
DWIDTH 8 0
BBX 7 11 1 0
BITMAP
EE
EA
EE
00
EE
AA
EE
00
EE
AA
EE
ENDCHAR
STARTCHAR 2803
ENCODING 10243
SWIDTH 500 0
DWIDTH 8 0
BBX 7 11 1 0
BITMAP
EE
EA
EE
00
EE
EA
EE
00
EE
AA
EE
ENDCHAR
STARTCHAR 2804
ENCODING 10244
SWIDTH 500 0
DWIDTH 8 0
BBX 7 11 1 0
BITMAP
EE
AA
EE
00
EE
AA
EE
00
EE
EA
EE
ENDCHAR
STARTCHAR 2805
ENCODING 10245
SWIDTH 500 0
DWIDTH 8 0
BBX 7 11 1 0
BITMAP
EE
EA
EE
00
EE
AA
EE
00
EE
EA
EE
ENDCHAR
STARTCHAR 2806
ENCODING 10246
SWIDTH 500 0
DWIDTH 8 0
BBX 7 11 1 0
BITMAP
EE
AA
EE
00
EE
EA
EE
00
EE
EA
EE
ENDCHAR
STARTCHAR 2807
ENCODING 10247
SWIDTH 500 0
DWIDTH 8 0
BBX 7 11 1 0
BITMAP
EE
EA
EE
00
EE
EA
EE
00
EE
EA
EE
ENDCHAR
STARTCHAR 2808
ENCODING 10248
SWIDTH 500 0
DWIDTH 8 0
BBX 7 11 1 0
BITMAP
EE
AE
EE
00
EE
AA
EE
00
EE
AA
EE
ENDCHAR
STARTCHAR 2809
ENCODING 10249
SWIDTH 500 0
DWIDTH 8 0
BBX 7 11 1 0
BITMAP
EE
EE
EE
00
EE
AA
EE
00
EE
AA
EE
ENDCHAR
STARTCHAR 280A
ENCODING 10250
SWIDTH 500 0
DWIDTH 8 0
BBX 7 11 1 0
BITMAP
EE
AE
EE
00
EE
EA
EE
00
EE
AA
EE
ENDCHAR
STARTCHAR 280B
ENCODING 10251
SWIDTH 500 0
DWIDTH 8 0
BBX 7 11 1 0
BITMAP
EE
EE
EE
00
EE
EA
EE
00
EE
AA
EE
ENDCHAR
STARTCHAR 280C
ENCODING 10252
SWIDTH 500 0
DWIDTH 8 0
BBX 7 11 1 0
BITMAP
EE
AE
EE
00
EE
AA
EE
00
EE
EA
EE
ENDCHAR
STARTCHAR 280D
ENCODING 10253
SWIDTH 500 0
DWIDTH 8 0
BBX 7 11 1 0
BITMAP
EE
EE
EE
00
EE
AA
EE
00
EE
EA
EE
ENDCHAR
STARTCHAR 280E
ENCODING 10254
SWIDTH 500 0
DWIDTH 8 0
BBX 7 11 1 0
BITMAP
EE
AE
EE
00
EE
EA
EE
00
EE
EA
EE
ENDCHAR
STARTCHAR 280F
ENCODING 10255
SWIDTH 500 0
DWIDTH 8 0
BBX 7 11 1 0
BITMAP
EE
EE
EE
00
EE
EA
EE
00
EE
EA
EE
ENDCHAR
STARTCHAR 2810
ENCODING 10256
SWIDTH 500 0
DWIDTH 8 0
BBX 7 11 1 0
BITMAP
EE
AA
EE
00
EE
AE
EE
00
EE
AA
EE
ENDCHAR
STARTCHAR 2811
ENCODING 10257
SWIDTH 500 0
DWIDTH 8 0
BBX 7 11 1 0
BITMAP
EE
EA
EE
00
EE
AE
EE
00
EE
AA
EE
ENDCHAR
STARTCHAR 2812
ENCODING 10258
SWIDTH 500 0
DWIDTH 8 0
BBX 7 11 1 0
BITMAP
EE
AA
EE
00
EE
EE
EE
00
EE
AA
EE
ENDCHAR
STARTCHAR 2813
ENCODING 10259
SWIDTH 500 0
DWIDTH 8 0
BBX 7 11 1 0
BITMAP
EE
EA
EE
00
EE
EE
EE
00
EE
AA
EE
ENDCHAR
STARTCHAR 2814
ENCODING 10260
SWIDTH 500 0
DWIDTH 8 0
BBX 7 11 1 0
BITMAP
EE
AA
EE
00
EE
AE
EE
00
EE
EA
EE
ENDCHAR
STARTCHAR 2815
ENCODING 10261
SWIDTH 500 0
DWIDTH 8 0
BBX 7 11 1 0
BITMAP
EE
EA
EE
00
EE
AE
EE
00
EE
EA
EE
ENDCHAR
STARTCHAR 2816
ENCODING 10262
SWIDTH 500 0
DWIDTH 8 0
BBX 7 11 1 0
BITMAP
EE
AA
EE
00
EE
EE
EE
00
EE
EA
EE
ENDCHAR
STARTCHAR 2817
ENCODING 10263
SWIDTH 500 0
DWIDTH 8 0
BBX 7 11 1 0
BITMAP
EE
EA
EE
00
EE
EE
EE
00
EE
EA
EE
ENDCHAR
STARTCHAR 2818
ENCODING 10264
SWIDTH 500 0
DWIDTH 8 0
BBX 7 11 1 0
BITMAP
EE
AE
EE
00
EE
AE
EE
00
EE
AA
EE
ENDCHAR
STARTCHAR 2819
ENCODING 10265
SWIDTH 500 0
DWIDTH 8 0
BBX 7 11 1 0
BITMAP
EE
EE
EE
00
EE
AE
EE
00
EE
AA
EE
ENDCHAR
STARTCHAR 281A
ENCODING 10266
SWIDTH 500 0
DWIDTH 8 0
BBX 7 11 1 0
BITMAP
EE
AE
EE
00
EE
EE
EE
00
EE
AA
EE
ENDCHAR
STARTCHAR 281B
ENCODING 10267
SWIDTH 500 0
DWIDTH 8 0
BBX 7 11 1 0
BITMAP
EE
EE
EE
00
EE
EE
EE
00
EE
AA
EE
ENDCHAR
STARTCHAR 281C
ENCODING 10268
SWIDTH 500 0
DWIDTH 8 0
BBX 7 11 1 0
BITMAP
EE
AE
EE
00
EE
AE
EE
00
EE
EA
EE
ENDCHAR
STARTCHAR 281D
ENCODING 10269
SWIDTH 500 0
DWIDTH 8 0
BBX 7 11 1 0
BITMAP
EE
EE
EE
00
EE
AE
EE
00
EE
EA
EE
ENDCHAR
STARTCHAR 281E
ENCODING 10270
SWIDTH 500 0
DWIDTH 8 0
BBX 7 11 1 0
BITMAP
EE
AE
EE
00
EE
EE
EE
00
EE
EA
EE
ENDCHAR
STARTCHAR 281F
ENCODING 10271
SWIDTH 500 0
DWIDTH 8 0
BBX 7 11 1 0
BITMAP
EE
EE
EE
00
EE
EE
EE
00
EE
EA
EE
ENDCHAR
STARTCHAR 2820
ENCODING 10272
SWIDTH 500 0
DWIDTH 8 0
BBX 7 11 1 0
BITMAP
EE
AA
EE
00
EE
AA
EE
00
EE
AE
EE
ENDCHAR
STARTCHAR 2821
ENCODING 10273
SWIDTH 500 0
DWIDTH 8 0
BBX 7 11 1 0
BITMAP
EE
EA
EE
00
EE
AA
EE
00
EE
AE
EE
ENDCHAR
STARTCHAR 2822
ENCODING 10274
SWIDTH 500 0
DWIDTH 8 0
BBX 7 11 1 0
BITMAP
EE
AA
EE
00
EE
EA
EE
00
EE
AE
EE
ENDCHAR
STARTCHAR 2823
ENCODING 10275
SWIDTH 500 0
DWIDTH 8 0
BBX 7 11 1 0
BITMAP
EE
EA
EE
00
EE
EA
EE
00
EE
AE
EE
ENDCHAR
STARTCHAR 2824
ENCODING 10276
SWIDTH 500 0
DWIDTH 8 0
BBX 7 11 1 0
BITMAP
EE
AA
EE
00
EE
AA
EE
00
EE
EE
EE
ENDCHAR
STARTCHAR 2825
ENCODING 10277
SWIDTH 500 0
DWIDTH 8 0
BBX 7 11 1 0
BITMAP
EE
EA
EE
00
EE
AA
EE
00
EE
EE
EE
ENDCHAR
STARTCHAR 2826
ENCODING 10278
SWIDTH 500 0
DWIDTH 8 0
BBX 7 11 1 0
BITMAP
EE
AA
EE
00
EE
EA
EE
00
EE
EE
EE
ENDCHAR
STARTCHAR 2827
ENCODING 10279
SWIDTH 500 0
DWIDTH 8 0
BBX 7 11 1 0
BITMAP
EE
EA
EE
00
EE
EA
EE
00
EE
EE
EE
ENDCHAR
STARTCHAR 2828
ENCODING 10280
SWIDTH 500 0
DWIDTH 8 0
BBX 7 11 1 0
BITMAP
EE
AE
EE
00
EE
AA
EE
00
EE
AE
EE
ENDCHAR
STARTCHAR 2829
ENCODING 10281
SWIDTH 500 0
DWIDTH 8 0
BBX 7 11 1 0
BITMAP
EE
EE
EE
00
EE
AA
EE
00
EE
AE
EE
ENDCHAR
STARTCHAR 282A
ENCODING 10282
SWIDTH 500 0
DWIDTH 8 0
BBX 7 11 1 0
BITMAP
EE
AE
EE
00
EE
EA
EE
00
EE
AE
EE
ENDCHAR
STARTCHAR 282B
ENCODING 10283
SWIDTH 500 0
DWIDTH 8 0
BBX 7 11 1 0
BITMAP
EE
EE
EE
00
EE
EA
EE
00
EE
AE
EE
ENDCHAR
STARTCHAR 282C
ENCODING 10284
SWIDTH 500 0
DWIDTH 8 0
BBX 7 11 1 0
BITMAP
EE
AE
EE
00
EE
AA
EE
00
EE
EE
EE
ENDCHAR
STARTCHAR 282D
ENCODING 10285
SWIDTH 500 0
DWIDTH 8 0
BBX 7 11 1 0
BITMAP
EE
EE
EE
00
EE
AA
EE
00
EE
EE
EE
ENDCHAR
STARTCHAR 282E
ENCODING 10286
SWIDTH 500 0
DWIDTH 8 0
BBX 7 11 1 0
BITMAP
EE
AE
EE
00
EE
EA
EE
00
EE
EE
EE
ENDCHAR
STARTCHAR 282F
ENCODING 10287
SWIDTH 500 0
DWIDTH 8 0
BBX 7 11 1 0
BITMAP
EE
EE
EE
00
EE
EA
EE
00
EE
EE
EE
ENDCHAR
STARTCHAR 2830
ENCODING 10288
SWIDTH 500 0
DWIDTH 8 0
BBX 7 11 1 0
BITMAP
EE
AA
EE
00
EE
AE
EE
00
EE
AE
EE
ENDCHAR
STARTCHAR 2831
ENCODING 10289
SWIDTH 500 0
DWIDTH 8 0
BBX 7 11 1 0
BITMAP
EE
EA
EE
00
EE
AE
EE
00
EE
AE
EE
ENDCHAR
STARTCHAR 2832
ENCODING 10290
SWIDTH 500 0
DWIDTH 8 0
BBX 7 11 1 0
BITMAP
EE
AA
EE
00
EE
EE
EE
00
EE
AE
EE
ENDCHAR
STARTCHAR 2833
ENCODING 10291
SWIDTH 500 0
DWIDTH 8 0
BBX 7 11 1 0
BITMAP
EE
EA
EE
00
EE
EE
EE
00
EE
AE
EE
ENDCHAR
STARTCHAR 2834
ENCODING 10292
SWIDTH 500 0
DWIDTH 8 0
BBX 7 11 1 0
BITMAP
EE
AA
EE
00
EE
AE
EE
00
EE
EE
EE
ENDCHAR
STARTCHAR 2835
ENCODING 10293
SWIDTH 500 0
DWIDTH 8 0
BBX 7 11 1 0
BITMAP
EE
EA
EE
00
EE
AE
EE
00
EE
EE
EE
ENDCHAR
STARTCHAR 2836
ENCODING 10294
SWIDTH 500 0
DWIDTH 8 0
BBX 7 11 1 0
BITMAP
EE
AA
EE
00
EE
EE
EE
00
EE
EE
EE
ENDCHAR
STARTCHAR 2837
ENCODING 10295
SWIDTH 500 0
DWIDTH 8 0
BBX 7 11 1 0
BITMAP
EE
EA
EE
00
EE
EE
EE
00
EE
EE
EE
ENDCHAR
STARTCHAR 2838
ENCODING 10296
SWIDTH 500 0
DWIDTH 8 0
BBX 7 11 1 0
BITMAP
EE
AE
EE
00
EE
AE
EE
00
EE
AE
EE
ENDCHAR
STARTCHAR 2839
ENCODING 10297
SWIDTH 500 0
DWIDTH 8 0
BBX 7 11 1 0
BITMAP
EE
EE
EE
00
EE
AE
EE
00
EE
AE
EE
ENDCHAR
STARTCHAR 283A
ENCODING 10298
SWIDTH 500 0
DWIDTH 8 0
BBX 7 11 1 0
BITMAP
EE
AE
EE
00
EE
EE
EE
00
EE
AE
EE
ENDCHAR
STARTCHAR 283B
ENCODING 10299
SWIDTH 500 0
DWIDTH 8 0
BBX 7 11 1 0
BITMAP
EE
EE
EE
00
EE
EE
EE
00
EE
AE
EE
ENDCHAR
STARTCHAR 283C
ENCODING 10300
SWIDTH 500 0
DWIDTH 8 0
BBX 7 11 1 0
BITMAP
EE
AE
EE
00
EE
AE
EE
00
EE
EE
EE
ENDCHAR
STARTCHAR 283D
ENCODING 10301
SWIDTH 500 0
DWIDTH 8 0
BBX 7 11 1 0
BITMAP
EE
EE
EE
00
EE
AE
EE
00
EE
EE
EE
ENDCHAR
STARTCHAR 283E
ENCODING 10302
SWIDTH 500 0
DWIDTH 8 0
BBX 7 11 1 0
BITMAP
EE
AE
EE
00
EE
EE
EE
00
EE
EE
EE
ENDCHAR
STARTCHAR 283F
ENCODING 10303
SWIDTH 500 0
DWIDTH 8 0
BBX 7 11 1 0
BITMAP
EE
EE
EE
00
EE
EE
EE
00
EE
EE
EE
ENDCHAR
STARTCHAR 2C60
ENCODING 11360
SWIDTH 500 0
DWIDTH 8 0
BBX 7 9 0 0
BITMAP
60
60
F8
60
F8
60
60
60
7E
ENDCHAR
STARTCHAR 2C61
ENCODING 11361
SWIDTH 500 0
DWIDTH 8 0
BBX 6 9 1 0
BITMAP
F0
30
30
FC
30
FC
30
30
FC
ENDCHAR
STARTCHAR 2C62
ENCODING 11362
SWIDTH 500 0
DWIDTH 8 0
BBX 8 9 0 0
BITMAP
30
30
30
74
B8
30
30
30
3F
ENDCHAR
STARTCHAR 2C63
ENCODING 11363
SWIDTH 500 0
DWIDTH 8 0
BBX 7 9 0 0
BITMAP
7C
66
F6
66
7C
60
60
60
60
ENDCHAR
STARTCHAR 2C64
ENCODING 11364
SWIDTH 500 0
DWIDTH 8 0
BBX 6 12 1 -3
BITMAP
F8
CC
CC
CC
F8
D8
CC
CC
CC
C0
C0
70
ENDCHAR
STARTCHAR 2C65
ENCODING 11365
SWIDTH 500 0
DWIDTH 8 0
BBX 7 7 1 0
BITMAP
78
0C
7C
CC
FE
CC
7C
ENDCHAR
STARTCHAR 2C66
ENCODING 11366
SWIDTH 500 0
DWIDTH 8 0
BBX 6 9 1 0
BITMAP
60
60
FC
6C
78
70
60
E0
BC
ENDCHAR
STARTCHAR 2C67
ENCODING 11367
SWIDTH 500 0
DWIDTH 8 0
BBX 7 11 1 -2
BITMAP
CC
CC
CC
CC
FC
CC
CC
CC
CC
06
06
ENDCHAR
STARTCHAR 2C68
ENCODING 11368
SWIDTH 500 0
DWIDTH 8 0
BBX 7 11 1 -2
BITMAP
C0
C0
F8
CC
CC
CC
CC
CC
CC
06
06
ENDCHAR
STARTCHAR 2C69
ENCODING 11369
SWIDTH 500 0
DWIDTH 8 0
BBX 7 11 1 -2
BITMAP
CC
CC
D8
D8
F0
D8
D8
CC
CC
06
06
ENDCHAR
STARTCHAR 2C6A
ENCODING 11370
SWIDTH 500 0
DWIDTH 8 0
BBX 7 11 1 -2
BITMAP
C0
C0
CC
CC
D8
F0
D8
CC
CC
06
06
ENDCHAR
STARTCHAR 2C6B
ENCODING 11371
SWIDTH 500 0
DWIDTH 8 0
BBX 7 11 1 -2
BITMAP
FC
0C
0C
18
30
60
C0
C0
FC
06
06
ENDCHAR
STARTCHAR 2C6C
ENCODING 11372
SWIDTH 500 0
DWIDTH 8 0
BBX 7 9 1 -2
BITMAP
FC
0C
18
30
60
C0
FC
06
06
ENDCHAR
STARTCHAR 2C6D
ENCODING 11373
SWIDTH 500 0
DWIDTH 8 0
BBX 7 9 1 0
BITMAP
7C
CC
CC
CC
CC
CC
CC
CC
76
ENDCHAR
STARTCHAR 2C6E
ENCODING 11374
SWIDTH 500 0
DWIDTH 8 0
BBX 7 12 1 -3
BITMAP
C6
C6
EE
D6
D6
D6
C6
C6
C6
06
06
1C
ENDCHAR
STARTCHAR 2C71
ENCODING 11377
SWIDTH 500 0
DWIDTH 8 0
BBX 8 9 1 0
BITMAP
07
0C
CC
CC
CC
CC
CC
78
30
ENDCHAR
STARTCHAR 2C72
ENCODING 11378
SWIDTH 500 0
DWIDTH 8 0
BBX 8 11 1 0
BITMAP
03
06
C6
C6
C6
D6
D6
D6
6C
6C
6C
ENDCHAR
STARTCHAR 2C73
ENCODING 11379
SWIDTH 500 0
DWIDTH 8 0
BBX 8 9 1 0
BITMAP
03
06
C6
D6
D6
D6
D6
6C
6C
ENDCHAR
STARTCHAR 2C74
ENCODING 11380
SWIDTH 500 0
DWIDTH 8 0
BBX 7 9 0 0
BITMAP
30
68
76
E6
66
66
66
3C
18
ENDCHAR
STARTCHAR 2C75
ENCODING 11381
SWIDTH 500 0
DWIDTH 8 0
BBX 6 9 1 0
BITMAP
F0
60
60
60
7C
60
60
60
F0
ENDCHAR
STARTCHAR 2C76
ENCODING 11382
SWIDTH 500 0
DWIDTH 8 0
BBX 5 7 2 0
BITMAP
C0
C0
C0
F8
C0
C0
C0
ENDCHAR
STARTCHAR 2C77
ENCODING 11383
SWIDTH 500 0
DWIDTH 8 0
BBX 7 7 1 0
BITMAP
CC
D6
D6
D6
D6
D6
7C
ENDCHAR
STARTCHAR 2C78
ENCODING 11384
SWIDTH 500 0
DWIDTH 8 0
BBX 7 7 1 0
BITMAP
78
CC
CC
FC
C0
CC
76
ENDCHAR
STARTCHAR 2C79
ENCODING 11385
SWIDTH 500 0
DWIDTH 8 0
BBX 6 9 1 0
BITMAP
38
0C
0C
0C
0C
0C
1C
EC
CC
ENDCHAR
STARTCHAR 2C7A
ENCODING 11386
SWIDTH 500 0
DWIDTH 8 0
BBX 6 7 1 0
BITMAP
78
CC
CC
CC
FC
CC
78
ENDCHAR
STARTCHAR 2C7B
ENCODING 11387
SWIDTH 500 0
DWIDTH 8 0
BBX 6 7 1 0
BITMAP
FC
0C
0C
7C
0C
0C
FC
ENDCHAR
STARTCHAR 2C7C
ENCODING 11388
SWIDTH 500 0
DWIDTH 8 0
BBX 4 10 1 -3
BITMAP
30
30
00
70
30
30
30
30
30
E0
ENDCHAR
STARTCHAR 2C7D
ENCODING 11389
SWIDTH 500 0
DWIDTH 8 0
BBX 6 6 1 4
BITMAP
CC
CC
CC
CC
78
30
ENDCHAR
STARTCHAR 2D00
ENCODING 11520
SWIDTH 500 0
DWIDTH 8 0
BBX 7 10 0 -3
BITMAP
EC
76
66
60
60
60
3C
06
06
0C
ENDCHAR
STARTCHAR 2D01
ENCODING 11521
SWIDTH 500 0
DWIDTH 8 0
BBX 8 10 0 -3
BITMAP
E6
66
66
66
66
6E
36
03
63
3E
ENDCHAR
STARTCHAR 2D02
ENCODING 11522
SWIDTH 500 0
DWIDTH 8 0
BBX 8 10 0 -3
BITMAP
CC
76
66
66
66
66
66
03
63
3E
ENDCHAR
STARTCHAR 2D03
ENCODING 11523
SWIDTH 500 0
DWIDTH 8 0
BBX 6 10 1 0
BITMAP
80
FC
34
30
78
CC
CC
CC
CC
78
ENDCHAR
STARTCHAR 2D04
ENCODING 11524
SWIDTH 500 0
DWIDTH 8 0
BBX 7 10 0 -3
BITMAP
EC
76
66
66
66
66
66
06
06
06
ENDCHAR
STARTCHAR 2D05
ENCODING 11525
SWIDTH 750 0
DWIDTH 12 0
BBX 11 10 0 -3
BITMAP
EDC0
7760
6660
6660
6660
6660
6660
0600
0600
0600
ENDCHAR
STARTCHAR 2D06
ENCODING 11526
SWIDTH 687 0
DWIDTH 11 0
BBX 10 9 0 0
BITMAP
DC00
EC00
CF80
0CC0
0CC0
0CC0
0CC0
0CC0
0780
ENDCHAR
STARTCHAR 2D07
ENCODING 11527
SWIDTH 750 0
DWIDTH 12 0
BBX 10 7 1 0
BITMAP
DB80
EEC0
CCC0
CCC0
CCC0
DCC0
6CC0
ENDCHAR
STARTCHAR 2D08
ENCODING 11528
SWIDTH 500 0
DWIDTH 8 0
BBX 7 7 0 0
BITMAP
EE
76
66
06
06
06
06
ENDCHAR
STARTCHAR 2D09
ENCODING 11529
SWIDTH 500 0
DWIDTH 8 0
BBX 6 12 1 -3
BITMAP
C0
C0
D8
EC
CC
CC
CC
DC
6C
0C
0C
0C
ENDCHAR
STARTCHAR 2D0A
ENCODING 11530
SWIDTH 750 0
DWIDTH 12 0
BBX 10 7 1 0
BITMAP
DB80
EEC0
CCC0
CCC0
CCC0
CDC0
C6C0
ENDCHAR
STARTCHAR 2D0B
ENCODING 11531
SWIDTH 500 0
DWIDTH 8 0
BBX 7 10 1 0
BITMAP
DC
EC
0C
7E
CC
CC
CC
CC
CC
78
ENDCHAR
STARTCHAR 2D0C
ENCODING 11532
SWIDTH 500 0
DWIDTH 8 0
BBX 6 9 1 0
BITMAP
FC
CC
C0
DC
EC
CC
CC
CC
CC
ENDCHAR
STARTCHAR 2D0D
ENCODING 11533
SWIDTH 750 0
DWIDTH 12 0
BBX 10 7 1 0
BITMAP
CCC0
CCC0
CCC0
CCC0
CCC0
DDC0
76C0
ENDCHAR
STARTCHAR 2D0E
ENCODING 11534
SWIDTH 687 0
DWIDTH 11 0
BBX 10 7 0 0
BITMAP
DCC0
ECC0
CCC0
0CC0
0CC0
0DC0
06C0
ENDCHAR
STARTCHAR 2D0F
ENCODING 11535
SWIDTH 687 0
DWIDTH 11 0
BBX 10 10 0 -3
BITMAP
DCC0
ECC0
CCC0
0CC0
0CC0
0DC0
06C0
00C0
00C0
00C0
ENDCHAR
STARTCHAR 2D10
ENCODING 11536
SWIDTH 750 0
DWIDTH 12 0
BBX 10 9 1 0
BITMAP
0C00
0C00
CF80
CCC0
CCC0
CCC0
CCC0
DCC0
6CC0
ENDCHAR
STARTCHAR 2D11
ENCODING 11537
SWIDTH 500 0
DWIDTH 8 0
BBX 6 9 1 0
BITMAP
C0
C0
CC
CC
CC
CC
CC
DC
6C
ENDCHAR
STARTCHAR 2D12
ENCODING 11538
SWIDTH 500 0
DWIDTH 8 0
BBX 6 10 1 -3
BITMAP
D8
EC
CC
CC
CC
CC
F8
C0
C0
7C
ENDCHAR
STARTCHAR 2D13
ENCODING 11539
SWIDTH 750 0
DWIDTH 12 0
BBX 10 12 1 -3
BITMAP
00C0
00C0
CCC0
CCC0
CCC0
CCC0
CCC0
DDC0
76C0
00C0
00C0
00C0
ENDCHAR
STARTCHAR 2D14
ENCODING 11540
SWIDTH 750 0
DWIDTH 12 0
BBX 10 10 1 -3
BITMAP
DB80
EEC0
CCC0
CCC0
CCC0
DDC0
6EC0
0C00
0C00
0C00
ENDCHAR
STARTCHAR 2D15
ENCODING 11541
SWIDTH 625 0
DWIDTH 10 0
BBX 8 12 1 -3
BITMAP
18
18
18
18
DF
FB
18
18
18
18
18
18
ENDCHAR
STARTCHAR 2D16
ENCODING 11542
SWIDTH 500 0
DWIDTH 8 0
BBX 7 7 0 0
BITMAP
EC
76
66
66
66
66
66
ENDCHAR
STARTCHAR 2D17
ENCODING 11543
SWIDTH 500 0
DWIDTH 8 0
BBX 7 10 0 -3
BITMAP
E6
66
66
66
66
6E
36
06
06
06
ENDCHAR
STARTCHAR 2D18
ENCODING 11544
SWIDTH 500 0
DWIDTH 8 0
BBX 6 10 1 -3
BITMAP
CC
CC
CC
CC
CC
DC
6C
0C
CC
78
ENDCHAR
STARTCHAR 2D19
ENCODING 11545
SWIDTH 500 0
DWIDTH 8 0
BBX 6 12 1 -3
BITMAP
C0
C0
D8
EC
CC
CC
CC
CC
CC
C0
C0
C0
ENDCHAR
STARTCHAR 2D1A
ENCODING 11546
SWIDTH 500 0
DWIDTH 8 0
BBX 6 10 1 -3
BITMAP
D8
EC
CC
CC
CC
CC
CC
C0
C0
7C
ENDCHAR
STARTCHAR 2D1B
ENCODING 11547
SWIDTH 750 0
DWIDTH 12 0
BBX 10 9 1 0
BITMAP
0C00
0C00
7D80
CEC0
CCC0
CCC0
CCC0
DCC0
6CC0
ENDCHAR
STARTCHAR 2D1C
ENCODING 11548
SWIDTH 750 0
DWIDTH 12 0
BBX 10 10 1 -3
BITMAP
DB80
EEC0
CCC0
CCC0
CCC0
CCC0
CCC0
C000
C000
C000
ENDCHAR
STARTCHAR 2D1D
ENCODING 11549
SWIDTH 500 0
DWIDTH 8 0
BBX 7 10 0 -3
BITMAP
EE
76
66
60
7C
66
06
06
66
3C
ENDCHAR
STARTCHAR 2D1E
ENCODING 11550
SWIDTH 500 0
DWIDTH 8 0
BBX 6 10 1 -3
BITMAP
CC
CC
CC
CC
CC
CC
FC
C0
C0
7C
ENDCHAR
STARTCHAR 2D1F
ENCODING 11551
SWIDTH 625 0
DWIDTH 10 0
BBX 8 11 1 -3
BITMAP
C0
FF
36
1C
08
1C
36
66
60
C0
C0
ENDCHAR
STARTCHAR 2D20
ENCODING 11552
SWIDTH 750 0
DWIDTH 12 0
BBX 10 7 1 0
BITMAP
D8C0
ECC0
CCC0
CCC0
CCC0
CDC0
C6C0
ENDCHAR
STARTCHAR 2D21
ENCODING 11553
SWIDTH 437 0
DWIDTH 7 0
BBX 6 12 1 -3
BITMAP
C0
C0
C0
F8
D8
CC
C0
C0
C0
C0
C0
C0
ENDCHAR
STARTCHAR 2D22
ENCODING 11554
SWIDTH 500 0
DWIDTH 8 0
BBX 6 7 1 0
BITMAP
C0
F8
0C
0C
CC
CC
78
ENDCHAR
STARTCHAR 2D23
ENCODING 11555
SWIDTH 500 0
DWIDTH 8 0
BBX 6 12 1 -3
BITMAP
0C
0C
CC
CC
CC
CC
CC
DC
6C
0C
0C
0C
ENDCHAR
STARTCHAR 2D24
ENCODING 11556
SWIDTH 500 0
DWIDTH 8 0
BBX 7 10 0 -3
BITMAP
E6
66
66
66
66
66
7E
18
18
18
ENDCHAR
STARTCHAR 2D25
ENCODING 11557
SWIDTH 750 0
DWIDTH 12 0
BBX 10 10 1 0
BITMAP
07C0
0CC0
0C00
7D80
CEC0
CCC0
CCC0
CCC0
DCC0
6CC0
ENDCHAR
STARTCHAR 2D30
ENCODING 11568
SWIDTH 500 0
DWIDTH 8 0
BBX 6 6 1 0
BITMAP
78
CC
CC
CC
CC
78
ENDCHAR
STARTCHAR 2D31
ENCODING 11569
SWIDTH 500 0
DWIDTH 8 0
BBX 6 9 1 0
BITMAP
78
CC
CC
CC
FC
CC
CC
CC
78
ENDCHAR
STARTCHAR 2D32
ENCODING 11570
SWIDTH 500 0
DWIDTH 8 0
BBX 7 9 1 0
BITMAP
7C
D6
D6
D6
FE
D6
D6
D6
7C
ENDCHAR
STARTCHAR 2D33
ENCODING 11571
SWIDTH 500 0
DWIDTH 8 0
BBX 6 9 1 0
BITMAP
FC
CC
CC
78
30
78
CC
CC
CC
ENDCHAR
STARTCHAR 2D34
ENCODING 11572
SWIDTH 500 0
DWIDTH 8 0
BBX 6 9 1 0
BITMAP
CC
CC
CC
78
30
78
CC
CC
FC
ENDCHAR
STARTCHAR 2D35
ENCODING 11573
SWIDTH 500 0
DWIDTH 8 0
BBX 6 9 1 0
BITMAP
FC
CC
CC
78
30
78
CC
CC
FC
ENDCHAR
STARTCHAR 2D36
ENCODING 11574
SWIDTH 500 0
DWIDTH 8 0
BBX 8 9 0 0
BITMAP
DB
DB
18
18
18
18
18
18
18
ENDCHAR
STARTCHAR 2D37
ENCODING 11575
SWIDTH 500 0
DWIDTH 8 0
BBX 6 9 1 0
BITMAP
30
30
30
78
48
48
CC
CC
CC
ENDCHAR
STARTCHAR 2D38
ENCODING 11576
SWIDTH 500 0
DWIDTH 8 0
BBX 6 9 1 0
BITMAP
CC
CC
CC
48
48
78
30
30
30
ENDCHAR
STARTCHAR 2D39
ENCODING 11577
SWIDTH 500 0
DWIDTH 8 0
BBX 6 9 1 0
BITMAP
FC
C0
C0
C0
F0
C0
C0
C0
FC
ENDCHAR
STARTCHAR 2D3A
ENCODING 11578
SWIDTH 500 0
DWIDTH 8 0
BBX 6 9 1 0
BITMAP
FC
0C
0C
0C
FC
0C
0C
0C
FC
ENDCHAR
STARTCHAR 2D3B
ENCODING 11579
SWIDTH 500 0
DWIDTH 8 0
BBX 6 9 1 0
BITMAP
78
CC
78
00
FC
00
78
CC
78
ENDCHAR
STARTCHAR 2D3C
ENCODING 11580
SWIDTH 500 0
DWIDTH 8 0
BBX 7 9 1 0
BITMAP
EE
6C
6C
6C
7C
6C
6C
6C
EE
ENDCHAR
STARTCHAR 2D3D
ENCODING 11581
SWIDTH 500 0
DWIDTH 8 0
BBX 7 9 1 0
BITMAP
FE
C4
C4
C8
CC
DC
D4
E6
E6
ENDCHAR
STARTCHAR 2D3E
ENCODING 11582
SWIDTH 500 0
DWIDTH 8 0
BBX 5 9 2 0
BITMAP
C0
C0
00
18
18
00
00
C0
C0
ENDCHAR
STARTCHAR 2D3F
ENCODING 11583
SWIDTH 500 0
DWIDTH 8 0
BBX 7 9 1 0
BITMAP
E6
E6
D4
DC
CC
C8
C4
C4
FE
ENDCHAR
STARTCHAR 2D40
ENCODING 11584
SWIDTH 500 0
DWIDTH 8 0
BBX 7 9 1 0
BITMAP
7C
D6
D6
D6
D6
D6
D6
D6
7C
ENDCHAR
STARTCHAR 2D41
ENCODING 11585
SWIDTH 500 0
DWIDTH 8 0
BBX 6 9 1 0
BITMAP
7C
CC
DC
DC
FC
EC
EC
CC
F8
ENDCHAR
STARTCHAR 2D42
ENCODING 11586
SWIDTH 500 0
DWIDTH 8 0
BBX 2 9 3 0
BITMAP
C0
C0
00
C0
00
C0
00
C0
C0
ENDCHAR
STARTCHAR 2D43
ENCODING 11587
SWIDTH 500 0
DWIDTH 8 0
BBX 6 9 1 0
BITMAP
0C
0C
18
18
30
38
68
6C
CC
ENDCHAR
STARTCHAR 2D44
ENCODING 11588
SWIDTH 500 0
DWIDTH 8 0
BBX 6 9 1 0
BITMAP
30
30
30
30
FC
CC
CC
CC
CC
ENDCHAR
STARTCHAR 2D45
ENCODING 11589
SWIDTH 500 0
DWIDTH 8 0
BBX 7 9 1 0
BITMAP
D6
D6
D6
7C
38
7C
C6
C6
C6
ENDCHAR
STARTCHAR 2D46
ENCODING 11590
SWIDTH 500 0
DWIDTH 8 0
BBX 6 7 1 1
BITMAP
CC
CC
00
00
00
CC
CC
ENDCHAR
STARTCHAR 2D47
ENCODING 11591
SWIDTH 500 0
DWIDTH 8 0
BBX 7 9 1 0
BITMAP
FE
C4
C4
C8
C8
D0
D0
E0
FE
ENDCHAR
STARTCHAR 2D48
ENCODING 11592
SWIDTH 500 0
DWIDTH 8 0
BBX 7 2 1 4
BITMAP
D6
D6
ENDCHAR
STARTCHAR 2D49
ENCODING 11593
SWIDTH 500 0
DWIDTH 8 0
BBX 6 9 1 0
BITMAP
0C
3C
C0
30
0C
30
C0
3C
0C
ENDCHAR
STARTCHAR 2D4A
ENCODING 11594
SWIDTH 500 0
DWIDTH 8 0
BBX 6 9 1 0
BITMAP
FC
30
30
30
30
30
30
30
FC
ENDCHAR
STARTCHAR 2D4B
ENCODING 11595
SWIDTH 500 0
DWIDTH 8 0
BBX 6 9 1 0
BITMAP
CC
78
30
30
30
30
30
78
CC
ENDCHAR
STARTCHAR 2D4C
ENCODING 11596
SWIDTH 500 0
DWIDTH 8 0
BBX 7 9 1 0
BITMAP
6C
6C
FE
6C
6C
6C
FE
6C
6C
ENDCHAR
STARTCHAR 2D4D
ENCODING 11597
SWIDTH 500 0
DWIDTH 8 0
BBX 6 9 1 0
BITMAP
CC
CC
CC
DC
FC
EC
CC
CC
CC
ENDCHAR
STARTCHAR 2D4E
ENCODING 11598
SWIDTH 500 0
DWIDTH 8 0
BBX 6 9 1 0
BITMAP
FC
C0
C0
C0
C0
C0
C0
C0
FC
ENDCHAR
STARTCHAR 2D4F
ENCODING 11599
SWIDTH 500 0
DWIDTH 8 0
BBX 2 9 3 0
BITMAP
C0
C0
C0
C0
C0
C0
C0
C0
C0
ENDCHAR
STARTCHAR 2D50
ENCODING 11600
SWIDTH 500 0
DWIDTH 8 0
BBX 6 9 1 0
BITMAP
30
30
30
FC
30
FC
30
30
30
ENDCHAR
STARTCHAR 2D51
ENCODING 11601
SWIDTH 500 0
DWIDTH 8 0
BBX 2 11 3 -2
BITMAP
C0
C0
C0
C0
C0
C0
C0
C0
00
C0
C0
ENDCHAR
STARTCHAR 2D52
ENCODING 11602
SWIDTH 500 0
DWIDTH 8 0
BBX 6 9 1 0
BITMAP
FC
18
30
78
CC
CC
CC
CC
78
ENDCHAR
STARTCHAR 2D53
ENCODING 11603
SWIDTH 500 0
DWIDTH 8 0
BBX 6 9 1 0
BITMAP
78
CC
CC
78
00
78
CC
CC
78
ENDCHAR
STARTCHAR 2D54
ENCODING 11604
SWIDTH 500 0
DWIDTH 8 0
BBX 6 9 1 0
BITMAP
78
CC
CC
CC
CC
CC
CC
CC
78
ENDCHAR
STARTCHAR 2D55
ENCODING 11605
SWIDTH 500 0
DWIDTH 8 0
BBX 6 10 1 -1
BITMAP
78
CC
CC
CC
CC
CC
CC
DC
78
0C
ENDCHAR
STARTCHAR 2D56
ENCODING 11606
SWIDTH 500 0
DWIDTH 8 0
BBX 6 9 1 0
BITMAP
CC
CC
CC
CC
FC
30
30
30
30
ENDCHAR
STARTCHAR 2D57
ENCODING 11607
SWIDTH 500 0
DWIDTH 8 0
BBX 2 9 3 0
BITMAP
C0
C0
00
C0
C0
00
00
C0
C0
ENDCHAR
STARTCHAR 2D58
ENCODING 11608
SWIDTH 500 0
DWIDTH 8 0
BBX 6 9 1 0
BITMAP
CC
CC
00
30
30
00
00
CC
CC
ENDCHAR
STARTCHAR 2D59
ENCODING 11609
SWIDTH 500 0
DWIDTH 8 0
BBX 7 9 1 0
BITMAP
7C
C6
C6
D6
D6
C6
C6
C6
7C
ENDCHAR
STARTCHAR 2D5A
ENCODING 11610
SWIDTH 500 0
DWIDTH 8 0
BBX 6 10 1 0
BITMAP
0C
78
DC
CC
CC
CC
CC
CC
CC
78
ENDCHAR
STARTCHAR 2D5B
ENCODING 11611
SWIDTH 500 0
DWIDTH 8 0
BBX 7 9 1 0
BITMAP
7C
D6
D6
CC
C0
CC
D6
D6
7C
ENDCHAR
STARTCHAR 2D5C
ENCODING 11612
SWIDTH 500 0
DWIDTH 8 0
BBX 6 9 1 0
BITMAP
30
30
30
30
FC
30
30
30
30
ENDCHAR
STARTCHAR 2D5D
ENCODING 11613
SWIDTH 500 0
DWIDTH 8 0
BBX 6 9 1 0
BITMAP
CC
CC
48
78
30
78
48
CC
CC
ENDCHAR
STARTCHAR 2D5E
ENCODING 11614
SWIDTH 500 0
DWIDTH 8 0
BBX 7 9 1 0
BITMAP
7C
D6
D6
DC
F0
DC
D6
D6
7C
ENDCHAR
STARTCHAR 2D5F
ENCODING 11615
SWIDTH 500 0
DWIDTH 8 0
BBX 6 9 1 0
BITMAP
FC
C0
C0
D0
F8
D0
C0
C0
FC
ENDCHAR
STARTCHAR 2D60
ENCODING 11616
SWIDTH 500 0
DWIDTH 8 0
BBX 6 9 1 0
BITMAP
30
30
30
78
48
48
CC
CC
FC
ENDCHAR
STARTCHAR 2D61
ENCODING 11617
SWIDTH 500 0
DWIDTH 8 0
BBX 6 9 1 0
BITMAP
CC
CC
CC
CC
CC
CC
CC
CC
FC
ENDCHAR
STARTCHAR 2D62
ENCODING 11618
SWIDTH 500 0
DWIDTH 8 0
BBX 7 9 1 0
BITMAP
0C
18
30
60
FE
0C
18
30
60
ENDCHAR
STARTCHAR 2D63
ENCODING 11619
SWIDTH 500 0
DWIDTH 8 0
BBX 7 9 1 0
BITMAP
D6
D6
7C
10
10
10
7C
D6
D6
ENDCHAR
STARTCHAR 2D64
ENCODING 11620
SWIDTH 500 0
DWIDTH 8 0
BBX 5 9 2 0
BITMAP
E0
F0
D8
C8
C0
C0
C0
C0
C0
ENDCHAR
STARTCHAR 2D65
ENCODING 11621
SWIDTH 500 0
DWIDTH 8 0
BBX 7 9 1 0
BITMAP
D6
D6
7C
10
FE
10
7C
D6
D6
ENDCHAR
STARTCHAR 2D6F
ENCODING 11631
SWIDTH 500 0
DWIDTH 8 0
BBX 6 5 1 5
BITMAP
CC
CC
CC
CC
FC
ENDCHAR
STARTCHAR 3002
ENCODING 12290
SWIDTH 500 0
DWIDTH 8 0
BBX 5 4 1 0
BITMAP
70
D8
D8
70
ENDCHAR
STARTCHAR 300C
ENCODING 12300
SWIDTH 500 0
DWIDTH 8 0
BBX 4 10 2 0
BITMAP
F0
F0
C0
C0
C0
C0
C0
C0
C0
C0
ENDCHAR
STARTCHAR 300D
ENCODING 12301
SWIDTH 500 0
DWIDTH 8 0
BBX 4 10 2 -3
BITMAP
30
30
30
30
30
30
30
30
F0
F0
ENDCHAR
STARTCHAR 300E
ENCODING 12302
SWIDTH 500 0
DWIDTH 8 0
BBX 5 10 2 0
BITMAP
F8
88
B8
A0
A0
A0
A0
A0
A0
E0
ENDCHAR
STARTCHAR 300F
ENCODING 12303
SWIDTH 500 0
DWIDTH 8 0
BBX 5 10 1 -3
BITMAP
38
28
28
28
28
28
28
E8
88
F8
ENDCHAR
STARTCHAR 3030
ENCODING 12336
SWIDTH 500 0
DWIDTH 8 0
BBX 8 2 0 3
BITMAP
EE
BB
ENDCHAR
STARTCHAR 4DC0
ENCODING 19904
SWIDTH 500 0
DWIDTH 8 0
BBX 6 11 1 0
BITMAP
FC
00
FC
00
FC
00
FC
00
FC
00
FC
ENDCHAR
STARTCHAR 4DC1
ENCODING 19905
SWIDTH 500 0
DWIDTH 8 0
BBX 6 11 1 0
BITMAP
CC
00
CC
00
CC
00
CC
00
CC
00
CC
ENDCHAR
STARTCHAR 4DC2
ENCODING 19906
SWIDTH 500 0
DWIDTH 8 0
BBX 6 11 1 0
BITMAP
CC
00
FC
00
CC
00
CC
00
CC
00
FC
ENDCHAR
STARTCHAR 4DC3
ENCODING 19907
SWIDTH 500 0
DWIDTH 8 0
BBX 6 11 1 0
BITMAP
FC
00
CC
00
CC
00
CC
00
FC
00
CC
ENDCHAR
STARTCHAR 4DC4
ENCODING 19908
SWIDTH 500 0
DWIDTH 8 0
BBX 6 11 1 0
BITMAP
CC
00
FC
00
CC
00
FC
00
FC
00
FC
ENDCHAR
STARTCHAR 4DC5
ENCODING 19909
SWIDTH 500 0
DWIDTH 8 0
BBX 6 11 1 0
BITMAP
FC
00
FC
00
FC
00
CC
00
FC
00
CC
ENDCHAR
STARTCHAR 4DC6
ENCODING 19910
SWIDTH 500 0
DWIDTH 8 0
BBX 6 11 1 0
BITMAP
CC
00
CC
00
CC
00
CC
00
FC
00
CC
ENDCHAR
STARTCHAR 4DC7
ENCODING 19911
SWIDTH 500 0
DWIDTH 8 0
BBX 6 11 1 0
BITMAP
CC
00
FC
00
CC
00
CC
00
CC
00
CC
ENDCHAR
STARTCHAR 4DC8
ENCODING 19912
SWIDTH 500 0
DWIDTH 8 0
BBX 6 11 1 0
BITMAP
FC
00
FC
00
CC
00
FC
00
FC
00
FC
ENDCHAR
STARTCHAR 4DC9
ENCODING 19913
SWIDTH 500 0
DWIDTH 8 0
BBX 6 11 1 0
BITMAP
FC
00
FC
00
FC
00
CC
00
FC
00
FC
ENDCHAR
STARTCHAR 4DCA
ENCODING 19914
SWIDTH 500 0
DWIDTH 8 0
BBX 6 11 1 0
BITMAP
CC
00
CC
00
CC
00
FC
00
FC
00
FC
ENDCHAR
STARTCHAR 4DCB
ENCODING 19915
SWIDTH 500 0
DWIDTH 8 0
BBX 6 11 1 0
BITMAP
FC
00
FC
00
FC
00
CC
00
CC
00
CC
ENDCHAR
STARTCHAR 4DCC
ENCODING 19916
SWIDTH 500 0
DWIDTH 8 0
BBX 6 11 1 0
BITMAP
FC
00
FC
00
FC
00
FC
00
CC
00
FC
ENDCHAR
STARTCHAR 4DCD
ENCODING 19917
SWIDTH 500 0
DWIDTH 8 0
BBX 6 11 1 0
BITMAP
FC
00
CC
00
FC
00
FC
00
FC
00
FC
ENDCHAR
STARTCHAR 4DCE
ENCODING 19918
SWIDTH 500 0
DWIDTH 8 0
BBX 6 11 1 0
BITMAP
CC
00
CC
00
CC
00
FC
00
CC
00
CC
ENDCHAR
STARTCHAR 4DCF
ENCODING 19919
SWIDTH 500 0
DWIDTH 8 0
BBX 6 11 1 0
BITMAP
CC
00
CC
00
FC
00
CC
00
CC
00
CC
ENDCHAR
STARTCHAR 4DD0
ENCODING 19920
SWIDTH 500 0
DWIDTH 8 0
BBX 6 11 1 0
BITMAP
CC
00
FC
00
FC
00
CC
00
CC
00
FC
ENDCHAR
STARTCHAR 4DD1
ENCODING 19921
SWIDTH 500 0
DWIDTH 8 0
BBX 6 11 1 0
BITMAP
FC
00
CC
00
CC
00
FC
00
FC
00
CC
ENDCHAR
STARTCHAR 4DD2
ENCODING 19922
SWIDTH 500 0
DWIDTH 8 0
BBX 6 11 1 0
BITMAP
CC
00
CC
00
CC
00
CC
00
FC
00
FC
ENDCHAR
STARTCHAR 4DD3
ENCODING 19923
SWIDTH 500 0
DWIDTH 8 0
BBX 6 11 1 0
BITMAP
FC
00
FC
00
CC
00
CC
00
CC
00
CC
ENDCHAR
STARTCHAR 4DD4
ENCODING 19924
SWIDTH 500 0
DWIDTH 8 0
BBX 6 11 1 0
BITMAP
FC
00
CC
00
FC
00
CC
00
CC
00
FC
ENDCHAR
STARTCHAR 4DD5
ENCODING 19925
SWIDTH 500 0
DWIDTH 8 0
BBX 6 11 1 0
BITMAP
FC
00
CC
00
CC
00
FC
00
CC
00
FC
ENDCHAR
STARTCHAR 4DD6
ENCODING 19926
SWIDTH 500 0
DWIDTH 8 0
BBX 6 11 1 0
BITMAP
FC
00
CC
00
CC
00
CC
00
CC
00
CC
ENDCHAR
STARTCHAR 4DD7
ENCODING 19927
SWIDTH 500 0
DWIDTH 8 0
BBX 6 11 1 0
BITMAP
CC
00
CC
00
CC
00
CC
00
CC
00
FC
ENDCHAR
STARTCHAR 4DD8
ENCODING 19928
SWIDTH 500 0
DWIDTH 8 0
BBX 6 11 1 0
BITMAP
FC
00
FC
00
FC
00
CC
00
CC
00
FC
ENDCHAR
STARTCHAR 4DD9
ENCODING 19929
SWIDTH 500 0
DWIDTH 8 0
BBX 6 11 1 0
BITMAP
FC
00
CC
00
CC
00
FC
00
FC
00
FC
ENDCHAR
STARTCHAR 4DDA
ENCODING 19930
SWIDTH 500 0
DWIDTH 8 0
BBX 6 11 1 0
BITMAP
FC
00
CC
00
CC
00
CC
00
CC
00
FC
ENDCHAR
STARTCHAR 4DDB
ENCODING 19931
SWIDTH 500 0
DWIDTH 8 0
BBX 6 11 1 0
BITMAP
CC
00
FC
00
FC
00
FC
00
FC
00
CC
ENDCHAR
STARTCHAR 4DDC
ENCODING 19932
SWIDTH 500 0
DWIDTH 8 0
BBX 6 11 1 0
BITMAP
CC
00
FC
00
CC
00
CC
00
FC
00
CC
ENDCHAR
STARTCHAR 4DDD
ENCODING 19933
SWIDTH 500 0
DWIDTH 8 0
BBX 6 11 1 0
BITMAP
FC
00
CC
00
FC
00
FC
00
CC
00
FC
ENDCHAR
STARTCHAR 4DDE
ENCODING 19934
SWIDTH 500 0
DWIDTH 8 0
BBX 6 11 1 0
BITMAP
CC
00
FC
00
FC
00
FC
00
CC
00
CC
ENDCHAR
STARTCHAR 4DDF
ENCODING 19935
SWIDTH 500 0
DWIDTH 8 0
BBX 6 11 1 0
BITMAP
CC
00
CC
00
FC
00
FC
00
FC
00
CC
ENDCHAR
STARTCHAR 4DE0
ENCODING 19936
SWIDTH 500 0
DWIDTH 8 0
BBX 6 11 1 0
BITMAP
FC
00
FC
00
FC
00
FC
00
CC
00
CC
ENDCHAR
STARTCHAR 4DE1
ENCODING 19937
SWIDTH 500 0
DWIDTH 8 0
BBX 6 11 1 0
BITMAP
CC
00
CC
00
FC
00
FC
00
FC
00
FC
ENDCHAR
STARTCHAR 4DE2
ENCODING 19938
SWIDTH 500 0
DWIDTH 8 0
BBX 6 11 1 0
BITMAP
FC
00
CC
00
FC
00
CC
00
CC
00
CC
ENDCHAR
STARTCHAR 4DE3
ENCODING 19939
SWIDTH 500 0
DWIDTH 8 0
BBX 6 11 1 0
BITMAP
CC
00
CC
00
CC
00
FC
00
CC
00
FC
ENDCHAR
STARTCHAR 4DE4
ENCODING 19940
SWIDTH 500 0
DWIDTH 8 0
BBX 6 11 1 0
BITMAP
FC
00
FC
00
CC
00
FC
00
CC
00
FC
ENDCHAR
STARTCHAR 4DE5
ENCODING 19941
SWIDTH 500 0
DWIDTH 8 0
BBX 6 11 1 0
BITMAP
FC
00
CC
00
FC
00
CC
00
FC
00
FC
ENDCHAR
STARTCHAR 4DE6
ENCODING 19942
SWIDTH 500 0
DWIDTH 8 0
BBX 6 11 1 0
BITMAP
CC
00
FC
00
CC
00
FC
00
CC
00
CC
ENDCHAR
STARTCHAR 4DE7
ENCODING 19943
SWIDTH 500 0
DWIDTH 8 0
BBX 6 11 1 0
BITMAP
CC
00
CC
00
FC
00
CC
00
FC
00
CC
ENDCHAR
STARTCHAR 4DE8
ENCODING 19944
SWIDTH 500 0
DWIDTH 8 0
BBX 6 11 1 0
BITMAP
FC
00
CC
00
CC
00
CC
00
FC
00
FC
ENDCHAR
STARTCHAR 4DE9
ENCODING 19945
SWIDTH 500 0
DWIDTH 8 0
BBX 6 11 1 0
BITMAP
FC
00
FC
00
CC
00
CC
00
CC
00
FC
ENDCHAR
STARTCHAR 4DEA
ENCODING 19946
SWIDTH 500 0
DWIDTH 8 0
BBX 6 11 1 0
BITMAP
CC
00
FC
00
FC
00
FC
00
FC
00
FC
ENDCHAR
STARTCHAR 4DEB
ENCODING 19947
SWIDTH 500 0
DWIDTH 8 0
BBX 6 11 1 0
BITMAP
FC
00
FC
00
FC
00
FC
00
FC
00
CC
ENDCHAR
STARTCHAR 4DEC
ENCODING 19948
SWIDTH 500 0
DWIDTH 8 0
BBX 6 11 1 0
BITMAP
CC
00
FC
00
FC
00
CC
00
CC
00
CC
ENDCHAR
STARTCHAR 4DED
ENCODING 19949
SWIDTH 500 0
DWIDTH 8 0
BBX 6 11 1 0
BITMAP
CC
00
CC
00
CC
00
FC
00
FC
00
CC
ENDCHAR
STARTCHAR 4DEE
ENCODING 19950
SWIDTH 500 0
DWIDTH 8 0
BBX 6 11 1 0
BITMAP
CC
00
FC
00
FC
00
CC
00
FC
00
CC
ENDCHAR
STARTCHAR 4DEF
ENCODING 19951
SWIDTH 500 0
DWIDTH 8 0
BBX 6 11 1 0
BITMAP
CC
00
FC
00
CC
00
FC
00
FC
00
CC
ENDCHAR
STARTCHAR 4DF0
ENCODING 19952
SWIDTH 500 0
DWIDTH 8 0
BBX 6 11 1 0
BITMAP
CC
00
FC
00
FC
00
FC
00
CC
00
FC
ENDCHAR
STARTCHAR 4DF1
ENCODING 19953
SWIDTH 500 0
DWIDTH 8 0
BBX 6 11 1 0
BITMAP
FC
00
CC
00
FC
00
FC
00
FC
00
CC
ENDCHAR
STARTCHAR 4DF2
ENCODING 19954
SWIDTH 500 0
DWIDTH 8 0
BBX 6 11 1 0
BITMAP
CC
00
CC
00
FC
00
CC
00
CC
00
FC
ENDCHAR
STARTCHAR 4DF3
ENCODING 19955
SWIDTH 500 0
DWIDTH 8 0
BBX 6 11 1 0
BITMAP
FC
00
CC
00
CC
00
FC
00
CC
00
CC
ENDCHAR
STARTCHAR 4DF4
ENCODING 19956
SWIDTH 500 0
DWIDTH 8 0
BBX 6 11 1 0
BITMAP
FC
00
FC
00
CC
00
FC
00
CC
00
CC
ENDCHAR
STARTCHAR 4DF5
ENCODING 19957
SWIDTH 500 0
DWIDTH 8 0
BBX 6 11 1 0
BITMAP
CC
00
CC
00
FC
00
CC
00
FC
00
FC
ENDCHAR
STARTCHAR 4DF6
ENCODING 19958
SWIDTH 500 0
DWIDTH 8 0
BBX 6 11 1 0
BITMAP
CC
00
CC
00
FC
00
FC
00
CC
00
FC
ENDCHAR
STARTCHAR 4DF7
ENCODING 19959
SWIDTH 500 0
DWIDTH 8 0
BBX 6 11 1 0
BITMAP
FC
00
CC
00
FC
00
FC
00
CC
00
CC
ENDCHAR
STARTCHAR 4DF8
ENCODING 19960
SWIDTH 500 0
DWIDTH 8 0
BBX 6 11 1 0
BITMAP
FC
00
FC
00
CC
00
FC
00
FC
00
CC
ENDCHAR
STARTCHAR 4DF9
ENCODING 19961
SWIDTH 500 0
DWIDTH 8 0
BBX 6 11 1 0
BITMAP
CC
00
FC
00
FC
00
CC
00
FC
00
FC
ENDCHAR
STARTCHAR 4DFA
ENCODING 19962
SWIDTH 500 0
DWIDTH 8 0
BBX 6 11 1 0
BITMAP
FC
00
FC
00
CC
00
CC
00
FC
00
CC
ENDCHAR
STARTCHAR 4DFB
ENCODING 19963
SWIDTH 500 0
DWIDTH 8 0
BBX 6 11 1 0
BITMAP
CC
00
FC
00
CC
00
CC
00
FC
00
FC
ENDCHAR
STARTCHAR 4DFC
ENCODING 19964
SWIDTH 500 0
DWIDTH 8 0
BBX 6 11 1 0
BITMAP
FC
00
FC
00
CC
00
CC
00
FC
00
FC
ENDCHAR
STARTCHAR 4DFD
ENCODING 19965
SWIDTH 500 0
DWIDTH 8 0
BBX 6 11 1 0
BITMAP
CC
00
CC
00
FC
00
FC
00
CC
00
CC
ENDCHAR
STARTCHAR 4DFE
ENCODING 19966
SWIDTH 500 0
DWIDTH 8 0
BBX 6 11 1 0
BITMAP
CC
00
FC
00
CC
00
FC
00
CC
00
FC
ENDCHAR
STARTCHAR 4DFF
ENCODING 19967
SWIDTH 500 0
DWIDTH 8 0
BBX 6 11 1 0
BITMAP
FC
00
CC
00
FC
00
CC
00
FC
00
CC
ENDCHAR
STARTCHAR A720
ENCODING 42784
SWIDTH 500 0
DWIDTH 8 0
BBX 5 3 1 7
BITMAP
F8
A0
A0
ENDCHAR
STARTCHAR A721
ENCODING 42785
SWIDTH 500 0
DWIDTH 8 0
BBX 5 3 1 -1
BITMAP
28
28
F8
ENDCHAR
STARTCHAR E000
ENCODING 57344
SWIDTH 625 0
DWIDTH 10 0
BBX 8 10 1 -3
BITMAP
DC
E6
C3
C3
C3
C6
D8
C0
C0
C0
ENDCHAR
STARTCHAR E001
ENCODING 57345
SWIDTH 625 0
DWIDTH 10 0
BBX 8 10 1 -3
BITMAP
DC
E6
C3
C3
C3
C6
FF
C0
C0
C0
ENDCHAR
STARTCHAR E002
ENCODING 57346
SWIDTH 625 0
DWIDTH 10 0
BBX 8 10 1 -3
BITMAP
1B
63
C3
C3
C3
67
3B
03
03
03
ENDCHAR
STARTCHAR E003
ENCODING 57347
SWIDTH 625 0
DWIDTH 10 0
BBX 8 10 1 -3
BITMAP
FF
63
C3
C3
C3
67
3B
03
03
03
ENDCHAR
STARTCHAR E004
ENCODING 57348
SWIDTH 1000 0
DWIDTH 16 0
BBX 14 10 1 -3
BITMAP
DC70
E798
C30C
C30C
C30C
C618
D860
C000
C000
C000
ENDCHAR
STARTCHAR E005
ENCODING 57349
SWIDTH 1000 0
DWIDTH 16 0
BBX 14 10 1 -3
BITMAP
DC70
E798
C30C
C30C
C30C
C618
FFFC
C000
C000
C000
ENDCHAR
STARTCHAR E006
ENCODING 57350
SWIDTH 1000 0
DWIDTH 16 0
BBX 14 10 1 -3
BITMAP
186C
618C
C30C
C30C
C30C
679C
38EC
000C
000C
000C
ENDCHAR
STARTCHAR E007
ENCODING 57351
SWIDTH 1000 0
DWIDTH 16 0
BBX 14 10 1 -3
BITMAP
FFFC
618C
C30C
C30C
C30C
679C
38EC
000C
000C
000C
ENDCHAR
STARTCHAR E008
ENCODING 57352
SWIDTH 625 0
DWIDTH 10 0
BBX 8 10 1 0
BITMAP
C0
C0
C0
DC
E6
C3
C3
C3
C6
D8
ENDCHAR
STARTCHAR E009
ENCODING 57353
SWIDTH 625 0
DWIDTH 10 0
BBX 8 10 1 0
BITMAP
C0
C0
C0
DC
E6
C3
C3
C3
C6
FF
ENDCHAR
STARTCHAR E00A
ENCODING 57354
SWIDTH 625 0
DWIDTH 10 0
BBX 8 10 1 0
BITMAP
03
03
03
1B
63
C3
C3
C3
67
3B
ENDCHAR
STARTCHAR E00B
ENCODING 57355
SWIDTH 625 0
DWIDTH 10 0
BBX 8 10 1 0
BITMAP
03
03
03
FF
63
C3
C3
C3
67
3B
ENDCHAR
STARTCHAR E00C
ENCODING 57356
SWIDTH 1000 0
DWIDTH 16 0
BBX 14 10 1 0
BITMAP
C000
C000
C000
DC70
E798
C30C
C30C
C30C
C618
D860
ENDCHAR
STARTCHAR E00D
ENCODING 57357
SWIDTH 1000 0
DWIDTH 16 0
BBX 14 10 1 0
BITMAP
C000
C000
C000
DC70
E798
C30C
C30C
C30C
C618
FFFC
ENDCHAR
STARTCHAR E00E
ENCODING 57358
SWIDTH 1000 0
DWIDTH 16 0
BBX 14 10 1 0
BITMAP
000C
000C
000C
186C
618C
C30C
C30C
C30C
679C
38EC
ENDCHAR
STARTCHAR E00F
ENCODING 57359
SWIDTH 1000 0
DWIDTH 16 0
BBX 14 10 1 0
BITMAP
000C
000C
000C
FFFC
618C
C30C
C30C
C30C
679C
38EC
ENDCHAR
STARTCHAR E010
ENCODING 57360
SWIDTH 1000 0
DWIDTH 16 0
BBX 14 7 1 0
BITMAP
DC70
E798
C30C
C30C
C30C
C618
D860
ENDCHAR
STARTCHAR E011
ENCODING 57361
SWIDTH 1000 0
DWIDTH 16 0
BBX 14 7 1 0
BITMAP
DC70
E798
C30C
C30C
C30C
C618
FFFC
ENDCHAR
STARTCHAR E012
ENCODING 57362
SWIDTH 1000 0
DWIDTH 16 0
BBX 14 7 1 0
BITMAP
186C
618C
C30C
C30C
C30C
679C
38EC
ENDCHAR
STARTCHAR E013
ENCODING 57363
SWIDTH 1000 0
DWIDTH 16 0
BBX 14 7 1 0
BITMAP
FFFC
618C
C30C
C30C
C30C
679C
38EC
ENDCHAR
STARTCHAR E014
ENCODING 57364
SWIDTH 625 0
DWIDTH 10 0
BBX 8 7 1 0
BITMAP
DC
E6
C3
C3
C3
C6
D8
ENDCHAR
STARTCHAR E015
ENCODING 57365
SWIDTH 625 0
DWIDTH 10 0
BBX 8 7 1 0
BITMAP
DC
E6
C3
C3
C3
C6
FF
ENDCHAR
STARTCHAR E016
ENCODING 57366
SWIDTH 625 0
DWIDTH 10 0
BBX 8 7 1 0
BITMAP
1B
63
C3
C3
C3
67
3B
ENDCHAR
STARTCHAR E017
ENCODING 57367
SWIDTH 625 0
DWIDTH 10 0
BBX 8 7 1 0
BITMAP
FF
63
C3
C3
C3
67
3B
ENDCHAR
STARTCHAR E018
ENCODING 57368
SWIDTH 562 0
DWIDTH 9 0
BBX 7 10 1 -3
BITMAP
DC
66
26
2C
38
30
60
60
22
1C
ENDCHAR
STARTCHAR E019
ENCODING 57369
SWIDTH 562 0
DWIDTH 9 0
BBX 8 10 0 -3
BITMAP
6E
33
33
36
5C
98
30
30
11
0E
ENDCHAR
STARTCHAR E01A
ENCODING 57370
SWIDTH 625 0
DWIDTH 10 0
BBX 9 10 1 -3
BITMAP
FF80
3000
6000
C000
C000
C000
C000
C080
6100
3E00
ENDCHAR
STARTCHAR E01B
ENCODING 57371
SWIDTH 625 0
DWIDTH 10 0
BBX 9 10 1 -3
BITMAP
FF80
3000
6000
6000
1C00
0300
0180
8180
4300
3E00
ENDCHAR
STARTCHAR E01C
ENCODING 57372
SWIDTH 625 0
DWIDTH 10 0
BBX 8 10 1 0
BITMAP
06
18
30
60
64
C2
C3
C3
46
3C
ENDCHAR
STARTCHAR E01D
ENCODING 57373
SWIDTH 625 0
DWIDTH 10 0
BBX 8 10 1 -3
BITMAP
3C
62
C3
C3
43
26
06
0C
18
60
ENDCHAR
STARTCHAR E01E
ENCODING 57374
SWIDTH 625 0
DWIDTH 10 0
BBX 8 16 1 -3
BITMAP
06
18
30
60
64
C2
C3
C3
46
3C
60
C2
C3
C3
46
3C
ENDCHAR
STARTCHAR E01F
ENCODING 57375
SWIDTH 625 0
DWIDTH 10 0
BBX 8 16 1 -3
BITMAP
3C
62
C3
C3
43
06
3C
62
C3
C3
43
26
06
0C
18
60
ENDCHAR
STARTCHAR E020
ENCODING 57376
SWIDTH 562 0
DWIDTH 9 0
BBX 7 10 1 0
BITMAP
C0
60
60
30
30
38
58
4C
8C
86
ENDCHAR
STARTCHAR E021
ENCODING 57377
SWIDTH 750 0
DWIDTH 12 0
BBX 11 10 1 0
BITMAP
0300
0300
0300
1B20
63E0
C3C0
C300
C300
6700
3B00
ENDCHAR
STARTCHAR E022
ENCODING 57378
SWIDTH 500 0
DWIDTH 8 0
BBX 7 7 1 0
BITMAP
60
30
30
58
58
8C
86
ENDCHAR
STARTCHAR E023
ENCODING 57379
SWIDTH 625 0
DWIDTH 10 0
BBX 8 7 1 0
BITMAP
3C
62
C3
C3
C3
46
3C
ENDCHAR
STARTCHAR E024
ENCODING 57380
SWIDTH 250 0
DWIDTH 4 0
BBX 2 10 1 0
BITMAP
C0
C0
C0
C0
C0
C0
C0
C0
C0
C0
ENDCHAR
STARTCHAR E025
ENCODING 57381
SWIDTH 250 0
DWIDTH 4 0
BBX 2 7 1 0
BITMAP
C0
C0
C0
C0
C0
C0
C0
ENDCHAR
STARTCHAR E026
ENCODING 57382
SWIDTH 250 0
DWIDTH 4 0
BBX 2 10 1 -3
BITMAP
C0
C0
C0
C0
C0
C0
C0
C0
C0
C0
ENDCHAR
STARTCHAR E027
ENCODING 57383
SWIDTH 750 0
DWIDTH 12 0
BBX 11 7 1 0
BITMAP
1B20
63E0
C3C0
C300
C300
6700
3B00
ENDCHAR
STARTCHAR E028
ENCODING 57384
SWIDTH 625 0
DWIDTH 10 0
BBX 8 13 1 -3
BITMAP
C0
C0
C0
DC
E6
C3
C3
C3
C6
D8
C0
C0
C0
ENDCHAR
STARTCHAR E029
ENCODING 57385
SWIDTH 625 0
DWIDTH 10 0
BBX 8 13 1 -3
BITMAP
C0
C0
C0
DC
E6
C3
C3
C3
C6
FF
C0
C0
C0
ENDCHAR
STARTCHAR E02A
ENCODING 57386
SWIDTH 625 0
DWIDTH 10 0
BBX 8 13 1 -3
BITMAP
03
03
03
1B
63
C3
C3
C3
67
3B
03
03
03
ENDCHAR
STARTCHAR E02B
ENCODING 57387
SWIDTH 625 0
DWIDTH 10 0
BBX 8 13 1 -3
BITMAP
03
03
03
FF
63
C3
C3
C3
67
3B
03
03
03
ENDCHAR
STARTCHAR E02C
ENCODING 57388
SWIDTH 1000 0
DWIDTH 16 0
BBX 14 13 1 -3
BITMAP
C000
C000
C000
DC70
E798
C30C
C30C
C30C
C618
D860
C000
C000
C000
ENDCHAR
STARTCHAR E02D
ENCODING 57389
SWIDTH 1000 0
DWIDTH 16 0
BBX 14 13 1 -3
BITMAP
C000
C000
C000
DC70
E798
C30C
C30C
C30C
C618
FFFC
C000
C000
C000
ENDCHAR
STARTCHAR E02E
ENCODING 57390
SWIDTH 1000 0
DWIDTH 16 0
BBX 14 13 1 -3
BITMAP
000C
000C
000C
186C
618C
C30C
C30C
C30C
679C
38EC
000C
000C
000C
ENDCHAR
STARTCHAR E02F
ENCODING 57391
SWIDTH 1000 0
DWIDTH 16 0
BBX 14 13 1 -3
BITMAP
000C
000C
000C
FFFC
618C
C30C
C30C
C30C
679C
38EC
000C
000C
000C
ENDCHAR
STARTCHAR E030
ENCODING 57392
SWIDTH 562 0
DWIDTH 9 0
BBX 7 7 1 0
BITMAP
38
4C
86
06
06
0C
30
ENDCHAR
STARTCHAR E031
ENCODING 57393
SWIDTH 562 0
DWIDTH 9 0
BBX 7 7 1 0
BITMAP
38
4C
86
06
06
0C
FE
ENDCHAR
STARTCHAR E032
ENCODING 57394
SWIDTH 562 0
DWIDTH 9 0
BBX 7 7 1 0
BITMAP
18
60
C0
C0
C2
64
38
ENDCHAR
STARTCHAR E033
ENCODING 57395
SWIDTH 562 0
DWIDTH 9 0
BBX 7 7 1 0
BITMAP
FE
60
C0
C0
C2
64
38
ENDCHAR
STARTCHAR E040
ENCODING 57408
SWIDTH 0 0
DWIDTH 0 0
BBX 3 3 -7 9
BITMAP
40
00
A0
ENDCHAR
STARTCHAR E041
ENCODING 57409
SWIDTH 0 0
DWIDTH 0 0
BBX 3 2 -7 -3
BITMAP
A0
40
ENDCHAR
STARTCHAR E042
ENCODING 57410
SWIDTH 0 0
DWIDTH 0 0
BBX 3 1 -7 9
BITMAP
A0
ENDCHAR
STARTCHAR E043
ENCODING 57411
SWIDTH 0 0
DWIDTH 0 0
BBX 3 1 -7 -2
BITMAP
A0
ENDCHAR
STARTCHAR E044
ENCODING 57412
SWIDTH 0 0
DWIDTH 0 0
BBX 1 1 -6 9
BITMAP
80
ENDCHAR
STARTCHAR E045
ENCODING 57413
SWIDTH 0 0
DWIDTH 0 0
BBX 1 1 -6 -2
BITMAP
80
ENDCHAR
STARTCHAR E046
ENCODING 57414
SWIDTH 0 0
DWIDTH 0 0
BBX 3 3 -6 9
BITMAP
20
40
80
ENDCHAR
STARTCHAR E047
ENCODING 57415
SWIDTH 0 0
DWIDTH 0 0
BBX 5 3 -7 9
BITMAP
28
50
A0
ENDCHAR
STARTCHAR E048
ENCODING 57416
SWIDTH 0 0
DWIDTH 0 0
BBX 3 4 -6 9
BITMAP
40
A0
80
80
ENDCHAR
STARTCHAR E049
ENCODING 57417
SWIDTH 0 0
DWIDTH 0 0
BBX 5 4 -7 9
BITMAP
50
A8
A0
A0
ENDCHAR
STARTCHAR E04A
ENCODING 57418
SWIDTH 0 0
DWIDTH 0 0
BBX 3 4 -8 9
BITMAP
40
A0
20
20
ENDCHAR
STARTCHAR E04B
ENCODING 57419
SWIDTH 0 0
DWIDTH 0 0
BBX 5 4 -9 9
BITMAP
50
A8
28
28
ENDCHAR
STARTCHAR E04C
ENCODING 57420
SWIDTH 0 0
DWIDTH 0 0
BBX 8 1 -9 8
BITMAP
FF
ENDCHAR
STARTCHAR E04D
ENCODING 57421
SWIDTH 0 0
DWIDTH 0 0
BBX 8 1 -9 -2
BITMAP
FF
ENDCHAR
STARTCHAR E04E
ENCODING 57422
SWIDTH 0 0
DWIDTH 0 0
BBX 2 4 -6 7
BITMAP
80
80
40
40
ENDCHAR
STARTCHAR E04F
ENCODING 57423
SWIDTH 0 0
DWIDTH 0 0
BBX 3 3 -6 7
BITMAP
A0
40
40
ENDCHAR
STARTCHAR E050
ENCODING 57424
SWIDTH 312 0
DWIDTH 5 0
BBX 1 1 2 3
BITMAP
80
ENDCHAR
STARTCHAR E051
ENCODING 57425
SWIDTH 312 0
DWIDTH 5 0
BBX 1 5 2 1
BITMAP
80
00
00
00
80
ENDCHAR
STARTCHAR E052
ENCODING 57426
SWIDTH 312 0
DWIDTH 5 0
BBX 3 8 1 0
BITMAP
20
40
C0
C0
60
60
40
80
ENDCHAR
STARTCHAR E053
ENCODING 57427
SWIDTH 625 0
DWIDTH 10 0
BBX 8 13 1 -3
BITMAP
C0
DC
E6
C3
DF
E6
C3
C3
C6
DC
C0
C0
C0
ENDCHAR
STARTCHAR E054
ENCODING 57428
SWIDTH 500 0
DWIDTH 8 0
BBX 6 2 1 3
BITMAP
64
98
ENDCHAR
STARTCHAR E055
ENCODING 57429
SWIDTH 625 0
DWIDTH 10 0
BBX 8 2 1 3
BITMAP
71
8E
ENDCHAR
STARTCHAR E056
ENCODING 57430
SWIDTH 0 0
DWIDTH 0 0
BBX 2 3 -6 -3
BITMAP
C0
40
40
ENDCHAR
STARTCHAR E057
ENCODING 57431
SWIDTH 0 0
DWIDTH 0 0
BBX 5 3 -7 -3
BITMAP
28
50
A0
ENDCHAR
STARTCHAR E058
ENCODING 57432
SWIDTH 0 0
DWIDTH 0 0
BBX 3 3 -6 -3
BITMAP
80
A0
40
ENDCHAR
STARTCHAR E05A
ENCODING 57434
SWIDTH 0 0
DWIDTH 0 0
BBX 3 3 -8 -3
BITMAP
20
A0
40
ENDCHAR
STARTCHAR E05C
ENCODING 57436
SWIDTH 250 0
DWIDTH 4 0
BBX 6 4 -2 -3
BITMAP
F8
0C
0C
18
ENDCHAR
STARTCHAR E05D
ENCODING 57437
SWIDTH 250 0
DWIDTH 4 0
BBX 6 4 0 -3
BITMAP
7C
C0
C0
60
ENDCHAR
STARTCHAR E062
ENCODING 57442
SWIDTH 937 0
DWIDTH 15 0
BBX 13 7 1 0
BITMAP
FFF8
6180
C300
C300
C308
6590
38E0
ENDCHAR
STARTCHAR E063
ENCODING 57443
SWIDTH 1312 0
DWIDTH 21 0
BBX 19 7 1 0
BITMAP
FFFFE0
618600
C30C00
C30C00
C30C20
659640
38E380
ENDCHAR
STARTCHAR E064
ENCODING 57444
SWIDTH 562 0
DWIDTH 9 0
BBX 8 13 1 -3
BITMAP
C0
C0
C0
C0
C0
C0
C0
C0
C0
C0
C1
62
3C
ENDCHAR
STARTCHAR E065
ENCODING 57445
SWIDTH 750 0
DWIDTH 12 0
BBX 10 13 1 -3
BITMAP
C000
C000
C000
FFC0
CC00
D800
D800
D840
CC80
C700
C100
6200
3C00
ENDCHAR
STARTCHAR E066
ENCODING 57446
SWIDTH 1125 0
DWIDTH 18 0
BBX 16 13 1 -3
BITMAP
C000
C000
C000
FFFF
CC30
D860
D860
D861
CCB2
C71C
C100
6200
3C00
ENDCHAR
STARTCHAR E067
ENCODING 57447
SWIDTH 500 0
DWIDTH 8 0
BBX 8 13 -1 -3
BITMAP
03
03
03
03
03
03
03
03
03
03
83
46
3C
ENDCHAR
STARTCHAR E068
ENCODING 57448
SWIDTH 875 0
DWIDTH 14 0
BBX 14 13 -1 -3
BITMAP
0300
0300
0300
0370
0398
030C
030C
030C
0318
03FC
8300
4600
3C00
ENDCHAR
STARTCHAR E069
ENCODING 57449
SWIDTH 1250 0
DWIDTH 20 0
BBX 20 13 -1 -3
BITMAP
030000
030000
030000
0371C0
039E60
030C30
030C30
030C30
031860
03FFF0
830000
460000
3C0000
ENDCHAR
STARTCHAR E06A
ENCODING 57450
SWIDTH 625 0
DWIDTH 10 0
BBX 8 10 1 0
BITMAP
60
18
0C
06
26
43
C3
C3
46
3C
ENDCHAR
STARTCHAR E06B
ENCODING 57451
SWIDTH 625 0
DWIDTH 10 0
BBX 8 16 1 -3
BITMAP
60
18
0C
06
26
43
C3
C3
46
3C
06
43
C3
C3
46
3C
ENDCHAR
STARTCHAR E090
ENCODING 57488
SWIDTH 500 0
DWIDTH 8 0
BBX 4 7 2 2
BITMAP
E0
E0
00
00
00
70
70
ENDCHAR
STARTCHAR E091
ENCODING 57489
SWIDTH 500 0
DWIDTH 8 0
BBX 4 10 2 1
BITMAP
E0
E0
00
00
00
00
00
00
70
70
ENDCHAR
STARTCHAR E092
ENCODING 57490
SWIDTH 500 0
DWIDTH 8 0
BBX 4 10 3 0
BITMAP
60
F0
F0
60
00
00
40
E0
E0
40
ENDCHAR
STARTCHAR E093
ENCODING 57491
SWIDTH 500 0
DWIDTH 8 0
BBX 4 11 3 -2
BITMAP
20
70
F0
90
90
F0
90
90
F0
70
20
ENDCHAR
STARTCHAR E094
ENCODING 57492
SWIDTH 500 0
DWIDTH 8 0
BBX 5 9 2 -1
BITMAP
70
D8
D8
70
00
70
D8
D8
70
ENDCHAR
STARTCHAR E095
ENCODING 57493
SWIDTH 500 0
DWIDTH 8 0
BBX 2 13 3 -3
BITMAP
C0
C0
00
00
00
00
00
00
00
00
00
C0
C0
ENDCHAR
STARTCHAR E096
ENCODING 57494
SWIDTH 500 0
DWIDTH 8 0
BBX 5 8 2 1
BITMAP
C0
C0
00
00
00
38
28
38
ENDCHAR
STARTCHAR E097
ENCODING 57495
SWIDTH 500 0
DWIDTH 8 0
BBX 2 9 4 -1
BITMAP
80
40
40
80
00
80
40
40
80
ENDCHAR
STARTCHAR E098
ENCODING 57496
SWIDTH 500 0
DWIDTH 8 0
BBX 3 7 3 0
BITMAP
A0
40
A0
00
A0
40
A0
ENDCHAR
STARTCHAR E099
ENCODING 57497
SWIDTH 500 0
DWIDTH 8 0
BBX 2 9 4 -1
BITMAP
80
C0
40
00
00
00
40
C0
80
ENDCHAR
STARTCHAR E09A
ENCODING 57498
SWIDTH 500 0
DWIDTH 8 0
BBX 2 9 4 -1
BITMAP
C0
C0
80
80
00
C0
C0
80
80
ENDCHAR
STARTCHAR E09B
ENCODING 57499
SWIDTH 500 0
DWIDTH 8 0
BBX 3 7 3 -2
BITMAP
E0
E0
00
00
00
E0
E0
ENDCHAR
STARTCHAR E09C
ENCODING 57500
SWIDTH 500 0
DWIDTH 8 0
BBX 3 7 3 3
BITMAP
E0
E0
00
00
00
E0
E0
ENDCHAR
STARTCHAR E09D
ENCODING 57501
SWIDTH 500 0
DWIDTH 8 0
BBX 7 12 1 -2
BITMAP
6C
38
FE
38
6C
00
00
6C
38
FE
38
6C
ENDCHAR
STARTCHAR E09E
ENCODING 57502
SWIDTH 500 0
DWIDTH 8 0
BBX 5 11 2 -2
BITMAP
50
20
F8
20
50
00
50
20
F8
20
50
ENDCHAR
STARTCHAR E09F
ENCODING 57503
SWIDTH 500 0
DWIDTH 8 0
BBX 5 14 2 -2
BITMAP
80
00
F0
C8
18
38
20
80
00
70
F0
00
00
10
ENDCHAR
STARTCHAR E0D0
ENCODING 57552
SWIDTH 500 0
DWIDTH 8 0
BBX 3 7 3 0
BITMAP
80
40
20
00
00
E0
E0
ENDCHAR
STARTCHAR E0D1
ENCODING 57553
SWIDTH 500 0
DWIDTH 8 0
BBX 3 7 3 0
BITMAP
20
40
80
00
00
E0
E0
ENDCHAR
STARTCHAR E0D2
ENCODING 57554
SWIDTH 500 0
DWIDTH 8 0
BBX 3 2 3 8
BITMAP
E0
E0
ENDCHAR
STARTCHAR E0D3
ENCODING 57555
SWIDTH 500 0
DWIDTH 8 0
BBX 5 4 1 5
BITMAP
F8
38
28
38
ENDCHAR
STARTCHAR E0D4
ENCODING 57556
SWIDTH 500 0
DWIDTH 8 0
BBX 5 4 3 5
BITMAP
F8
E0
A0
E0
ENDCHAR
STARTCHAR E0D5
ENCODING 57557
SWIDTH 500 0
DWIDTH 8 0
BBX 3 3 3 0
BITMAP
A0
40
A0
ENDCHAR
STARTCHAR E0D6
ENCODING 57558
SWIDTH 500 0
DWIDTH 8 0
BBX 5 12 1 0
BITMAP
40
E0
90
00
00
00
00
00
00
00
38
38
ENDCHAR
STARTCHAR E0D7
ENCODING 57559
SWIDTH 500 0
DWIDTH 8 0
BBX 5 12 2 0
BITMAP
10
38
48
00
00
00
00
00
00
00
E0
E0
ENDCHAR
STARTCHAR E0D8
ENCODING 57560
SWIDTH 500 0
DWIDTH 8 0
BBX 5 9 1 0
BITMAP
40
E0
90
00
00
00
00
38
38
ENDCHAR
STARTCHAR E0D9
ENCODING 57561
SWIDTH 500 0
DWIDTH 8 0
BBX 5 9 2 0
BITMAP
10
38
48
00
00
00
00
E0
E0
ENDCHAR
STARTCHAR E0DA
ENCODING 57562
SWIDTH 500 0
DWIDTH 8 0
BBX 7 8 0 0
BITMAP
7E
80
90
A0
40
00
0E
0E
ENDCHAR
STARTCHAR E0DB
ENCODING 57563
SWIDTH 500 0
DWIDTH 8 0
BBX 7 8 1 0
BITMAP
FC
02
12
0A
04
00
70
70
ENDCHAR
STARTCHAR E0DC
ENCODING 57564
SWIDTH 500 0
DWIDTH 8 0
BBX 6 3 1 3
BITMAP
30
78
CC
ENDCHAR
STARTCHAR E0DD
ENCODING 57565
SWIDTH 500 0
DWIDTH 8 0
BBX 3 6 3 -3
BITMAP
E0
E0
00
40
E0
E0
ENDCHAR
STARTCHAR E0DE
ENCODING 57566
SWIDTH 500 0
DWIDTH 8 0
BBX 3 4 3 -1
BITMAP
E0
A0
A0
E0
ENDCHAR
STARTCHAR E0DF
ENCODING 57567
SWIDTH 500 0
DWIDTH 8 0
BBX 6 3 1 2
BITMAP
78
84
84
ENDCHAR
STARTCHAR E0E0
ENCODING 57568
SWIDTH 0 0
DWIDTH 0 0
BBX 7 1 -7 11
BITMAP
EE
ENDCHAR
STARTCHAR E100
ENCODING 57600
SWIDTH 0 0
DWIDTH 0 0
BBX 4 2 -6 -1
BITMAP
90
60
ENDCHAR
STARTCHAR E101
ENCODING 57601
SWIDTH 0 0
DWIDTH 0 0
BBX 4 2 -6 1
BITMAP
90
60
ENDCHAR
STARTCHAR E102
ENCODING 57602
SWIDTH 0 0
DWIDTH 0 0
BBX 4 4 -6 -1
BITMAP
90
90
90
60
ENDCHAR
STARTCHAR E103
ENCODING 57603
SWIDTH 0 0
DWIDTH 0 0
BBX 4 4 -6 1
BITMAP
90
90
90
60
ENDCHAR
STARTCHAR E104
ENCODING 57604
SWIDTH 0 0
DWIDTH 0 0
BBX 5 3 -6 7
BITMAP
20
70
88
ENDCHAR
STARTCHAR E105
ENCODING 57605
SWIDTH 0 0
DWIDTH 0 0
BBX 5 2 -6 6
BITMAP
70
88
ENDCHAR
STARTCHAR E106
ENCODING 57606
SWIDTH 0 0
DWIDTH 0 0
BBX 8 6 -9 6
BITMAP
C0
E1
FF
87
03
01
ENDCHAR
STARTCHAR E107
ENCODING 57607
SWIDTH 0 0
DWIDTH 0 0
BBX 14 6 -11 6
BITMAP
1FE0
1960
1960
1960
1960
FFFC
ENDCHAR
STARTCHAR E108
ENCODING 57608
SWIDTH 0 0
DWIDTH 0 0
BBX 14 5 -11 6
BITMAP
0FC0
1860
1860
1860
FFFC
ENDCHAR
STARTCHAR E109
ENCODING 57609
SWIDTH 0 0
DWIDTH 0 0
BBX 15 9 -11 4
BITMAP
00A4
0048
0068
00B4
0048
0FE0
1830
1830
FFFE
ENDCHAR
STARTCHAR E10A
ENCODING 57610
SWIDTH 0 0
DWIDTH 0 0
BBX 10 6 -9 6
BITMAP
3F00
6180
6180
6180
3F00
E1C0
ENDCHAR
STARTCHAR E10B
ENCODING 57611
SWIDTH 0 0
DWIDTH 0 0
BBX 19 6 -13 6
BITMAP
03E000
06B000
055860
06AF80
0FF000
F00000
ENDCHAR
STARTCHAR E10C
ENCODING 57612
SWIDTH 0 0
DWIDTH 0 0
BBX 13 10 -10 3
BITMAP
0028
00F0
0128
0110
FFF8
8008
FFF8
2020
2020
3FE0
ENDCHAR
STARTCHAR E10D
ENCODING 57613
SWIDTH 0 0
DWIDTH 0 0
BBX 11 9 -9 4
BITMAP
0800
1000
17C0
1C60
7860
C060
C8C0
CF80
7800
ENDCHAR
STARTCHAR E10E
ENCODING 57614
SWIDTH 0 0
DWIDTH 0 0
BBX 9 10 -8 3
BITMAP
0800
3E00
2200
6300
C980
DD80
C980
C980
C180
FF80
ENDCHAR
STARTCHAR E10F
ENCODING 57615
SWIDTH 0 0
DWIDTH 0 0
BBX 9 6 -8 4
BITMAP
8880
D580
A280
8880
8080
FF80
ENDCHAR
STARTCHAR E110
ENCODING 57616
SWIDTH 500 0
DWIDTH 8 0
BBX 6 7 1 0
BITMAP
7C
C0
F8
C0
F8
C0
7C
ENDCHAR
STARTCHAR E111
ENCODING 57617
SWIDTH 500 0
DWIDTH 8 0
BBX 7 9 1 0
BITMAP
C0
C0
FE
C0
C0
C0
FE
C0
C0
ENDCHAR
STARTCHAR E112
ENCODING 57618
SWIDTH 500 0
DWIDTH 8 0
BBX 8 5 0 2
BITMAP
FF
00
00
00
FF
ENDCHAR
STARTCHAR E113
ENCODING 57619
SWIDTH 500 0
DWIDTH 8 0
BBX 3 5 0 2
BITMAP
C0
60
60
60
C0
ENDCHAR
STARTCHAR E114
ENCODING 57620
SWIDTH 500 0
DWIDTH 8 0
BBX 6 9 1 0
BITMAP
C0
D8
EC
CC
CC
D8
F0
C0
C0
ENDCHAR
STARTCHAR E115
ENCODING 57621
SWIDTH 500 0
DWIDTH 8 0
BBX 6 9 1 0
BITMAP
78
A4
94
A4
94
A4
94
A4
78
ENDCHAR
STARTCHAR E116
ENCODING 57622
SWIDTH 500 0
DWIDTH 8 0
BBX 8 7 0 1
BITMAP
7C
82
39
45
59
42
3C
ENDCHAR
STARTCHAR E117
ENCODING 57623
SWIDTH 500 0
DWIDTH 8 0
BBX 8 11 0 -1
BITMAP
11
02
02
7C
C4
0C
9C
C8
CC
5B
21
ENDCHAR
STARTCHAR E118
ENCODING 57624
SWIDTH 500 0
DWIDTH 8 0
BBX 6 11 1 -2
BITMAP
20
60
F8
CC
CC
CC
CC
CC
F8
60
20
ENDCHAR
STARTCHAR E119
ENCODING 57625
SWIDTH 500 0
DWIDTH 8 0
BBX 8 9 -1 -1
BITMAP
0E
1B
1B
DB
5B
DB
1B
1B
0E
ENDCHAR
STARTCHAR E140
ENCODING 57664
SWIDTH 500 0
DWIDTH 8 0
BBX 5 3 0 7
BITMAP
30
C8
30
ENDCHAR
STARTCHAR E141
ENCODING 57665
SWIDTH 500 0
DWIDTH 8 0
BBX 5 4 0 5
BITMAP
30
78
F8
30
ENDCHAR
STARTCHAR E150
ENCODING 57680
SWIDTH 500 0
DWIDTH 8 0
BBX 8 3 0 0
BITMAP
FF
C3
FF
ENDCHAR
STARTCHAR E151
ENCODING 57681
SWIDTH 500 0
DWIDTH 8 0
BBX 8 3 0 -3
BITMAP
FF
66
FF
ENDCHAR
STARTCHAR E152
ENCODING 57682
SWIDTH 500 0
DWIDTH 8 0
BBX 9 6 0 -3
BITMAP
FF80
AA80
FF80
AA80
AA80
FF80
ENDCHAR
STARTCHAR E153
ENCODING 57683
SWIDTH 500 0
DWIDTH 8 0
BBX 8 4 0 -3
BITMAP
C3
66
3C
18
ENDCHAR
STARTCHAR E154
ENCODING 57684
SWIDTH 500 0
DWIDTH 8 0
BBX 8 5 0 -2
BITMAP
3C
42
81
42
3C
ENDCHAR
STARTCHAR E155
ENCODING 57685
SWIDTH 500 0
DWIDTH 8 0
BBX 6 10 1 -3
BITMAP
1C
64
84
8C
BC
FC
F4
C4
84
F8
ENDCHAR
STARTCHAR E156
ENCODING 57686
SWIDTH 500 0
DWIDTH 8 0
BBX 6 7 1 -3
BITMAP
78
84
FC
FC
FC
84
FC
ENDCHAR
STARTCHAR E157
ENCODING 57687
SWIDTH 500 0
DWIDTH 8 0
BBX 6 2 1 -2
BITMAP
84
78
ENDCHAR
STARTCHAR E158
ENCODING 57688
SWIDTH 500 0
DWIDTH 8 0
BBX 6 2 1 0
BITMAP
78
84
ENDCHAR
STARTCHAR E159
ENCODING 57689
SWIDTH 500 0
DWIDTH 8 0
BBX 8 3 0 -3
BITMAP
FF
42
42
ENDCHAR
STARTCHAR E15A
ENCODING 57690
SWIDTH 500 0
DWIDTH 8 0
BBX 8 4 0 -3
BITMAP
7E
C3
81
FF
ENDCHAR
STARTCHAR E15B
ENCODING 57691
SWIDTH 500 0
DWIDTH 8 0
BBX 8 4 0 -3
BITMAP
FE
A9
95
7F
ENDCHAR
STARTCHAR E15C
ENCODING 57692
SWIDTH 500 0
DWIDTH 8 0
BBX 8 5 0 -3
BITMAP
FF
81
81
42
3C
ENDCHAR
STARTCHAR E15D
ENCODING 57693
SWIDTH 500 0
DWIDTH 8 0
BBX 8 5 0 -3
BITMAP
7E
B5
FF
D5
FF
ENDCHAR
STARTCHAR E15E
ENCODING 57694
SWIDTH 500 0
DWIDTH 8 0
BBX 9 13 0 -3
BITMAP
FF80
8080
AA80
FF80
FF80
FF80
FF80
FF80
FF80
AA80
8080
8080
FF80
ENDCHAR
STARTCHAR E15F
ENCODING 57695
SWIDTH 500 0
DWIDTH 8 0
BBX 8 7 0 -1
BITMAP
7E
AB
AB
FF
D5
D5
7E
ENDCHAR
STARTCHAR E160
ENCODING 57696
SWIDTH 500 0
DWIDTH 8 0
BBX 8 3 0 -3
BITMAP
FF
81
FF
ENDCHAR
STARTCHAR E161
ENCODING 57697
SWIDTH 500 0
DWIDTH 8 0
BBX 8 3 0 -3
BITMAP
7E
81
7E
ENDCHAR
STARTCHAR E162
ENCODING 57698
SWIDTH 500 0
DWIDTH 8 0
BBX 5 6 2 -3
BITMAP
70
70
20
20
70
D8
ENDCHAR
STARTCHAR E163
ENCODING 57699
SWIDTH 500 0
DWIDTH 8 0
BBX 7 6 1 -2
BITMAP
38
7C
38
10
10
EE
ENDCHAR
STARTCHAR E164
ENCODING 57700
SWIDTH 500 0
DWIDTH 8 0
BBX 7 7 1 -2
BITMAP
38
38
10
10
10
38
EE
ENDCHAR
STARTCHAR E180
ENCODING 57728
SWIDTH 500 0
DWIDTH 8 0
BBX 5 7 2 -1
BITMAP
80
70
00
F0
00
78
80
ENDCHAR
STARTCHAR E181
ENCODING 57729
SWIDTH 500 0
DWIDTH 8 0
BBX 5 7 2 -1
BITMAP
08
70
00
78
00
F0
08
ENDCHAR
STARTCHAR E182
ENCODING 57730
SWIDTH 500 0
DWIDTH 8 0
BBX 3 5 3 5
BITMAP
40
40
E0
E0
40
ENDCHAR
STARTCHAR E183
ENCODING 57731
SWIDTH 500 0
DWIDTH 8 0
BBX 5 6 2 5
BITMAP
20
20
50
88
88
70
ENDCHAR
STARTCHAR E184
ENCODING 57732
SWIDTH 500 0
DWIDTH 8 0
BBX 5 5 2 6
BITMAP
88
50
00
50
88
ENDCHAR
STARTCHAR E185
ENCODING 57733
SWIDTH 500 0
DWIDTH 8 0
BBX 3 9 3 2
BITMAP
40
E0
E0
E0
40
40
00
E0
E0
ENDCHAR
STARTCHAR E186
ENCODING 57734
SWIDTH 500 0
DWIDTH 8 0
BBX 7 14 1 -2
BITMAP
E0
A0
A0
B8
88
E8
2E
22
3A
0A
0A
06
06
02
ENDCHAR
STARTCHAR E187
ENCODING 57735
SWIDTH 500 0
DWIDTH 8 0
BBX 8 15 0 -3
BITMAP
20
00
01
48
10
0A
3C
3C
50
08
12
80
00
04
80
ENDCHAR
STARTCHAR E188
ENCODING 57736
SWIDTH 1000 0
DWIDTH 16 0
BBX 12 12 2 0
BITMAP
2820
4440
2820
4440
2800
43C0
06E0
3F60
6AB0
D570
EAB0
7FE0
ENDCHAR
STARTCHAR E189
ENCODING 57737
SWIDTH 500 0
DWIDTH 8 0
BBX 8 12 0 0
BITMAP
24
42
24
42
24
42
04
70
8C
93
81
7E
ENDCHAR
STARTCHAR E18A
ENCODING 57738
SWIDTH 500 0
DWIDTH 8 0
BBX 8 15 0 -3
BITMAP
09
12
09
62
91
8A
89
44
44
22
22
11
11
09
06
ENDCHAR
STARTCHAR E190
ENCODING 57744
SWIDTH 500 0
DWIDTH 8 0
BBX 8 7 0 -1
BITMAP
81
42
00
C3
C3
00
3C
ENDCHAR
STARTCHAR E191
ENCODING 57745
SWIDTH 500 0
DWIDTH 8 0
BBX 6 11 1 0
BITMAP
48
30
00
CC
CC
00
78
CC
CC
CC
78
ENDCHAR
STARTCHAR E192
ENCODING 57746
SWIDTH 500 0
DWIDTH 8 0
BBX 7 7 1 -3
BITMAP
EE
AA
EE
00
FE
AA
FE
ENDCHAR
STARTCHAR E193
ENCODING 57747
SWIDTH 500 0
DWIDTH 8 0
BBX 8 9 0 0
BITMAP
0E
DB
DB
1B
1B
1B
DB
DB
0E
ENDCHAR
STARTCHAR E194
ENCODING 57748
SWIDTH 500 0
DWIDTH 8 0
BBX 7 9 1 0
BITMAP
0C
D6
DA
16
1A
16
DA
D6
0C
ENDCHAR
STARTCHAR E195
ENCODING 57749
SWIDTH 500 0
DWIDTH 8 0
BBX 5 14 1 -2
BITMAP
70
88
08
10
20
20
00
20
00
48
00
78
48
78
ENDCHAR
STARTCHAR E196
ENCODING 57750
SWIDTH 1250 0
DWIDTH 20 0
BBX 18 16 1 -3
BITMAP
03F000
0C0C00
13F200
2C0D00
53F280
AC0D40
ABF540
ABF540
AC0D40
53F280
540A80
2B3500
1B3600
080400
04C800
03F000
ENDCHAR
STARTCHAR E1B0
ENCODING 57776
SWIDTH 500 0
DWIDTH 8 0
BBX 6 8 1 0
BITMAP
30
48
48
84
84
84
84
78
ENDCHAR
STARTCHAR E1B1
ENCODING 57777
SWIDTH 500 0
DWIDTH 8 0
BBX 6 8 1 0
BITMAP
30
48
58
A4
F4
C4
C4
78
ENDCHAR
STARTCHAR E1B2
ENCODING 57778
SWIDTH 1000 0
DWIDTH 16 0
BBX 9 15 4 -3
BITMAP
0800
0800
3600
4100
A280
8080
9480
8880
8880
A280
A280
C180
8080
5500
1400
ENDCHAR
STARTCHAR E1B3
ENCODING 57779
SWIDTH 1000 0
DWIDTH 16 0
BBX 15 15 1 -3
BITMAP
0100
0100
06C0
0820
1450
1010
1290
F11E
4104
2008
1010
1010
1010
0AA0
0280
ENDCHAR
STARTCHAR E1B4
ENCODING 57780
SWIDTH 1000 0
DWIDTH 16 0
BBX 12 15 4 -3
BITMAP
0800
0800
3600
4100
A280
8080
9480
88F0
8820
A040
A080
C080
8080
5500
1400
ENDCHAR
STARTCHAR E1B5
ENCODING 57781
SWIDTH 1000 0
DWIDTH 16 0
BBX 12 15 1 -3
BITMAP
0100
0100
06C0
0820
1450
1010
1290
F110
4110
2050
1050
1030
1010
0AA0
0280
ENDCHAR
STARTCHAR E1B6
ENCODING 57782
SWIDTH 1000 0
DWIDTH 16 0
BBX 15 15 1 -3
BITMAP
0280
0AA0
1010
1010
1010
2008
4104
F11E
1290
1010
1450
0820
06C0
0100
0100
ENDCHAR
STARTCHAR E1B7
ENCODING 57783
SWIDTH 1000 0
DWIDTH 16 0
BBX 11 15 3 -3
BITMAP
F800
C400
3E00
4100
8480
80C0
80A0
80C0
8480
8480
A480
9880
8080
4F00
1800
ENDCHAR
STARTCHAR E1B8
ENCODING 57784
SWIDTH 1000 0
DWIDTH 16 0
BBX 11 15 3 -3
BITMAP
03E0
0460
0F80
1040
2420
6020
A020
6020
2420
2420
24A0
2320
2020
1E40
0300
ENDCHAR
STARTCHAR E1B9
ENCODING 57785
SWIDTH 1000 0
DWIDTH 16 0
BBX 11 11 3 -1
BITMAP
A4A0
AAA0
4EC0
4AA0
4AA0
0000
A4A0
AAA0
4EC0
4AA0
4AA0
ENDCHAR
STARTCHAR E1BA
ENCODING 57786
SWIDTH 1000 0
DWIDTH 16 0
BBX 11 12 3 0
BITMAP
2400
1200
2400
1200
0000
FF80
8080
9CC0
88A0
88C0
4100
3E00
ENDCHAR
STARTCHAR E1BB
ENCODING 57787
SWIDTH 1000 0
DWIDTH 16 0
BBX 11 12 3 0
BITMAP
2400
1200
2400
1200
0000
FF80
8080
8CC0
90A0
8CC0
4100
3E00
ENDCHAR
STARTCHAR E1C0
ENCODING 57792
SWIDTH 500 0
DWIDTH 8 0
BBX 6 14 1 -3
BITMAP
10
18
10
10
10
90
D4
7C
78
78
FC
FC
FC
78
ENDCHAR
STARTCHAR E1D0
ENCODING 57808
SWIDTH 3375 0
DWIDTH 54 0
BBX 52 4 1 2
BITMAP
9322390C8A9380
D4AA251252D410
B4AA391E22B480
931421D2229390
ENDCHAR
STARTCHAR E1D1
ENCODING 57809
SWIDTH 687 0
DWIDTH 11 0
BBX 9 9 1 0
BITMAP
3E00
4100
8080
8080
8080
4100
C180
C180
C180
ENDCHAR
STARTCHAR E1E0
ENCODING 57824
SWIDTH 1000 0
DWIDTH 16 0
BBX 14 14 1 -3
BITMAP
0180
1860
3030
6018
6018
E00C
000C
FFFC
E000
6018
6018
3030
1860
0180
ENDCHAR
STARTCHAR E1E1
ENCODING 57825
SWIDTH 1000 0
DWIDTH 16 0
BBX 14 15 1 -3
BITMAP
0780
0CC0
0CC0
0CC4
078C
7FFC
C30C
D304
6300
0FC0
0300
0300
0FC0
0780
0300
ENDCHAR
STARTCHAR E1E2
ENCODING 57826
SWIDTH 1500 0
DWIDTH 24 0
BBX 23 10 1 -1
BITMAP
7FFFFC
800002
B92872
A5284A
A5284A
A92852
A12842
A0CF42
800002
7FFFFC
ENDCHAR
STARTCHAR E1E3
ENCODING 57827
SWIDTH 1375 0
DWIDTH 22 0
BBX 20 11 1 -1
BITMAP
78F1E0
FDFBF0
CD9B30
C1FB30
E19BF0
7003E0
39FB60
19FB30
1C6330
0C63F0
0C63F0
ENDCHAR
STARTCHAR E1E4
ENCODING 57828
SWIDTH 562 0
DWIDTH 9 0
BBX 7 16 1 -3
BITMAP
38
44
92
92
44
38
10
7C
FE
92
90
7C
FE
C4
44
40
ENDCHAR
STARTCHAR E1E5
ENCODING 57829
SWIDTH 625 0
DWIDTH 10 0
BBX 8 10 1 -1
BITMAP
04
08
10
30
7F
FE
0C
08
10
20
ENDCHAR
STARTCHAR E1E6
ENCODING 57830
SWIDTH 2187 0
DWIDTH 35 0
BBX 33 10 1 0
BITMAP
1C3F7E1C00
1C7F7F1C00
3663633600
3663633600
363F7E3600
637F7F6300
7F63637F00
7F63637F00
C1FF7FC180
C1BF7EC180
ENDCHAR
STARTCHAR E1E7
ENCODING 57831
SWIDTH 1000 0
DWIDTH 16 0
BBX 14 14 1 -2
BITMAP
0780
1FE0
0000
0000
7998
F93C
F93C
F87C
F87C
7938
7938
3990
1980
0180
ENDCHAR
STARTCHAR E1F0
ENCODING 57840
SWIDTH 500 0
DWIDTH 8 0
BBX 8 2 0 -1
BITMAP
88
77
ENDCHAR
STARTCHAR E1F1
ENCODING 57841
SWIDTH 500 0
DWIDTH 8 0
BBX 8 3 0 -2
BITMAP
88
FF
77
ENDCHAR
STARTCHAR E200
ENCODING 57856
SWIDTH 2000 0
DWIDTH 32 0
BBX 30 15 1 -3
BITMAP
00001FC0
7FE06030
8010C018
FFF08008
01410004
00A70004
07BB0604
18048D04
07BB0604
00A70004
01410004
FFF08008
8010C018
7FE06030
00001FC0
ENDCHAR
STARTCHAR E201
ENCODING 57857
SWIDTH 1500 0
DWIDTH 24 0
BBX 20 12 2 -1
BITMAP
780000
840000
FC1F00
5071C0
53E760
8C18B0
8C18B0
53E760
5071C0
FC1F00
840000
780000
ENDCHAR
STARTCHAR E210
ENCODING 57872
SWIDTH 500 0
DWIDTH 8 0
BBX 8 8 0 0
BITMAP
66
99
81
42
42
42
42
7E
ENDCHAR
STARTCHAR E211
ENCODING 57873
SWIDTH 500 0
DWIDTH 8 0
BBX 7 14 0 -2
BITMAP
18
1C
1C
0E
06
0E
0A
12
72
92
9E
72
12
0C
ENDCHAR
STARTCHAR E212
ENCODING 57874
SWIDTH 500 0
DWIDTH 8 0
BBX 7 13 1 -2
BITMAP
38
44
82
82
C6
7C
54
6C
54
28
38
10
10
ENDCHAR
STARTCHAR E213
ENCODING 57875
SWIDTH 500 0
DWIDTH 8 0
BBX 7 10 1 0
BITMAP
40
A8
90
50
7C
92
82
82
92
6C
ENDCHAR
STARTCHAR E214
ENCODING 57876
SWIDTH 1000 0
DWIDTH 16 0
BBX 12 5 1 2
BITMAP
30C0
30C0
FFF0
30C0
30C0
ENDCHAR
STARTCHAR E215
ENCODING 57877
SWIDTH 1000 0
DWIDTH 16 0
BBX 14 3 1 3
BITMAP
FFFC
0000
FFFC
ENDCHAR
STARTCHAR E216
ENCODING 57878
SWIDTH 1500 0
DWIDTH 24 0
BBX 22 5 1 1
BITMAP
FFFFFC
000000
FFFFFC
000000
FFFFFC
ENDCHAR
STARTCHAR E217
ENCODING 57879
SWIDTH 1000 0
DWIDTH 16 0
BBX 14 7 1 1
BITMAP
0080
0180
FFFC
0300
FFFC
0600
0400
ENDCHAR
STARTCHAR E218
ENCODING 57880
SWIDTH 1500 0
DWIDTH 24 0
BBX 22 9 1 -1
BITMAP
000800
001800
FFFFFC
003000
FFFFFC
006000
FFFFFC
00C000
008000
ENDCHAR
STARTCHAR E220
ENCODING 57888
SWIDTH 500 0
DWIDTH 8 0
BBX 6 12 1 -3
BITMAP
CC
CC
D8
D8
F0
D8
D8
CC
CC
C0
C0
C0
ENDCHAR
STARTCHAR E221
ENCODING 57889
SWIDTH 500 0
DWIDTH 8 0
BBX 6 12 1 -3
BITMAP
C0
C0
CC
CC
D8
F0
D8
CC
CC
C0
C0
C0
ENDCHAR
STARTCHAR E230
ENCODING 57904
SWIDTH 500 0
DWIDTH 8 0
BBX 7 10 1 -3
BITMAP
7E
CC
CC
CC
78
C0
7C
C6
C6
7C
ENDCHAR
STARTCHAR E231
ENCODING 57905
SWIDTH 500 0
DWIDTH 8 0
BBX 9 16 1 -3
BITMAP
0180
0200
0400
0C00
2C00
4C00
CC00
DC00
FC00
EC00
CC00
CC00
C800
C000
C000
8000
ENDCHAR
STARTCHAR E240
ENCODING 57920
SWIDTH 1000 0
DWIDTH 16 0
BBX 18 9 1 1
BITMAP
C00000
C00000
C00000
FFFC00
CC1800
CC1800
CC1800
CC1800
780FC0
ENDCHAR
STARTCHAR E241
ENCODING 57921
SWIDTH 1000 0
DWIDTH 16 0
BBX 18 13 1 -3
BITMAP
C00000
C00000
C00000
FFF800
CC0C00
CC0C00
CC7800
CC0FC0
783C00
006C00
00CC00
00CC00
007800
ENDCHAR
STARTCHAR E242
ENCODING 57922
SWIDTH 1000 0
DWIDTH 16 0
BBX 18 13 1 -3
BITMAP
780000
CC0000
C00000
FFFC00
D81800
CC1800
CC1800
CC1800
CC0FC0
CC0000
CC0000
CC0000
780000
ENDCHAR
STARTCHAR E243
ENCODING 57923
SWIDTH 1000 0
DWIDTH 16 0
BBX 18 13 1 -3
BITMAP
780000
CC0000
C00000
FFF800
D80C00
CC0C00
CC7800
CC0FC0
CC3C00
CC6C00
CCCC00
CCCC00
787800
ENDCHAR
STARTCHAR E244
ENCODING 57924
SWIDTH 1000 0
DWIDTH 16 0
BBX 18 6 1 1
BITMAP
7FFC00
CC1800
CC1800
CC1800
CC1800
780FC0
ENDCHAR
STARTCHAR E245
ENCODING 57925
SWIDTH 1000 0
DWIDTH 16 0
BBX 18 10 1 -3
BITMAP
7FF800
CC0C00
CC0C00
CC7800
CC0FC0
783C00
006C00
00CC00
00CC00
007800
ENDCHAR
STARTCHAR E246
ENCODING 57926
SWIDTH 1000 0
DWIDTH 16 0
BBX 18 6 1 1
BITMAP
CFFC00
CC1800
CC1800
CC1800
D81800
F00FC0
ENDCHAR
STARTCHAR E247
ENCODING 57927
SWIDTH 1000 0
DWIDTH 16 0
BBX 18 10 1 -3
BITMAP
CFF800
CC0C00
CC0C00
CC7800
D80FC0
F03C00
006C00
00CC00
00CC00
007800
ENDCHAR
STARTCHAR E248
ENCODING 57928
SWIDTH 1000 0
DWIDTH 16 0
BBX 18 6 1 1
BITMAP
D7FC00
D61800
D61800
D61800
D61800
7C0FC0
ENDCHAR
STARTCHAR E249
ENCODING 57929
SWIDTH 1000 0
DWIDTH 16 0
BBX 18 10 1 -3
BITMAP
D7F800
D60C00
D60C00
D67800
D60FC0
7C3C00
006C00
00CC00
00CC00
007800
ENDCHAR
STARTCHAR E250
ENCODING 57936
SWIDTH 500 0
DWIDTH 8 0
BBX 10 6 1 1
BITMAP
7C00
CC00
CC00
CC00
CC00
7FC0
ENDCHAR
STARTCHAR E251
ENCODING 57937
SWIDTH 500 0
DWIDTH 8 0
BBX 10 9 1 1
BITMAP
C000
C000
C000
FFC0
CC00
CC00
CC00
CC00
7800
ENDCHAR
STARTCHAR E252
ENCODING 57938
SWIDTH 500 0
DWIDTH 8 0
BBX 10 6 1 1
BITMAP
7800
CC00
C000
C000
C000
7FC0
ENDCHAR
STARTCHAR E253
ENCODING 57939
SWIDTH 500 0
DWIDTH 8 0
BBX 10 8 1 1
BITMAP
0C00
0C00
7C00
CC00
CC00
CC00
CC00
7FC0
ENDCHAR
STARTCHAR E254
ENCODING 57940
SWIDTH 500 0
DWIDTH 8 0
BBX 10 6 1 1
BITMAP
7C00
CC00
CC00
F800
C000
7FC0
ENDCHAR
STARTCHAR E255
ENCODING 57941
SWIDTH 500 0
DWIDTH 8 0
BBX 10 13 1 -3
BITMAP
7800
CC00
C000
FFC0
D800
CC00
CC00
CC00
CC00
CC00
CC00
CC00
7800
ENDCHAR
STARTCHAR E256
ENCODING 57942
SWIDTH 500 0
DWIDTH 8 0
BBX 10 10 1 -3
BITMAP
7C00
CC00
CC00
CC00
CFC0
7C00
6C00
CC00
CC00
7800
ENDCHAR
STARTCHAR E257
ENCODING 57943
SWIDTH 500 0
DWIDTH 8 0
BBX 10 9 1 1
BITMAP
C000
C000
C000
F800
CC00
CC00
CC00
CC00
C7C0
ENDCHAR
STARTCHAR E258
ENCODING 57944
SWIDTH 500 0
DWIDTH 8 0
BBX 9 9 2 1
BITMAP
6000
6000
0000
E000
6000
6000
6000
6000
3F80
ENDCHAR
STARTCHAR E259
ENCODING 57945
SWIDTH 500 0
DWIDTH 8 0
BBX 9 13 2 -3
BITMAP
6000
6000
0000
E000
6000
6000
6000
6000
7F80
6000
6000
6000
6000
ENDCHAR
STARTCHAR E25A
ENCODING 57946
SWIDTH 500 0
DWIDTH 8 0
BBX 10 9 1 1
BITMAP
C000
C000
C000
F800
CC00
CC00
F800
CC00
C7C0
ENDCHAR
STARTCHAR E25B
ENCODING 57947
SWIDTH 500 0
DWIDTH 8 0
BBX 9 9 2 1
BITMAP
E000
6000
6000
6000
6000
6000
6000
6000
3F80
ENDCHAR
STARTCHAR E25C
ENCODING 57948
SWIDTH 500 0
DWIDTH 8 0
BBX 10 6 1 1
BITMAP
FC00
D600
D600
D600
D600
D3C0
ENDCHAR
STARTCHAR E25D
ENCODING 57949
SWIDTH 500 0
DWIDTH 8 0
BBX 10 6 1 1
BITMAP
F800
CC00
CC00
CC00
CC00
C7C0
ENDCHAR
STARTCHAR E25E
ENCODING 57950
SWIDTH 500 0
DWIDTH 8 0
BBX 10 6 1 1
BITMAP
7FC0
CC00
CC00
CC00
CC00
7800
ENDCHAR
STARTCHAR E25F
ENCODING 57951
SWIDTH 500 0
DWIDTH 8 0
BBX 10 10 1 -3
BITMAP
F800
CC00
CC00
CC00
CC00
FFC0
C000
C000
C000
C000
ENDCHAR
STARTCHAR E260
ENCODING 57952
SWIDTH 500 0
DWIDTH 8 0
BBX 10 10 1 -3
BITMAP
7C00
CC00
CC00
CC00
CC00
7FC0
0C00
0C00
0C00
0C00
ENDCHAR
STARTCHAR E261
ENCODING 57953
SWIDTH 500 0
DWIDTH 8 0
BBX 10 6 1 1
BITMAP
FC00
6C00
6C00
6C00
6C00
C7C0
ENDCHAR
STARTCHAR E262
ENCODING 57954
SWIDTH 500 0
DWIDTH 8 0
BBX 10 6 1 1
BITMAP
FC00
1800
1800
1800
1800
0FC0
ENDCHAR
STARTCHAR E263
ENCODING 57955
SWIDTH 500 0
DWIDTH 8 0
BBX 11 6 0 1
BITMAP
3800
3C00
3600
6600
6600
FFE0
ENDCHAR
STARTCHAR E264
ENCODING 57956
SWIDTH 500 0
DWIDTH 8 0
BBX 10 9 1 1
BITMAP
3000
3000
3000
FE00
3000
3000
3000
3000
1FC0
ENDCHAR
STARTCHAR E265
ENCODING 57957
SWIDTH 500 0
DWIDTH 8 0
BBX 10 6 1 1
BITMAP
CC00
CC00
CC00
CC00
CC00
7FC0
ENDCHAR
STARTCHAR E266
ENCODING 57958
SWIDTH 500 0
DWIDTH 8 0
BBX 10 6 1 1
BITMAP
CFC0
CC00
CC00
CC00
D800
F000
ENDCHAR
STARTCHAR E267
ENCODING 57959
SWIDTH 500 0
DWIDTH 8 0
BBX 10 6 1 1
BITMAP
D7C0
D600
D600
D600
D600
7C00
ENDCHAR
STARTCHAR E268
ENCODING 57960
SWIDTH 500 0
DWIDTH 8 0
BBX 10 6 1 1
BITMAP
C600
6C00
3800
3800
6C00
C7C0
ENDCHAR
STARTCHAR E269
ENCODING 57961
SWIDTH 500 0
DWIDTH 8 0
BBX 10 10 1 -3
BITMAP
CC00
CC00
CC00
CC00
CFC0
7C00
6C00
CC00
CC00
7800
ENDCHAR
STARTCHAR E26A
ENCODING 57962
SWIDTH 500 0
DWIDTH 8 0
BBX 12 10 -1 -3
BITMAP
1C00
3700
3580
3580
E1F0
0780
0D80
1980
1980
0F00
ENDCHAR
STARTCHAR E26B
ENCODING 57963
SWIDTH 500 0
DWIDTH 8 0
BBX 10 10 1 -3
BITMAP
F800
0C00
0C00
7800
0FC0
3C00
6C00
CC00
CC00
7800
ENDCHAR
STARTCHAR E270
ENCODING 57968
SWIDTH 1000 0
DWIDTH 16 0
BBX 10 12 5 -3
BITMAP
0300
0780
0CC0
0CC0
0CC0
0FC0
0CC0
0CC0
6CC0
CC00
CC00
7800
ENDCHAR
STARTCHAR E271
ENCODING 57969
SWIDTH 1000 0
DWIDTH 16 0
BBX 10 9 5 0
BITMAP
7F80
CCC0
CCC0
6CC0
0F80
0CC0
0CC0
0CC0
0F80
ENDCHAR
STARTCHAR E272
ENCODING 57970
SWIDTH 1000 0
DWIDTH 16 0
BBX 7 11 8 -2
BITMAP
78
CC
CC
C0
C0
C0
C0
C0
C6
C6
7C
ENDCHAR
STARTCHAR E273
ENCODING 57971
SWIDTH 1000 0
DWIDTH 16 0
BBX 10 9 5 0
BITMAP
7F00
CD80
CCC0
6CC0
0CC0
0CC0
0CC0
0D80
0F00
ENDCHAR
STARTCHAR E274
ENCODING 57972
SWIDTH 1000 0
DWIDTH 16 0
BBX 11 9 5 0
BITMAP
7FC0
CC00
CC00
6C00
0F80
0C00
0C00
0C20
0FC0
ENDCHAR
STARTCHAR E275
ENCODING 57973
SWIDTH 1000 0
DWIDTH 16 0
BBX 10 9 5 0
BITMAP
7FC0
CC00
CC00
6C00
0F80
0C00
0C00
0C00
0C00
ENDCHAR
STARTCHAR E276
ENCODING 57974
SWIDTH 1000 0
DWIDTH 16 0
BBX 6 12 9 -3
BITMAP
78
CC
CC
C0
C0
DC
CC
CC
7C
0C
CC
78
ENDCHAR
STARTCHAR E277
ENCODING 57975
SWIDTH 1000 0
DWIDTH 16 0
BBX 10 9 5 0
BITMAP
7CC0
CCC0
CCC0
6CC0
0FC0
0CC0
0CC0
0CC0
0CC0
ENDCHAR
STARTCHAR E278
ENCODING 57976
SWIDTH 1000 0
DWIDTH 16 0
BBX 7 9 7 0
BITMAP
7E
CC
CC
6C
0C
0C
0C
0C
1E
ENDCHAR
STARTCHAR E279
ENCODING 57977
SWIDTH 1000 0
DWIDTH 16 0
BBX 7 11 8 -2
BITMAP
3E
66
66
36
06
06
66
C6
C6
C6
7C
ENDCHAR
STARTCHAR E27A
ENCODING 57978
SWIDTH 1000 0
DWIDTH 16 0
BBX 14 11 4 -2
BITMAP
7CC0
CCC0
CD80
6D80
0F00
0D80
0D80
0CC0
0CC0
0064
0038
ENDCHAR
STARTCHAR E27B
ENCODING 57979
SWIDTH 1000 0
DWIDTH 16 0
BBX 11 9 5 0
BITMAP
7C00
CC00
CC00
6C00
0C00
0C00
0C00
0C20
0FC0
ENDCHAR
STARTCHAR E27C
ENCODING 57980
SWIDTH 1000 0
DWIDTH 16 0
BBX 13 11 2 -2
BITMAP
1F18
3318
33B8
1B58
0358
0358
6318
C318
C618
C600
7C00
ENDCHAR
STARTCHAR E27D
ENCODING 57981
SWIDTH 1000 0
DWIDTH 16 0
BBX 14 12 4 -3
BITMAP
7860
CC60
CE60
6F60
0DE0
0CE0
0C60
0C60
0C60
0060
0064
0038
ENDCHAR
STARTCHAR E27E
ENCODING 57982
SWIDTH 1000 0
DWIDTH 16 0
BBX 7 12 8 0
BITMAP
38
60
60
7C
E6
DE
C6
C6
C6
C6
C6
7C
ENDCHAR
STARTCHAR E27F
ENCODING 57983
SWIDTH 1000 0
DWIDTH 16 0
BBX 10 9 5 0
BITMAP
7F80
CCC0
CCC0
6CC0
0F80
0C00
0C00
0C00
0C00
ENDCHAR
STARTCHAR E280
ENCODING 57984
SWIDTH 1000 0
DWIDTH 16 0
BBX 9 12 6 -3
BITMAP
1F00
3180
3180
3180
3180
3180
3D80
3380
1F00
C300
C300
7E00
ENDCHAR
STARTCHAR E281
ENCODING 57985
SWIDTH 1000 0
DWIDTH 16 0
BBX 14 11 4 -2
BITMAP
7F80
CCC0
CCC0
6CC0
0F80
0D80
0CC0
0CC0
0CC0
0064
0038
ENDCHAR
STARTCHAR E283
ENCODING 57987
SWIDTH 1000 0
DWIDTH 16 0
BBX 8 12 7 -3
BITMAP
1E
33
30
18
0C
06
73
CB
CB
C3
66
3C
ENDCHAR
STARTCHAR E284
ENCODING 57988
SWIDTH 1000 0
DWIDTH 16 0
BBX 9 10 7 0
BITMAP
0080
7F00
CC00
CC00
6C00
0C00
0C00
0C00
0C00
0C00
ENDCHAR
STARTCHAR E285
ENCODING 57989
SWIDTH 1000 0
DWIDTH 16 0
BBX 10 9 5 0
BITMAP
7CC0
CCC0
CCC0
6CC0
0CC0
0CC0
0CC0
0CC0
0780
ENDCHAR
STARTCHAR E286
ENCODING 57990
SWIDTH 1000 0
DWIDTH 16 0
BBX 13 11 5 0
BITMAP
0070
00C8
7CC0
CCC0
CCC0
6CC0
0CC0
0CC0
0CC0
0780
0300
ENDCHAR
STARTCHAR E287
ENCODING 57991
SWIDTH 1000 0
DWIDTH 16 0
BBX 14 11 4 0
BITMAP
0038
0064
7C60
CC60
CC60
6D60
0D60
0D60
06C0
06C0
06C0
ENDCHAR
STARTCHAR E288
ENCODING 57992
SWIDTH 1000 0
DWIDTH 16 0
BBX 12 13 3 -2
BITMAP
0030
0030
3E60
6660
63C0
3180
0180
03C0
0360
0660
0660
8C00
7800
ENDCHAR
STARTCHAR E289
ENCODING 57993
SWIDTH 1000 0
DWIDTH 16 0
BBX 14 14 4 -3
BITMAP
0038
0064
3E60
6660
6660
3660
0660
0660
03E0
70C0
C8C0
C180
6700
3C00
ENDCHAR
STARTCHAR E28A
ENCODING 57994
SWIDTH 1000 0
DWIDTH 16 0
BBX 8 12 7 -3
BITMAP
3C
66
66
06
1C
06
03
03
63
C3
C6
7C
ENDCHAR
STARTCHAR E290
ENCODING 58000
SWIDTH 500 0
DWIDTH 8 0
BBX 6 9 1 0
BITMAP
30
78
CC
CC
CC
FC
CC
CC
CC
ENDCHAR
STARTCHAR E291
ENCODING 58001
SWIDTH 500 0
DWIDTH 8 0
BBX 6 7 1 0
BITMAP
78
C0
C0
F8
CC
CC
F8
ENDCHAR
STARTCHAR E292
ENCODING 58002
SWIDTH 500 0
DWIDTH 8 0
BBX 6 9 1 0
BITMAP
7C
CC
CC
CC
7C
CC
CC
CC
7C
ENDCHAR
STARTCHAR E293
ENCODING 58003
SWIDTH 500 0
DWIDTH 8 0
BBX 6 9 1 0
BITMAP
0C
0C
7C
CC
CC
CC
CC
CC
7C
ENDCHAR
STARTCHAR E294
ENCODING 58004
SWIDTH 500 0
DWIDTH 8 0
BBX 6 9 1 0
BITMAP
78
CC
CC
0C
0C
0C
CC
CC
78
ENDCHAR
STARTCHAR E295
ENCODING 58005
SWIDTH 500 0
DWIDTH 8 0
BBX 6 7 1 0
BITMAP
78
CC
0C
0C
0C
CC
78
ENDCHAR
STARTCHAR E296
ENCODING 58006
SWIDTH 500 0
DWIDTH 8 0
BBX 6 9 1 0
BITMAP
3C
6C
CC
CC
CC
CC
CC
6C
3C
ENDCHAR
STARTCHAR E297
ENCODING 58007
SWIDTH 500 0
DWIDTH 8 0
BBX 6 9 1 0
BITMAP
C0
C0
F8
CC
CC
CC
CC
CC
F8
ENDCHAR
STARTCHAR E298
ENCODING 58008
SWIDTH 500 0
DWIDTH 8 0
BBX 6 9 1 0
BITMAP
FC
0C
0C
0C
7C
0C
0C
0C
FC
ENDCHAR
STARTCHAR E299
ENCODING 58009
SWIDTH 500 0
DWIDTH 8 0
BBX 6 7 1 0
BITMAP
78
CC
CC
FC
0C
0C
78
ENDCHAR
STARTCHAR E29A
ENCODING 58010
SWIDTH 500 0
DWIDTH 8 0
BBX 6 9 1 0
BITMAP
FC
0C
0C
0C
7C
0C
0C
0C
0C
ENDCHAR
STARTCHAR E29B
ENCODING 58011
SWIDTH 500 0
DWIDTH 8 0
BBX 6 9 1 0
BITMAP
F0
18
18
18
FC
18
18
18
18
ENDCHAR
STARTCHAR E29C
ENCODING 58012
SWIDTH 500 0
DWIDTH 8 0
BBX 6 9 1 0
BITMAP
78
CC
CC
0C
0C
EC
CC
CC
F8
ENDCHAR
STARTCHAR E29D
ENCODING 58013
SWIDTH 500 0
DWIDTH 8 0
BBX 6 10 1 -3
BITMAP
F8
CC
CC
CC
CC
CC
F8
C0
C0
7C
ENDCHAR
STARTCHAR E29E
ENCODING 58014
SWIDTH 500 0
DWIDTH 8 0
BBX 6 9 1 0
BITMAP
CC
CC
CC
CC
FC
CC
CC
CC
CC
ENDCHAR
STARTCHAR E29F
ENCODING 58015
SWIDTH 500 0
DWIDTH 8 0
BBX 6 9 1 0
BITMAP
0C
0C
7C
CC
CC
CC
CC
CC
CC
ENDCHAR
STARTCHAR E2A0
ENCODING 58016
SWIDTH 500 0
DWIDTH 8 0
BBX 4 9 2 0
BITMAP
F0
60
60
60
60
60
60
60
F0
ENDCHAR
STARTCHAR E2A1
ENCODING 58017
SWIDTH 500 0
DWIDTH 8 0
BBX 6 10 1 0
BITMAP
30
30
00
3C
30
30
30
30
30
FC
ENDCHAR
STARTCHAR E2A2
ENCODING 58018
SWIDTH 500 0
DWIDTH 8 0
BBX 6 9 1 0
BITMAP
C0
C0
C0
C0
C0
C0
CC
CC
78
ENDCHAR
STARTCHAR E2A3
ENCODING 58019
SWIDTH 500 0
DWIDTH 8 0
BBX 5 13 2 -3
BITMAP
C0
C0
00
F0
C0
C0
C0
C0
C0
C0
C0
C0
78
ENDCHAR
STARTCHAR E2A4
ENCODING 58020
SWIDTH 500 0
DWIDTH 8 0
BBX 6 9 1 0
BITMAP
CC
CC
6C
6C
3C
6C
6C
CC
CC
ENDCHAR
STARTCHAR E2A5
ENCODING 58021
SWIDTH 500 0
DWIDTH 8 0
BBX 6 9 1 0
BITMAP
0C
0C
CC
CC
6C
3C
6C
CC
CC
ENDCHAR
STARTCHAR E2A6
ENCODING 58022
SWIDTH 500 0
DWIDTH 8 0
BBX 6 9 1 0
BITMAP
0C
0C
0C
0C
0C
0C
0C
0C
FC
ENDCHAR
STARTCHAR E2A7
ENCODING 58023
SWIDTH 500 0
DWIDTH 8 0
BBX 6 9 1 0
BITMAP
3C
30
30
30
30
30
30
30
FC
ENDCHAR
STARTCHAR E2A8
ENCODING 58024
SWIDTH 500 0
DWIDTH 8 0
BBX 7 9 1 0
BITMAP
C6
C6
EE
D6
D6
D6
C6
C6
C6
ENDCHAR
STARTCHAR E2A9
ENCODING 58025
SWIDTH 500 0
DWIDTH 8 0
BBX 7 7 1 0
BITMAP
7E
D6
D6
D6
D6
D6
C6
ENDCHAR
STARTCHAR E2AA
ENCODING 58026
SWIDTH 500 0
DWIDTH 8 0
BBX 7 9 1 0
BITMAP
C6
C6
CE
DE
F6
E6
C6
C6
C6
ENDCHAR
STARTCHAR E2AB
ENCODING 58027
SWIDTH 500 0
DWIDTH 8 0
BBX 6 7 1 0
BITMAP
7C
CC
CC
CC
CC
CC
CC
ENDCHAR
STARTCHAR E2AC
ENCODING 58028
SWIDTH 500 0
DWIDTH 8 0
BBX 6 9 1 0
BITMAP
78
CC
CC
CC
CC
CC
CC
CC
78
ENDCHAR
STARTCHAR E2AD
ENCODING 58029
SWIDTH 500 0
DWIDTH 8 0
BBX 6 7 1 0
BITMAP
78
CC
CC
CC
CC
CC
78
ENDCHAR
STARTCHAR E2AE
ENCODING 58030
SWIDTH 500 0
DWIDTH 8 0
BBX 6 9 1 0
BITMAP
7C
CC
CC
CC
7C
0C
0C
0C
0C
ENDCHAR
STARTCHAR E2AF
ENCODING 58031
SWIDTH 500 0
DWIDTH 8 0
BBX 6 10 1 -3
BITMAP
7C
CC
CC
CC
CC
CC
7C
0C
0C
0C
ENDCHAR
STARTCHAR E2B0
ENCODING 58032
SWIDTH 500 0
DWIDTH 8 0
BBX 6 11 1 -2
BITMAP
78
CC
CC
CC
CC
CC
CC
CC
78
60
C0
ENDCHAR
STARTCHAR E2B1
ENCODING 58033
SWIDTH 500 0
DWIDTH 8 0
BBX 6 10 1 -3
BITMAP
F8
CC
CC
CC
CC
CC
F8
C0
C0
C0
ENDCHAR
STARTCHAR E2B2
ENCODING 58034
SWIDTH 500 0
DWIDTH 8 0
BBX 6 9 1 0
BITMAP
7C
CC
CC
CC
7C
6C
CC
CC
CC
ENDCHAR
STARTCHAR E2B3
ENCODING 58035
SWIDTH 500 0
DWIDTH 8 0
BBX 6 7 1 0
BITMAP
CC
EC
1C
0C
0C
0C
0C
ENDCHAR
STARTCHAR E2B4
ENCODING 58036
SWIDTH 500 0
DWIDTH 8 0
BBX 6 9 1 0
BITMAP
78
CC
0C
18
30
60
C0
CC
78
ENDCHAR
STARTCHAR E2B5
ENCODING 58037
SWIDTH 500 0
DWIDTH 8 0
BBX 6 7 1 0
BITMAP
F8
0C
0C
78
C0
C0
7C
ENDCHAR
STARTCHAR E2B6
ENCODING 58038
SWIDTH 500 0
DWIDTH 8 0
BBX 6 9 1 0
BITMAP
FC
30
30
30
30
30
30
30
30
ENDCHAR
STARTCHAR E2B7
ENCODING 58039
SWIDTH 500 0
DWIDTH 8 0
BBX 6 9 1 0
BITMAP
18
18
FC
18
18
18
18
18
F0
ENDCHAR
STARTCHAR E2B8
ENCODING 58040
SWIDTH 500 0
DWIDTH 8 0
BBX 6 9 1 0
BITMAP
CC
CC
CC
CC
CC
CC
CC
CC
78
ENDCHAR
STARTCHAR E2B9
ENCODING 58041
SWIDTH 500 0
DWIDTH 8 0
BBX 6 7 1 0
BITMAP
CC
CC
CC
CC
CC
CC
F8
ENDCHAR
STARTCHAR E2BA
ENCODING 58042
SWIDTH 500 0
DWIDTH 8 0
BBX 6 9 1 0
BITMAP
CC
CC
CC
CC
CC
CC
CC
78
30
ENDCHAR
STARTCHAR E2BB
ENCODING 58043
SWIDTH 500 0
DWIDTH 8 0
BBX 6 7 1 0
BITMAP
CC
CC
CC
CC
CC
78
30
ENDCHAR
STARTCHAR E2BC
ENCODING 58044
SWIDTH 500 0
DWIDTH 8 0
BBX 7 9 1 0
BITMAP
C6
C6
C6
D6
D6
D6
6C
6C
6C
ENDCHAR
STARTCHAR E2BD
ENCODING 58045
SWIDTH 500 0
DWIDTH 8 0
BBX 7 7 1 0
BITMAP
C6
D6
D6
D6
D6
6C
6C
ENDCHAR
STARTCHAR E2BE
ENCODING 58046
SWIDTH 500 0
DWIDTH 8 0
BBX 6 9 1 0
BITMAP
CC
CC
58
30
30
68
CC
CC
CC
ENDCHAR
STARTCHAR E2BF
ENCODING 58047
SWIDTH 500 0
DWIDTH 8 0
BBX 6 7 1 0
BITMAP
CC
CC
78
30
78
CC
CC
ENDCHAR
STARTCHAR E2C0
ENCODING 58048
SWIDTH 500 0
DWIDTH 8 0
BBX 6 9 1 0
BITMAP
CC
CC
CC
CC
78
30
30
30
30
ENDCHAR
STARTCHAR E2C1
ENCODING 58049
SWIDTH 500 0
DWIDTH 8 0
BBX 7 10 1 -3
BITMAP
CC
CC
CC
CC
CC
CC
78
60
30
1E
ENDCHAR
STARTCHAR E2C2
ENCODING 58050
SWIDTH 500 0
DWIDTH 8 0
BBX 6 9 1 0
BITMAP
FC
C0
C0
60
30
18
0C
0C
FC
ENDCHAR
STARTCHAR E2C3
ENCODING 58051
SWIDTH 500 0
DWIDTH 8 0
BBX 6 7 1 0
BITMAP
FC
C0
60
30
18
0C
FC
ENDCHAR
STARTCHAR E2C4
ENCODING 58052
SWIDTH 1000 0
DWIDTH 16 0
BBX 14 1 1 4
BITMAP
FFFC
ENDCHAR
STARTCHAR E2C7
ENCODING 58055
SWIDTH 500 0
DWIDTH 8 0
BBX 6 10 1 -1
BITMAP
C0
C0
60
60
30
30
18
18
0C
0C
ENDCHAR
STARTCHAR E2C8
ENCODING 58056
SWIDTH 500 0
DWIDTH 8 0
BBX 6 10 1 -1
BITMAP
0C
0C
18
18
30
30
60
60
C0
C0
ENDCHAR
STARTCHAR E2C9
ENCODING 58057
SWIDTH 500 0
DWIDTH 8 0
BBX 3 7 3 0
BITMAP
E0
E0
00
00
00
E0
E0
ENDCHAR
STARTCHAR E2CA
ENCODING 58058
SWIDTH 500 0
DWIDTH 8 0
BBX 7 5 1 2
BITMAP
6C
38
FE
38
6C
ENDCHAR
STARTCHAR E2CB
ENCODING 58059
SWIDTH 500 0
DWIDTH 8 0
BBX 6 9 1 0
BITMAP
78
CC
CC
18
30
30
00
30
30
ENDCHAR
STARTCHAR E2CC
ENCODING 58060
SWIDTH 500 0
DWIDTH 8 0
BBX 6 3 1 6
BITMAP
CC
CC
CC
ENDCHAR
STARTCHAR E2CD
ENCODING 58061
SWIDTH 500 0
DWIDTH 8 0
BBX 6 9 1 0
BITMAP
0C
18
30
60
C0
60
30
18
0C
ENDCHAR
STARTCHAR E2CE
ENCODING 58062
SWIDTH 500 0
DWIDTH 8 0
BBX 6 9 1 0
BITMAP
C0
60
30
18
0C
18
30
60
C0
ENDCHAR
STARTCHAR E2CF
ENCODING 58063
SWIDTH 500 0
DWIDTH 8 0
BBX 2 12 3 -3
BITMAP
C0
C0
C0
C0
C0
C0
C0
C0
C0
C0
C0
C0
ENDCHAR
STARTCHAR E2D0
ENCODING 58064
SWIDTH 500 0
DWIDTH 8 0
BBX 8 9 0 0
BITMAP
66
C3
DB
DB
DB
7E
DB
DB
7E
ENDCHAR
STARTCHAR E2D1
ENCODING 58065
SWIDTH 500 0
DWIDTH 8 0
BBX 7 9 1 0
BITMAP
7C
92
92
92
92
54
54
38
38
ENDCHAR
STARTCHAR E2D2
ENCODING 58066
SWIDTH 500 0
DWIDTH 8 0
BBX 8 7 0 0
BITMAP
1C
22
F1
CF
41
22
1C
ENDCHAR
STARTCHAR E2D3
ENCODING 58067
SWIDTH 500 0
DWIDTH 8 0
BBX 8 8 0 0
BITMAP
3C
66
FF
BD
BD
FF
66
3C
ENDCHAR
STARTCHAR E2D4
ENCODING 58068
SWIDTH 500 0
DWIDTH 8 0
BBX 8 8 0 0
BITMAP
60
93
94
68
16
29
C9
06
ENDCHAR
STARTCHAR E2D5
ENCODING 58069
SWIDTH 500 0
DWIDTH 8 0
BBX 8 7 0 0
BITMAP
BD
A5
A5
E7
A5
A5
BD
ENDCHAR
STARTCHAR E2D6
ENCODING 58070
SWIDTH 500 0
DWIDTH 8 0
BBX 8 7 0 0
BITMAP
F8
88
52
3D
57
8D
F8
ENDCHAR
STARTCHAR E2D7
ENCODING 58071
SWIDTH 500 0
DWIDTH 8 0
BBX 8 9 0 0
BITMAP
C3
C3
66
3C
18
18
18
18
7E
ENDCHAR
STARTCHAR E2D8
ENCODING 58072
SWIDTH 500 0
DWIDTH 8 0
BBX 6 11 1 -2
BITMAP
78
CC
CC
0C
18
30
30
FC
30
30
30
ENDCHAR
STARTCHAR E2D9
ENCODING 58073
SWIDTH 500 0
DWIDTH 8 0
BBX 8 8 0 0
BITMAP
3C
42
B1
C9
89
89
52
3C
ENDCHAR
STARTCHAR E2DA
ENCODING 58074
SWIDTH 500 0
DWIDTH 8 0
BBX 8 10 0 -3
BITMAP
7D
AA
A8
A8
A8
AA
7D
28
28
28
ENDCHAR
STARTCHAR E2DB
ENCODING 58075
SWIDTH 500 0
DWIDTH 8 0
BBX 7 11 1 -2
BITMAP
38
48
8C
92
92
8C
4A
3C
08
08
08
ENDCHAR
STARTCHAR E2DC
ENCODING 58076
SWIDTH 500 0
DWIDTH 8 0
BBX 8 11 0 -2
BITMAP
99
5A
5A
5A
99
FF
18
18
3C
42
FF
ENDCHAR
STARTCHAR E2DD
ENCODING 58077
SWIDTH 500 0
DWIDTH 8 0
BBX 6 12 1 -3
BITMAP
78
CC
CC
0C
18
30
30
FC
30
78
CC
78
ENDCHAR
STARTCHAR E2DE
ENCODING 58078
SWIDTH 500 0
DWIDTH 8 0
BBX 6 12 1 -2
BITMAP
80
40
70
68
64
64
64
64
68
70
40
80
ENDCHAR
STARTCHAR E2DF
ENCODING 58079
SWIDTH 500 0
DWIDTH 8 0
BBX 9 8 0 0
BITMAP
0080
6700
9B00
8500
8900
4200
E400
D800
ENDCHAR
STARTCHAR E2E0
ENCODING 58080
SWIDTH 500 0
DWIDTH 8 0
BBX 8 15 0 -3
BITMAP
18
5A
3C
FF
3C
5A
18
7E
18
3C
66
E7
7E
24
18
ENDCHAR
STARTCHAR E2E1
ENCODING 58081
SWIDTH 500 0
DWIDTH 8 0
BBX 8 9 0 0
BITMAP
FF
C3
66
3C
18
18
18
18
7E
ENDCHAR
STARTCHAR E2E2
ENCODING 58082
SWIDTH 500 0
DWIDTH 8 0
BBX 8 13 0 -2
BITMAP
FE
40
7C
C2
61
51
51
51
61
C2
7C
40
40
ENDCHAR
STARTCHAR E2E3
ENCODING 58083
SWIDTH 500 0
DWIDTH 8 0
BBX 7 9 1 0
BITMAP
10
28
6C
AA
28
38
28
44
FE
ENDCHAR
STARTCHAR E2E4
ENCODING 58084
SWIDTH 500 0
DWIDTH 8 0
BBX 8 12 0 -3
BITMAP
18
5A
3C
FF
3C
5A
18
7E
18
3C
66
3C
ENDCHAR
STARTCHAR E2E5
ENCODING 58085
SWIDTH 500 0
DWIDTH 8 0
BBX 6 12 1 -3
BITMAP
08
38
D8
18
18
3C
60
C0
C0
C0
6C
38
ENDCHAR
STARTCHAR E2E6
ENCODING 58086
SWIDTH 500 0
DWIDTH 8 0
BBX 8 13 0 -3
BITMAP
0F
13
15
09
16
28
44
A4
14
12
10
10
08
ENDCHAR
STARTCHAR E2E7
ENCODING 58087
SWIDTH 500 0
DWIDTH 8 0
BBX 8 7 0 0
BITMAP
66
A5
A5
BD
A5
A5
66
ENDCHAR
STARTCHAR E2E8
ENCODING 58088
SWIDTH 500 0
DWIDTH 8 0
BBX 6 9 1 0
BITMAP
FC
84
48
30
FC
30
48
84
FC
ENDCHAR
STARTCHAR E2E9
ENCODING 58089
SWIDTH 500 0
DWIDTH 8 0
BBX 8 12 0 -3
BITMAP
66
C3
DB
DB
DB
7E
DB
DB
7E
DB
DB
7E
ENDCHAR
STARTCHAR E2EA
ENCODING 58090
SWIDTH 500 0
DWIDTH 8 0
BBX 7 12 0 -3
BITMAP
7E
60
F8
60
7C
66
66
66
6C
0C
0C
06
ENDCHAR
STARTCHAR E2EB
ENCODING 58091
SWIDTH 500 0
DWIDTH 8 0
BBX 8 7 0 0
BITMAP
FF
81
42
FF
24
24
18
ENDCHAR
STARTCHAR E2EC
ENCODING 58092
SWIDTH 500 0
DWIDTH 8 0
BBX 8 9 0 0
BITMAP
FF
18
7E
DB
DB
DB
7E
18
FF
ENDCHAR
STARTCHAR E2ED
ENCODING 58093
SWIDTH 500 0
DWIDTH 8 0
BBX 8 11 0 -2
BITMAP
18
5A
3C
FF
3C
5A
18
7E
18
18
18
ENDCHAR
STARTCHAR E2EE
ENCODING 58094
SWIDTH 500 0
DWIDTH 8 0
BBX 8 5 0 0
BITMAP
DB
24
24
24
DB
ENDCHAR
STARTCHAR E2EF
ENCODING 58095
SWIDTH 500 0
DWIDTH 8 0
BBX 8 7 0 0
BITMAP
F8
88
55
3E
55
88
F8
ENDCHAR
STARTCHAR E2F0
ENCODING 58096
SWIDTH 500 0
DWIDTH 8 0
BBX 8 7 0 0
BITMAP
F8
8A
52
3E
53
88
F8
ENDCHAR
STARTCHAR E2F1
ENCODING 58097
SWIDTH 500 0
DWIDTH 8 0
BBX 8 10 0 -3
BITMAP
AA
AA
AA
AA
AA
AA
FE
02
03
02
ENDCHAR
STARTCHAR E2F2
ENCODING 58098
SWIDTH 500 0
DWIDTH 8 0
BBX 8 12 0 -3
BITMAP
18
24
42
81
42
24
18
7E
18
3C
66
3C
ENDCHAR
STARTCHAR E2F3
ENCODING 58099
SWIDTH 500 0
DWIDTH 8 0
BBX 7 8 1 0
BITMAP
82
44
44
7C
44
FE
44
38
ENDCHAR
STARTCHAR E2F4
ENCODING 58100
SWIDTH 500 0
DWIDTH 8 0
BBX 8 12 0 0
BITMAP
0E
14
24
42
7E
E7
C3
C3
C3
C3
66
3C
ENDCHAR
STARTCHAR E2F5
ENCODING 58101
SWIDTH 500 0
DWIDTH 8 0
BBX 8 13 0 -2
BITMAP
3C
52
89
89
89
52
3C
18
18
7E
18
18
18
ENDCHAR
STARTCHAR E2F6
ENCODING 58102
SWIDTH 500 0
DWIDTH 8 0
BBX 8 7 0 0
BITMAP
60
D0
2A
2F
2A
D0
60
ENDCHAR
STARTCHAR E2F7
ENCODING 58103
SWIDTH 500 0
DWIDTH 8 0
BBX 8 10 0 0
BITMAP
02
04
65
19
19
1A
7C
B0
90
60
ENDCHAR
STARTCHAR E2F8
ENCODING 58104
SWIDTH 500 0
DWIDTH 8 0
BBX 6 11 1 -2
BITMAP
78
CC
CC
CC
78
30
30
FC
30
30
FC
ENDCHAR
STARTCHAR E2F9
ENCODING 58105
SWIDTH 500 0
DWIDTH 8 0
BBX 8 12 0 -3
BITMAP
18
18
18
18
18
99
BD
E7
E7
7E
24
18
ENDCHAR
STARTCHAR E2FA
ENCODING 58106
SWIDTH 500 0
DWIDTH 8 0
BBX 8 11 0 -2
BITMAP
18
24
42
81
42
24
18
7E
18
18
18
ENDCHAR
STARTCHAR E2FB
ENCODING 58107
SWIDTH 500 0
DWIDTH 8 0
BBX 6 12 1 0
BITMAP
38
40
B8
B4
B4
B4
B8
B0
78
3C
3C
38
ENDCHAR
STARTCHAR E2FC
ENCODING 58108
SWIDTH 500 0
DWIDTH 8 0
BBX 8 7 0 0
BITMAP
FF
81
81
42
42
24
3C
ENDCHAR
STARTCHAR E2FD
ENCODING 58109
SWIDTH 500 0
DWIDTH 8 0
BBX 6 12 1 -3
BITMAP
78
CC
CC
CC
78
30
30
18
0C
CC
CC
78
ENDCHAR
STARTCHAR E2FE
ENCODING 58110
SWIDTH 500 0
DWIDTH 8 0
BBX 6 13 1 -2
BITMAP
CC
CC
78
CC
CC
CC
78
30
30
FC
30
30
FC
ENDCHAR
STARTCHAR E2FF
ENCODING 58111
SWIDTH 500 0
DWIDTH 8 0
BBX 6 12 1 -3
BITMAP
F8
CC
CC
CC
F8
C0
C0
D8
EC
CC
0C
38
ENDCHAR
STARTCHAR E300
ENCODING 58112
SWIDTH 500 0
DWIDTH 8 0
BBX 8 12 0 -3
BITMAP
3C
66
3C
99
7E
18
18
0C
06
66
66
3C
ENDCHAR
STARTCHAR E301
ENCODING 58113
SWIDTH 500 0
DWIDTH 8 0
BBX 8 10 0 0
BITMAP
02
04
65
19
19
1A
1C
30
40
80
ENDCHAR
STARTCHAR E302
ENCODING 58114
SWIDTH 500 0
DWIDTH 8 0
BBX 7 13 1 -2
BITMAP
3C
36
36
3C
30
B4
B4
78
30
78
B4
B4
30
ENDCHAR
STARTCHAR E303
ENCODING 58115
SWIDTH 500 0
DWIDTH 8 0
BBX 8 14 0 -3
BITMAP
1E
1B
1B
1E
1E
1B
18
99
BD
E7
E7
7E
24
18
ENDCHAR
STARTCHAR E304
ENCODING 58116
SWIDTH 500 0
DWIDTH 8 0
BBX 7 11 1 -2
BITMAP
7C
AA
AA
AA
7C
28
28
FE
28
28
28
ENDCHAR
STARTCHAR E305
ENCODING 58117
SWIDTH 500 0
DWIDTH 8 0
BBX 8 8 0 0
BITMAP
80
40
26
19
09
86
8A
71
ENDCHAR
STARTCHAR E306
ENCODING 58118
SWIDTH 500 0
DWIDTH 8 0
BBX 8 10 0 -2
BITMAP
01
1A
26
26
FF
58
58
58
98
18
ENDCHAR
STARTCHAR E307
ENCODING 58119
SWIDTH 500 0
DWIDTH 8 0
BBX 8 10 0 -2
BITMAP
05
3A
4A
4A
FF
50
50
50
90
10
ENDCHAR
STARTCHAR E308
ENCODING 58120
SWIDTH 500 0
DWIDTH 8 0
BBX 8 11 0 -2
BITMAP
DE
73
33
03
06
0C
0C
0C
2D
1E
0C
ENDCHAR
STARTCHAR E309
ENCODING 58121
SWIDTH 500 0
DWIDTH 8 0
BBX 8 13 0 -2
BITMAP
3C
42
81
FF
99
5A
3C
18
18
7E
18
18
18
ENDCHAR
STARTCHAR E30A
ENCODING 58122
SWIDTH 500 0
DWIDTH 8 0
BBX 8 11 0 -2
BITMAP
78
CC
CD
CE
7C
38
30
70
B0
30
30
ENDCHAR
STARTCHAR E30B
ENCODING 58123
SWIDTH 500 0
DWIDTH 8 0
BBX 8 12 0 0
BITMAP
06
1F
06
7E
C2
21
11
11
11
21
C2
7C
ENDCHAR
STARTCHAR E30C
ENCODING 58124
SWIDTH 500 0
DWIDTH 8 0
BBX 8 12 0 -3
BITMAP
7E
C3
DB
C3
7E
18
18
7E
18
3C
66
3C
ENDCHAR
STARTCHAR E30D
ENCODING 58125
SWIDTH 500 0
DWIDTH 8 0
BBX 7 9 1 0
BITMAP
20
22
52
52
52
9C
E8
88
88
ENDCHAR
STARTCHAR E30E
ENCODING 58126
SWIDTH 500 0
DWIDTH 8 0
BBX 8 8 0 0
BITMAP
0C
08
5A
24
DB
66
3C
18
ENDCHAR
STARTCHAR E30F
ENCODING 58127
SWIDTH 500 0
DWIDTH 8 0
BBX 7 9 1 0
BITMAP
36
3C
36
30
78
CC
CC
CC
78
ENDCHAR
STARTCHAR E310
ENCODING 58128
SWIDTH 500 0
DWIDTH 8 0
BBX 6 14 1 -3
BITMAP
30
28
28
30
70
D0
B8
94
D4
78
10
10
50
20
ENDCHAR
STARTCHAR E340
ENCODING 58176
SWIDTH 500 0
DWIDTH 8 0
BBX 7 11 1 -3
BITMAP
C0
E0
D8
C6
60
60
30
30
30
30
30
ENDCHAR
STARTCHAR E341
ENCODING 58177
SWIDTH 500 0
DWIDTH 8 0
BBX 7 11 0 -3
BITMAP
06
0E
36
C6
0C
0C
18
18
18
18
18
ENDCHAR
STARTCHAR E342
ENCODING 58178
SWIDTH 500 0
DWIDTH 8 0
BBX 7 11 1 1
BITMAP
30
30
30
30
30
60
60
C6
D8
E0
C0
ENDCHAR
STARTCHAR E343
ENCODING 58179
SWIDTH 500 0
DWIDTH 8 0
BBX 7 11 0 1
BITMAP
18
18
18
18
18
0C
0C
C6
36
0E
06
ENDCHAR
STARTCHAR E344
ENCODING 58180
SWIDTH 500 0
DWIDTH 8 0
BBX 8 1 0 4
BITMAP
FF
ENDCHAR
STARTCHAR E345
ENCODING 58181
SWIDTH 500 0
DWIDTH 8 0
BBX 2 15 3 -3
BITMAP
C0
C0
C0
C0
C0
C0
C0
C0
C0
C0
C0
C0
C0
C0
C0
ENDCHAR
STARTCHAR E346
ENCODING 58182
SWIDTH 500 0
DWIDTH 8 0
BBX 5 8 3 -3
BITMAP
18
60
60
C0
C0
C0
C0
C0
ENDCHAR
STARTCHAR E347
ENCODING 58183
SWIDTH 500 0
DWIDTH 8 0
BBX 5 8 0 -3
BITMAP
C0
30
30
18
18
18
18
18
ENDCHAR
STARTCHAR E348
ENCODING 58184
SWIDTH 500 0
DWIDTH 8 0
BBX 5 8 3 4
BITMAP
C0
C0
C0
C0
C0
60
60
18
ENDCHAR
STARTCHAR E349
ENCODING 58185
SWIDTH 500 0
DWIDTH 8 0
BBX 5 8 0 4
BITMAP
18
18
18
18
18
30
30
C0
ENDCHAR
STARTCHAR E34A
ENCODING 58186
SWIDTH 500 0
DWIDTH 8 0
BBX 8 15 0 -3
BITMAP
18
18
18
18
18
30
30
C3
0C
0C
18
18
18
18
18
ENDCHAR
STARTCHAR E34B
ENCODING 58187
SWIDTH 500 0
DWIDTH 8 0
BBX 8 15 0 -3
BITMAP
18
18
18
18
18
0C
0C
C3
30
30
18
18
18
18
18
ENDCHAR
STARTCHAR E34C
ENCODING 58188
SWIDTH 500 0
DWIDTH 8 0
BBX 5 15 0 -3
BITMAP
18
18
18
18
18
30
60
C0
F0
98
18
18
18
18
18
ENDCHAR
STARTCHAR E34D
ENCODING 58189
SWIDTH 500 0
DWIDTH 8 0
BBX 5 15 3 -3
BITMAP
C0
C0
C0
C0
C0
60
30
18
78
C8
C0
C0
C0
C0
C0
ENDCHAR
STARTCHAR E34E
ENCODING 58190
SWIDTH 500 0
DWIDTH 8 0
BBX 8 5 0 4
BITMAP
18
18
38
6C
C7
ENDCHAR
STARTCHAR E34F
ENCODING 58191
SWIDTH 500 0
DWIDTH 8 0
BBX 8 5 0 0
BITMAP
C7
6C
38
18
18
ENDCHAR
STARTCHAR E350
ENCODING 58192
SWIDTH 500 0
DWIDTH 8 0
BBX 8 15 0 -3
BITMAP
70
D8
70
00
38
6C
38
03
0C
0C
18
18
18
18
18
ENDCHAR
STARTCHAR E351
ENCODING 58193
SWIDTH 500 0
DWIDTH 8 0
BBX 8 15 0 -3
BITMAP
0E
1B
0E
00
1C
36
1C
C0
30
30
18
18
18
18
18
ENDCHAR
STARTCHAR E352
ENCODING 58194
SWIDTH 500 0
DWIDTH 8 0
BBX 8 15 0 -3
BITMAP
18
18
18
18
18
0C
0C
03
38
6C
38
00
70
D8
70
ENDCHAR
STARTCHAR E353
ENCODING 58195
SWIDTH 500 0
DWIDTH 8 0
BBX 8 15 0 -3
BITMAP
18
18
18
18
18
30
30
C0
1C
36
1C
00
0E
1B
0E
ENDCHAR
STARTCHAR E360
ENCODING 58208
SWIDTH 500 0
DWIDTH 8 0
BBX 8 14 0 -3
BITMAP
3C
4A
95
99
99
81
42
3C
00
F0
C0
F0
30
E0
ENDCHAR
STARTCHAR E361
ENCODING 58209
SWIDTH 500 0
DWIDTH 8 0
BBX 8 14 0 -3
BITMAP
3C
4A
95
99
99
81
42
3C
00
E0
30
60
30
E0
ENDCHAR
STARTCHAR E362
ENCODING 58210
SWIDTH 500 0
DWIDTH 8 0
BBX 8 14 0 -3
BITMAP
3C
4A
95
99
99
81
42
3C
00
44
AA
88
AA
44
ENDCHAR
STARTCHAR E363
ENCODING 58211
SWIDTH 500 0
DWIDTH 8 0
BBX 8 14 0 -3
BITMAP
3C
7E
FF
E7
E7
FF
7E
3C
00
F0
30
60
60
60
ENDCHAR
STARTCHAR E364
ENCODING 58212
SWIDTH 500 0
DWIDTH 8 0
BBX 8 14 0 -3
BITMAP
3C
7E
FF
E7
E7
FF
7E
3C
00
70
D8
70
D8
70
ENDCHAR
STARTCHAR E365
ENCODING 58213
SWIDTH 500 0
DWIDTH 8 0
BBX 9 14 -1 -3
BITMAP
1E00
3F00
7F80
7380
7380
7F80
3F00
1E00
0000
6700
ED80
6D80
6D80
6700
ENDCHAR
STARTCHAR E366
ENCODING 58214
SWIDTH 500 0
DWIDTH 8 0
BBX 8 14 0 -3
BITMAP
3C
7E
FF
E7
E7
FF
7E
3C
00
6E
E3
66
6C
6F
ENDCHAR
STARTCHAR E367
ENCODING 58215
SWIDTH 500 0
DWIDTH 8 0
BBX 8 13 0 -3
BITMAP
FF
81
A5
81
BD
FF
00
18
3C
66
7E
66
66
ENDCHAR
STARTCHAR E368
ENCODING 58216
SWIDTH 500 0
DWIDTH 8 0
BBX 8 13 0 -3
BITMAP
FF
FF
99
BD
99
FF
00
66
66
66
66
3C
18
ENDCHAR
STARTCHAR E369
ENCODING 58217
SWIDTH 500 0
DWIDTH 8 0
BBX 10 14 -1 -3
BITMAP
1E00
2500
4A80
4C80
4C80
4080
2100
1E00
0000
F3C0
DB00
DBC0
D8C0
F380
ENDCHAR
STARTCHAR E36A
ENCODING 58218
SWIDTH 500 0
DWIDTH 8 0
BBX 10 14 -1 -3
BITMAP
1E00
2500
4A80
4C80
4C80
4080
2100
1E00
0000
F380
D8C0
D980
D8C0
F380
ENDCHAR
STARTCHAR E36B
ENCODING 58219
SWIDTH 500 0
DWIDTH 8 0
BBX 8 14 0 -3
BITMAP
D3
C3
FF
E7
E7
FF
FF
00
3C
66
60
60
66
3C
ENDCHAR
STARTCHAR E36C
ENCODING 58220
SWIDTH 500 0
DWIDTH 8 0
BBX 8 14 0 -3
BITMAP
60
90
98
7C
1E
0E
02
01
61
61
60
60
60
7C
ENDCHAR
STARTCHAR E36D
ENCODING 58221
SWIDTH 500 0
DWIDTH 8 0
BBX 6 15 1 -3
BITMAP
78
CC
CC
18
30
00
30
30
00
CC
CC
CC
CC
CC
78
ENDCHAR
STARTCHAR E36F
ENCODING 58223
SWIDTH 0 0
DWIDTH 0 0
BBX 4 3 -1 9
BITMAP
F0
30
30
ENDCHAR
STARTCHAR E370
ENCODING 58224
SWIDTH 500 0
DWIDTH 8 0
BBX 6 16 1 -3
BITMAP
30
30
30
30
30
30
30
78
CC
CC
78
30
30
30
30
30
ENDCHAR
STARTCHAR E371
ENCODING 58225
SWIDTH 500 0
DWIDTH 8 0
BBX 8 12 0 -2
BITMAP
18
3C
3C
DB
FF
7E
FF
DB
08
08
08
10
ENDCHAR
STARTCHAR E372
ENCODING 58226
SWIDTH 500 0
DWIDTH 8 0
BBX 10 12 0 0
BITMAP
5280
AD40
AD40
5680
0400
0400
FF00
FF00
8900
8900
FF00
FF00
ENDCHAR
STARTCHAR E373
ENCODING 58227
SWIDTH 500 0
DWIDTH 8 0
BBX 8 10 0 0
BITMAP
44
28
10
FF
D7
EB
D7
EB
FF
42
ENDCHAR
STARTCHAR E380
ENCODING 58240
SWIDTH 500 0
DWIDTH 8 0
BBX 6 11 1 0
BITMAP
78
0C
7C
CC
7C
00
30
30
FC
30
30
ENDCHAR
STARTCHAR E381
ENCODING 58241
SWIDTH 500 0
DWIDTH 8 0
BBX 6 11 1 0
BITMAP
78
CC
C0
CC
78
00
30
30
FC
30
30
ENDCHAR
STARTCHAR E382
ENCODING 58242
SWIDTH 500 0
DWIDTH 8 0
BBX 7 11 1 0
BITMAP
78
6C
78
68
64
00
18
0C
FE
0C
18
ENDCHAR
STARTCHAR E383
ENCODING 58243
SWIDTH 500 0
DWIDTH 8 0
BBX 6 11 1 0
BITMAP
38
60
78
18
70
00
30
30
FC
30
30
ENDCHAR
STARTCHAR E384
ENCODING 58244
SWIDTH 500 0
DWIDTH 8 0
BBX 8 11 0 0
BITMAP
DB
DB
DB
66
66
00
18
18
7E
18
18
ENDCHAR
STARTCHAR E385
ENCODING 58245
SWIDTH 500 0
DWIDTH 8 0
BBX 3 9 3 -1
BITMAP
60
C0
C0
C0
C0
C0
C0
C0
60
ENDCHAR
STARTCHAR E386
ENCODING 58246
SWIDTH 500 0
DWIDTH 8 0
BBX 7 9 1 -1
BITMAP
C6
6C
6C
6C
6C
6C
6C
6C
C6
ENDCHAR
STARTCHAR E387
ENCODING 58247
SWIDTH 500 0
DWIDTH 8 0
BBX 3 9 2 -1
BITMAP
C0
60
60
60
60
60
60
60
C0
ENDCHAR
STARTCHAR E388
ENCODING 58248
SWIDTH 500 0
DWIDTH 8 0
BBX 5 12 2 -3
BITMAP
78
C0
C0
E0
D0
E0
D0
D0
E0
C0
C0
78
ENDCHAR
STARTCHAR E389
ENCODING 58249
SWIDTH 500 0
DWIDTH 8 0
BBX 5 12 1 -3
BITMAP
F0
18
18
38
58
38
58
58
38
18
18
F0
ENDCHAR
STARTCHAR E38A
ENCODING 58250
SWIDTH 500 0
DWIDTH 8 0
BBX 5 12 2 -3
BITMAP
78
D0
D0
D0
F8
C8
C8
F8
D0
D0
D0
78
ENDCHAR
STARTCHAR E38B
ENCODING 58251
SWIDTH 500 0
DWIDTH 8 0
BBX 5 12 1 -3
BITMAP
F0
58
58
58
F8
98
98
F8
58
58
58
F0
ENDCHAR
STARTCHAR E38C
ENCODING 58252
SWIDTH 500 0
DWIDTH 8 0
BBX 6 14 1 -3
BITMAP
3C
68
68
78
68
68
F8
F8
68
68
78
68
68
3C
ENDCHAR
STARTCHAR E38D
ENCODING 58253
SWIDTH 500 0
DWIDTH 8 0
BBX 6 14 1 -3
BITMAP
F0
58
58
78
58
58
7C
7C
58
58
78
58
58
F0
ENDCHAR
STARTCHAR E470
ENCODING 58480
SWIDTH 500 0
DWIDTH 8 0
BBX 5 8 0 0
BITMAP
18
18
18
18
18
18
F8
F0
ENDCHAR
STARTCHAR E471
ENCODING 58481
SWIDTH 500 0
DWIDTH 8 0
BBX 7 6 0 0
BITMAP
3C
7E
66
66
FE
BC
ENDCHAR
STARTCHAR E472
ENCODING 58482
SWIDTH 500 0
DWIDTH 8 0
BBX 7 8 0 0
BITMAP
66
66
3C
3C
18
18
F8
F0
ENDCHAR
STARTCHAR E473
ENCODING 58483
SWIDTH 500 0
DWIDTH 8 0
BBX 7 6 0 0
BITMAP
18
18
3C
3C
E6
E6
ENDCHAR
STARTCHAR E474
ENCODING 58484
SWIDTH 500 0
DWIDTH 8 0
BBX 7 6 0 0
BITMAP
66
66
66
66
FE
DC
ENDCHAR
STARTCHAR E475
ENCODING 58485
SWIDTH 500 0
DWIDTH 8 0
BBX 7 6 0 0
BITMAP
7E
7E
06
06
FE
FC
ENDCHAR
STARTCHAR E476
ENCODING 58486
SWIDTH 500 0
DWIDTH 8 0
BBX 7 8 0 0
BITMAP
3C
7E
66
7E
3C
18
F8
F0
ENDCHAR
STARTCHAR E477
ENCODING 58487
SWIDTH 500 0
DWIDTH 8 0
BBX 7 8 0 0
BITMAP
18
30
38
18
00
00
FE
FE
ENDCHAR
STARTCHAR E478
ENCODING 58488
SWIDTH 500 0
DWIDTH 8 0
BBX 8 9 0 0
BITMAP
30
78
68
7F
3F
0B
03
FF
FE
ENDCHAR
STARTCHAR E479
ENCODING 58489
SWIDTH 500 0
DWIDTH 8 0
BBX 6 8 0 0
BITMAP
3C
3C
30
3C
3C
30
F0
E0
ENDCHAR
STARTCHAR E47A
ENCODING 58490
SWIDTH 500 0
DWIDTH 8 0
BBX 6 8 0 0
BITMAP
3C
3C
0C
3C
3C
0C
FC
F8
ENDCHAR
STARTCHAR E47B
ENCODING 58491
SWIDTH 500 0
DWIDTH 8 0
BBX 7 8 0 0
BITMAP
60
60
7C
7E
66
66
FE
FC
ENDCHAR
STARTCHAR E47C
ENCODING 58492
SWIDTH 500 0
DWIDTH 8 0
BBX 7 8 0 0
BITMAP
7E
7E
30
18
18
0C
FC
F8
ENDCHAR
STARTCHAR E47D
ENCODING 58493
SWIDTH 500 0
DWIDTH 8 0
BBX 6 8 0 0
BITMAP
0C
1C
3C
6C
4C
0C
FC
F8
ENDCHAR
STARTCHAR E47E
ENCODING 58494
SWIDTH 500 0
DWIDTH 8 0
BBX 8 6 0 0
BITMAP
36
7F
6B
6B
FF
FF
ENDCHAR
STARTCHAR E47F
ENCODING 58495
SWIDTH 500 0
DWIDTH 8 0
BBX 6 8 0 0
BITMAP
18
18
3C
18
18
18
F8
F0
ENDCHAR
STARTCHAR E480
ENCODING 58496
SWIDTH 500 0
DWIDTH 8 0
BBX 8 8 0 0
BITMAP
36
36
7F
36
36
36
FE
EC
ENDCHAR
STARTCHAR E481
ENCODING 58497
SWIDTH 500 0
DWIDTH 8 0
BBX 7 6 0 0
BITMAP
3E
7E
66
66
FE
FC
ENDCHAR
STARTCHAR E482
ENCODING 58498
SWIDTH 500 0
DWIDTH 8 0
BBX 7 8 0 0
BITMAP
7E
7E
66
24
3C
18
F8
F0
ENDCHAR
STARTCHAR E483
ENCODING 58499
SWIDTH 500 0
DWIDTH 8 0
BBX 8 8 0 0
BITMAP
06
0F
0F
3E
6C
6C
FC
F8
ENDCHAR
STARTCHAR E484
ENCODING 58500
SWIDTH 500 0
DWIDTH 8 0
BBX 7 8 0 0
BITMAP
66
66
7E
66
66
06
FE
FC
ENDCHAR
STARTCHAR E485
ENCODING 58501
SWIDTH 500 0
DWIDTH 8 0
BBX 7 8 0 0
BITMAP
38
7C
4C
7E
3E
0C
FC
F8
ENDCHAR
STARTCHAR E486
ENCODING 58502
SWIDTH 500 0
DWIDTH 8 0
BBX 7 8 0 0
BITMAP
7E
18
18
18
18
18
F8
F0
ENDCHAR
STARTCHAR E487
ENCODING 58503
SWIDTH 500 0
DWIDTH 8 0
BBX 7 8 0 0
BITMAP
18
18
3C
3C
24
66
FE
FE
ENDCHAR
STARTCHAR E488
ENCODING 58504
SWIDTH 500 0
DWIDTH 8 0
BBX 7 9 0 0
BITMAP
78
78
18
3C
66
7E
3C
F8
F0
ENDCHAR
STARTCHAR E489
ENCODING 58505
SWIDTH 500 0
DWIDTH 8 0
BBX 7 8 0 0
BITMAP
3E
7E
66
66
06
06
FE
FC
ENDCHAR
STARTCHAR E48A
ENCODING 58506
SWIDTH 500 0
DWIDTH 8 0
BBX 7 8 0 0
BITMAP
60
7E
7E
66
66
06
FE
FC
ENDCHAR
STARTCHAR E48B
ENCODING 58507
SWIDTH 500 0
DWIDTH 8 0
BBX 7 8 0 0
BITMAP
3E
3E
06
3E
7E
66
FE
BE
ENDCHAR
STARTCHAR E48C
ENCODING 58508
SWIDTH 500 0
DWIDTH 8 0
BBX 7 8 0 0
BITMAP
18
18
3C
66
7E
3C
F8
F0
ENDCHAR
STARTCHAR E48D
ENCODING 58509
SWIDTH 500 0
DWIDTH 8 0
BBX 7 9 0 0
BITMAP
7E
7E
18
3C
66
7E
3C
F8
F0
ENDCHAR
STARTCHAR E490
ENCODING 58512
SWIDTH 500 0
DWIDTH 8 0
BBX 5 8 3 0
BITMAP
C0
C0
C0
C0
C0
C0
F8
B8
ENDCHAR
STARTCHAR E491
ENCODING 58513
SWIDTH 500 0
DWIDTH 8 0
BBX 7 6 1 0
BITMAP
78
FC
CC
CC
FE
7A
ENDCHAR
STARTCHAR E492
ENCODING 58514
SWIDTH 500 0
DWIDTH 8 0
BBX 7 8 1 0
BITMAP
CC
CC
78
78
30
30
3E
2E
ENDCHAR
STARTCHAR E493
ENCODING 58515
SWIDTH 500 0
DWIDTH 8 0
BBX 7 6 1 0
BITMAP
30
30
78
78
CE
CE
ENDCHAR
STARTCHAR E494
ENCODING 58516
SWIDTH 500 0
DWIDTH 8 0
BBX 7 6 1 0
BITMAP
CC
CC
CC
CC
FE
BA
ENDCHAR
STARTCHAR E495
ENCODING 58517
SWIDTH 500 0
DWIDTH 8 0
BBX 7 6 1 0
BITMAP
FC
FC
0C
0C
FE
FA
ENDCHAR
STARTCHAR E496
ENCODING 58518
SWIDTH 500 0
DWIDTH 8 0
BBX 7 8 1 0
BITMAP
78
FC
CC
FC
78
30
3E
2E
ENDCHAR
STARTCHAR E497
ENCODING 58519
SWIDTH 500 0
DWIDTH 8 0
BBX 7 8 1 0
BITMAP
30
60
70
30
00
00
FE
FE
ENDCHAR
STARTCHAR E498
ENCODING 58520
SWIDTH 500 0
DWIDTH 8 0
BBX 7 9 1 0
BITMAP
60
F0
D0
FE
7E
16
06
06
04
ENDCHAR
STARTCHAR E499
ENCODING 58521
SWIDTH 500 0
DWIDTH 8 0
BBX 6 8 2 0
BITMAP
F0
F0
C0
F0
F0
C0
FC
BC
ENDCHAR
STARTCHAR E49A
ENCODING 58522
SWIDTH 500 0
DWIDTH 8 0
BBX 6 8 2 0
BITMAP
F0
F0
30
F0
F0
30
3C
2C
ENDCHAR
STARTCHAR E49B
ENCODING 58523
SWIDTH 500 0
DWIDTH 8 0
BBX 7 8 1 0
BITMAP
C0
C0
F8
FC
CC
CC
FE
FA
ENDCHAR
STARTCHAR E49C
ENCODING 58524
SWIDTH 500 0
DWIDTH 8 0
BBX 7 8 1 0
BITMAP
FC
FC
60
30
30
18
1E
16
ENDCHAR
STARTCHAR E49D
ENCODING 58525
SWIDTH 500 0
DWIDTH 8 0
BBX 7 8 1 0
BITMAP
18
38
78
D8
98
18
1E
16
ENDCHAR
STARTCHAR E49E
ENCODING 58526
SWIDTH 500 0
DWIDTH 8 0
BBX 7 6 1 0
BITMAP
6C
FE
D6
D6
FE
FC
ENDCHAR
STARTCHAR E49F
ENCODING 58527
SWIDTH 500 0
DWIDTH 8 0
BBX 6 8 2 0
BITMAP
60
60
F0
60
60
60
7C
5C
ENDCHAR
STARTCHAR E4A0
ENCODING 58528
SWIDTH 500 0
DWIDTH 8 0
BBX 7 8 1 0
BITMAP
6C
6C
FE
6C
6C
6C
7E
5A
ENDCHAR
STARTCHAR E4A1
ENCODING 58529
SWIDTH 500 0
DWIDTH 8 0
BBX 7 6 1 0
BITMAP
7C
FC
CC
CC
FE
FA
ENDCHAR
STARTCHAR E4A2
ENCODING 58530
SWIDTH 500 0
DWIDTH 8 0
BBX 7 8 1 0
BITMAP
FC
FC
CC
48
78
30
3E
1E
ENDCHAR
STARTCHAR E4A3
ENCODING 58531
SWIDTH 500 0
DWIDTH 8 0
BBX 7 8 1 0
BITMAP
0C
1E
1E
7C
D8
D8
FE
F6
ENDCHAR
STARTCHAR E4A4
ENCODING 58532
SWIDTH 500 0
DWIDTH 8 0
BBX 7 8 1 0
BITMAP
CC
CC
FC
CC
CC
0C
0E
0A
ENDCHAR
STARTCHAR E4A5
ENCODING 58533
SWIDTH 500 0
DWIDTH 8 0
BBX 7 8 1 0
BITMAP
70
F8
98
FC
7C
18
1E
16
ENDCHAR
STARTCHAR E4A6
ENCODING 58534
SWIDTH 500 0
DWIDTH 8 0
BBX 7 8 1 0
BITMAP
FC
30
30
30
30
30
3E
2E
ENDCHAR
STARTCHAR E4A7
ENCODING 58535
SWIDTH 500 0
DWIDTH 8 0
BBX 7 8 1 0
BITMAP
30
30
78
78
48
CC
FE
FE
ENDCHAR
STARTCHAR E4A8
ENCODING 58536
SWIDTH 500 0
DWIDTH 8 0
BBX 7 9 1 0
BITMAP
F0
F0
30
78
CC
FC
78
3E
2E
ENDCHAR
STARTCHAR E4A9
ENCODING 58537
SWIDTH 500 0
DWIDTH 8 0
BBX 7 8 1 0
BITMAP
7C
FC
CC
CC
0C
0C
0E
0A
ENDCHAR
STARTCHAR E4AA
ENCODING 58538
SWIDTH 500 0
DWIDTH 8 0
BBX 7 8 1 0
BITMAP
C0
FC
FC
CC
CC
0C
0E
0A
ENDCHAR
STARTCHAR E4AB
ENCODING 58539
SWIDTH 500 0
DWIDTH 8 0
BBX 7 8 1 0
BITMAP
7C
7C
0C
7C
FC
CC
FE
7A
ENDCHAR
STARTCHAR E4AC
ENCODING 58540
SWIDTH 500 0
DWIDTH 8 0
BBX 7 8 1 0
BITMAP
30
30
78
CC
FC
78
3E
2E
ENDCHAR
STARTCHAR E4AD
ENCODING 58541
SWIDTH 500 0
DWIDTH 8 0
BBX 7 9 1 0
BITMAP
FC
FC
30
78
CC
FC
78
3E
2E
ENDCHAR
STARTCHAR E4B0
ENCODING 58544
SWIDTH 500 0
DWIDTH 8 0
BBX 8 8 0 0
BITMAP
18
18
18
18
18
18
FF
F7
ENDCHAR
STARTCHAR E4B1
ENCODING 58545
SWIDTH 500 0
DWIDTH 8 0
BBX 8 6 0 0
BITMAP
3C
7E
66
66
FF
BD
ENDCHAR
STARTCHAR E4B2
ENCODING 58546
SWIDTH 500 0
DWIDTH 8 0
BBX 8 8 0 0
BITMAP
66
66
3C
3C
18
18
FF
F7
ENDCHAR
STARTCHAR E4B3
ENCODING 58547
SWIDTH 500 0
DWIDTH 8 0
BBX 8 6 0 0
BITMAP
18
18
3C
3C
E7
E7
ENDCHAR
STARTCHAR E4B4
ENCODING 58548
SWIDTH 500 0
DWIDTH 8 0
BBX 8 6 0 0
BITMAP
66
66
66
66
FF
DD
ENDCHAR
STARTCHAR E4B5
ENCODING 58549
SWIDTH 500 0
DWIDTH 8 0
BBX 8 6 0 0
BITMAP
7E
7E
06
06
FF
FD
ENDCHAR
STARTCHAR E4B6
ENCODING 58550
SWIDTH 500 0
DWIDTH 8 0
BBX 8 8 0 0
BITMAP
3C
7E
66
7E
3C
18
FF
F7
ENDCHAR
STARTCHAR E4B7
ENCODING 58551
SWIDTH 500 0
DWIDTH 8 0
BBX 8 8 0 0
BITMAP
18
30
38
18
00
00
FF
FF
ENDCHAR
STARTCHAR E4B9
ENCODING 58553
SWIDTH 500 0
DWIDTH 8 0
BBX 8 8 0 0
BITMAP
3C
3C
30
3C
3C
30
FF
EF
ENDCHAR
STARTCHAR E4BA
ENCODING 58554
SWIDTH 500 0
DWIDTH 8 0
BBX 8 8 0 0
BITMAP
3C
3C
0C
3C
3C
0C
FF
FB
ENDCHAR
STARTCHAR E4BB
ENCODING 58555
SWIDTH 500 0
DWIDTH 8 0
BBX 8 8 0 0
BITMAP
60
60
7C
7E
66
66
FF
FD
ENDCHAR
STARTCHAR E4BC
ENCODING 58556
SWIDTH 500 0
DWIDTH 8 0
BBX 8 8 0 0
BITMAP
7E
7E
30
18
18
0C
FF
FB
ENDCHAR
STARTCHAR E4BD
ENCODING 58557
SWIDTH 500 0
DWIDTH 8 0
BBX 8 8 0 0
BITMAP
0C
1C
3C
6C
4C
0C
FF
FB
ENDCHAR
STARTCHAR E4BE
ENCODING 58558
SWIDTH 500 0
DWIDTH 8 0
BBX 8 6 0 0
BITMAP
36
7F
6B
6B
FF
FE
ENDCHAR
STARTCHAR E4BF
ENCODING 58559
SWIDTH 500 0
DWIDTH 8 0
BBX 8 8 0 0
BITMAP
18
18
3C
18
18
18
FF
F7
ENDCHAR
STARTCHAR E4C0
ENCODING 58560
SWIDTH 500 0
DWIDTH 8 0
BBX 8 8 0 0
BITMAP
36
36
7F
36
36
36
FF
ED
ENDCHAR
STARTCHAR E4C1
ENCODING 58561
SWIDTH 500 0
DWIDTH 8 0
BBX 8 6 0 0
BITMAP
3E
7E
66
66
FF
FD
ENDCHAR
STARTCHAR E4C2
ENCODING 58562
SWIDTH 500 0
DWIDTH 8 0
BBX 8 8 0 0
BITMAP
7E
7E
66
24
3C
18
FF
EF
ENDCHAR
STARTCHAR E4C3
ENCODING 58563
SWIDTH 500 0
DWIDTH 8 0
BBX 8 8 0 0
BITMAP
06
0D
0D
3E
6C
6C
FF
FB
ENDCHAR
STARTCHAR E4C4
ENCODING 58564
SWIDTH 500 0
DWIDTH 8 0
BBX 8 8 0 0
BITMAP
66
66
7E
66
66
06
FF
FD
ENDCHAR
STARTCHAR E4C5
ENCODING 58565
SWIDTH 500 0
DWIDTH 8 0
BBX 8 8 0 0
BITMAP
38
7C
4C
7E
3E
0C
FF
FB
ENDCHAR
STARTCHAR E4C6
ENCODING 58566
SWIDTH 500 0
DWIDTH 8 0
BBX 8 8 0 0
BITMAP
7E
18
18
18
18
18
FF
F7
ENDCHAR
STARTCHAR E4C7
ENCODING 58567
SWIDTH 500 0
DWIDTH 8 0
BBX 8 8 0 0
BITMAP
18
18
3C
3C
24
66
FF
FF
ENDCHAR
STARTCHAR E4C8
ENCODING 58568
SWIDTH 500 0
DWIDTH 8 0
BBX 8 9 0 0
BITMAP
78
78
18
3C
66
7E
3C
FF
F7
ENDCHAR
STARTCHAR E4C9
ENCODING 58569
SWIDTH 500 0
DWIDTH 8 0
BBX 8 8 0 0
BITMAP
3E
7E
66
66
06
06
FF
FD
ENDCHAR
STARTCHAR E4CA
ENCODING 58570
SWIDTH 500 0
DWIDTH 8 0
BBX 8 8 0 0
BITMAP
60
7E
7E
66
66
06
FF
FD
ENDCHAR
STARTCHAR E4CB
ENCODING 58571
SWIDTH 500 0
DWIDTH 8 0
BBX 8 8 0 0
BITMAP
3E
3E
06
3E
7E
66
FF
BD
ENDCHAR
STARTCHAR E4CC
ENCODING 58572
SWIDTH 500 0
DWIDTH 8 0
BBX 8 8 0 0
BITMAP
18
18
3C
66
7E
3C
FF
F7
ENDCHAR
STARTCHAR E4CD
ENCODING 58573
SWIDTH 500 0
DWIDTH 8 0
BBX 8 9 0 0
BITMAP
7E
7E
18
3C
66
7E
3C
FF
F7
ENDCHAR
STARTCHAR E9B0
ENCODING 59824
SWIDTH 500 0
DWIDTH 8 0
BBX 7 11 1 0
BITMAP
E0
30
60
C0
F0
00
60
E0
60
66
66
ENDCHAR
STARTCHAR E9B1
ENCODING 59825
SWIDTH 500 0
DWIDTH 8 0
BBX 7 11 1 0
BITMAP
E0
30
60
C0
F0
00
E0
30
60
C6
F6
ENDCHAR
STARTCHAR E9B2
ENCODING 59826
SWIDTH 500 0
DWIDTH 8 0
BBX 7 11 1 0
BITMAP
E0
30
60
C0
F0
00
E0
30
60
36
E6
ENDCHAR
STARTCHAR E9B3
ENCODING 59827
SWIDTH 500 0
DWIDTH 8 0
BBX 8 11 0 0
BITMAP
70
18
30
60
78
00
38
78
D8
FB
1B
ENDCHAR
STARTCHAR E9B4
ENCODING 59828
SWIDTH 500 0
DWIDTH 8 0
BBX 7 11 1 0
BITMAP
E0
30
60
C0
F0
00
F0
C0
F0
36
E6
ENDCHAR
STARTCHAR E9B5
ENCODING 59829
SWIDTH 500 0
DWIDTH 8 0
BBX 8 11 0 0
BITMAP
70
18
30
60
78
00
70
C0
F0
DB
73
ENDCHAR
STARTCHAR E9B6
ENCODING 59830
SWIDTH 500 0
DWIDTH 8 0
BBX 7 11 1 0
BITMAP
E0
30
60
C0
F0
00
F0
30
60
66
66
ENDCHAR
STARTCHAR E9B7
ENCODING 59831
SWIDTH 500 0
DWIDTH 8 0
BBX 8 11 0 0
BITMAP
70
18
30
60
78
00
70
D8
70
DB
73
ENDCHAR
STARTCHAR E9B8
ENCODING 59832
SWIDTH 500 0
DWIDTH 8 0
BBX 8 11 0 0
BITMAP
70
18
30
60
78
00
70
D8
78
1B
73
ENDCHAR
STARTCHAR E9B9
ENCODING 59833
SWIDTH 500 0
DWIDTH 8 0
BBX 8 11 0 0
BITMAP
70
18
30
18
70
00
70
D8
F8
DB
73
ENDCHAR
STARTCHAR E9BA
ENCODING 59834
SWIDTH 500 0
DWIDTH 8 0
BBX 7 11 1 0
BITMAP
E0
30
60
30
E0
00
60
E0
60
66
66
ENDCHAR
STARTCHAR E9BB
ENCODING 59835
SWIDTH 500 0
DWIDTH 8 0
BBX 7 11 1 0
BITMAP
E0
30
60
30
E0
00
E0
30
60
C6
F6
ENDCHAR
STARTCHAR E9BC
ENCODING 59836
SWIDTH 500 0
DWIDTH 8 0
BBX 7 11 1 0
BITMAP
E0
30
60
30
E0
00
E0
30
60
36
E6
ENDCHAR
STARTCHAR E9BD
ENCODING 59837
SWIDTH 500 0
DWIDTH 8 0
BBX 8 11 0 0
BITMAP
70
18
30
18
70
00
38
78
D8
FB
1B
ENDCHAR
STARTCHAR E9BE
ENCODING 59838
SWIDTH 500 0
DWIDTH 8 0
BBX 7 11 1 0
BITMAP
E0
30
60
30
E0
00
F0
C0
F0
36
E6
ENDCHAR
STARTCHAR E9BF
ENCODING 59839
SWIDTH 500 0
DWIDTH 8 0
BBX 8 11 0 0
BITMAP
70
18
30
18
70
00
70
C0
F0
DB
73
ENDCHAR
STARTCHAR E9C0
ENCODING 59840
SWIDTH 500 0
DWIDTH 8 0
BBX 7 11 1 0
BITMAP
E0
30
60
30
E0
00
F0
30
60
66
66
ENDCHAR
STARTCHAR E9C1
ENCODING 59841
SWIDTH 500 0
DWIDTH 8 0
BBX 8 11 0 0
BITMAP
70
18
30
18
70
00
70
D8
70
DB
73
ENDCHAR
STARTCHAR E9C2
ENCODING 59842
SWIDTH 500 0
DWIDTH 8 0
BBX 8 11 0 0
BITMAP
70
18
30
18
70
00
70
D8
78
1B
73
ENDCHAR
STARTCHAR E9C3
ENCODING 59843
SWIDTH 500 0
DWIDTH 8 0
BBX 8 11 0 0
BITMAP
38
78
D8
F8
18
00
70
D8
F8
DB
73
ENDCHAR
STARTCHAR E9C4
ENCODING 59844
SWIDTH 500 0
DWIDTH 8 0
BBX 8 11 0 0
BITMAP
38
78
D8
F8
18
00
30
70
30
33
33
ENDCHAR
STARTCHAR E9C5
ENCODING 59845
SWIDTH 500 0
DWIDTH 8 0
BBX 8 11 0 0
BITMAP
38
78
D8
F8
18
00
70
18
30
63
7B
ENDCHAR
STARTCHAR E9C6
ENCODING 59846
SWIDTH 500 0
DWIDTH 8 0
BBX 8 11 0 0
BITMAP
38
78
D8
F8
18
00
70
18
30
1B
73
ENDCHAR
STARTCHAR E9C7
ENCODING 59847
SWIDTH 500 0
DWIDTH 8 0
BBX 8 11 0 0
BITMAP
38
78
D8
F8
18
00
38
78
D8
FB
1B
ENDCHAR
STARTCHAR E9C8
ENCODING 59848
SWIDTH 500 0
DWIDTH 8 0
BBX 8 11 0 0
BITMAP
38
78
D8
F8
18
00
78
60
78
1B
73
ENDCHAR
STARTCHAR E9C9
ENCODING 59849
SWIDTH 500 0
DWIDTH 8 0
BBX 8 11 0 0
BITMAP
38
78
D8
F8
18
00
70
C0
F0
DB
73
ENDCHAR
STARTCHAR E9CA
ENCODING 59850
SWIDTH 500 0
DWIDTH 8 0
BBX 8 11 0 0
BITMAP
38
78
D8
F8
18
00
78
18
30
33
33
ENDCHAR
STARTCHAR E9CB
ENCODING 59851
SWIDTH 500 0
DWIDTH 8 0
BBX 8 11 0 0
BITMAP
38
78
D8
F8
18
00
70
D8
70
DB
73
ENDCHAR
STARTCHAR E9CC
ENCODING 59852
SWIDTH 500 0
DWIDTH 8 0
BBX 8 11 0 0
BITMAP
38
78
D8
F8
18
00
70
D8
78
1B
73
ENDCHAR
STARTCHAR E9CD
ENCODING 59853
SWIDTH 500 0
DWIDTH 8 0
BBX 8 11 0 0
BITMAP
78
60
78
18
70
00
70
D8
F8
DB
73
ENDCHAR
STARTCHAR E9CE
ENCODING 59854
SWIDTH 500 0
DWIDTH 8 0
BBX 7 11 1 0
BITMAP
F0
C0
F0
30
E0
00
60
E0
60
66
66
ENDCHAR
STARTCHAR E9CF
ENCODING 59855
SWIDTH 500 0
DWIDTH 8 0
BBX 7 11 1 0
BITMAP
F0
C0
F0
30
E0
00
E0
30
60
C6
F6
ENDCHAR
STARTCHAR E9D0
ENCODING 59856
SWIDTH 500 0
DWIDTH 8 0
BBX 7 11 1 0
BITMAP
F0
C0
F0
30
E0
00
E0
30
60
36
E6
ENDCHAR
STARTCHAR E9D1
ENCODING 59857
SWIDTH 500 0
DWIDTH 8 0
BBX 8 11 0 0
BITMAP
78
60
78
18
70
00
38
78
D8
FB
1B
ENDCHAR
STARTCHAR E9D2
ENCODING 59858
SWIDTH 500 0
DWIDTH 8 0
BBX 7 11 1 0
BITMAP
F0
C0
F0
30
E0
00
F0
C0
F0
36
E6
ENDCHAR
STARTCHAR E9D3
ENCODING 59859
SWIDTH 500 0
DWIDTH 8 0
BBX 8 11 0 0
BITMAP
78
60
78
18
70
00
70
C0
F0
DB
73
ENDCHAR
STARTCHAR E9D4
ENCODING 59860
SWIDTH 500 0
DWIDTH 8 0
BBX 7 11 1 0
BITMAP
F0
C0
F0
30
E0
00
F0
30
60
66
66
ENDCHAR
STARTCHAR E9D5
ENCODING 59861
SWIDTH 500 0
DWIDTH 8 0
BBX 8 11 0 0
BITMAP
78
60
78
18
70
00
70
D8
70
DB
73
ENDCHAR
STARTCHAR E9D6
ENCODING 59862
SWIDTH 500 0
DWIDTH 8 0
BBX 8 11 0 0
BITMAP
78
60
78
18
70
00
70
D8
78
1B
73
ENDCHAR
STARTCHAR E9D7
ENCODING 59863
SWIDTH 500 0
DWIDTH 8 0
BBX 8 11 0 0
BITMAP
78
60
78
18
70
00
70
D8
F8
DB
73
ENDCHAR
STARTCHAR E9D8
ENCODING 59864
SWIDTH 500 0
DWIDTH 8 0
BBX 8 11 0 0
BITMAP
70
C0
F0
D8
70
00
30
70
30
33
33
ENDCHAR
STARTCHAR E9D9
ENCODING 59865
SWIDTH 500 0
DWIDTH 8 0
BBX 8 11 0 0
BITMAP
70
C0
F0
D8
70
00
70
18
30
63
7B
ENDCHAR
STARTCHAR E9DA
ENCODING 59866
SWIDTH 500 0
DWIDTH 8 0
BBX 8 11 0 0
BITMAP
70
C0
F0
D8
70
00
70
18
30
1B
73
ENDCHAR
STARTCHAR E9DB
ENCODING 59867
SWIDTH 500 0
DWIDTH 8 0
BBX 8 11 0 0
BITMAP
70
C0
F0
D8
70
00
38
78
D8
FB
1B
ENDCHAR
STARTCHAR E9DC
ENCODING 59868
SWIDTH 500 0
DWIDTH 8 0
BBX 8 11 0 0
BITMAP
70
C0
F0
D8
70
00
78
60
78
1B
73
ENDCHAR
STARTCHAR E9DD
ENCODING 59869
SWIDTH 500 0
DWIDTH 8 0
BBX 8 11 0 0
BITMAP
70
C0
F0
D8
70
00
70
C0
F0
DB
73
ENDCHAR
STARTCHAR E9DE
ENCODING 59870
SWIDTH 500 0
DWIDTH 8 0
BBX 8 11 0 0
BITMAP
70
C0
F0
D8
70
00
78
18
30
33
33
ENDCHAR
STARTCHAR E9DF
ENCODING 59871
SWIDTH 500 0
DWIDTH 8 0
BBX 8 11 0 0
BITMAP
70
C0
F0
D8
70
00
70
D8
70
DB
73
ENDCHAR
STARTCHAR E9E0
ENCODING 59872
SWIDTH 500 0
DWIDTH 8 0
BBX 8 11 0 0
BITMAP
70
C0
F0
D8
70
00
70
D8
78
1B
73
ENDCHAR
STARTCHAR E9E1
ENCODING 59873
SWIDTH 500 0
DWIDTH 8 0
BBX 8 11 0 0
BITMAP
78
18
30
30
30
00
70
D8
F8
DB
73
ENDCHAR
STARTCHAR E9E2
ENCODING 59874
SWIDTH 500 0
DWIDTH 8 0
BBX 7 11 1 0
BITMAP
F0
30
60
60
60
00
60
E0
60
66
66
ENDCHAR
STARTCHAR E9E3
ENCODING 59875
SWIDTH 500 0
DWIDTH 8 0
BBX 7 11 1 0
BITMAP
F0
30
60
60
60
00
E0
30
60
C6
F6
ENDCHAR
STARTCHAR E9E4
ENCODING 59876
SWIDTH 500 0
DWIDTH 8 0
BBX 7 11 1 0
BITMAP
F0
30
60
60
60
00
E0
30
60
36
E6
ENDCHAR
STARTCHAR E9E5
ENCODING 59877
SWIDTH 500 0
DWIDTH 8 0
BBX 8 11 0 0
BITMAP
78
18
30
30
30
00
38
78
D8
FB
1B
ENDCHAR
STARTCHAR E9E6
ENCODING 59878
SWIDTH 500 0
DWIDTH 8 0
BBX 7 11 1 0
BITMAP
F0
30
60
60
60
00
F0
C0
F0
36
E6
ENDCHAR
STARTCHAR E9E7
ENCODING 59879
SWIDTH 500 0
DWIDTH 8 0
BBX 8 11 0 0
BITMAP
78
18
30
30
30
00
70
C0
F0
DB
73
ENDCHAR
STARTCHAR E9E8
ENCODING 59880
SWIDTH 500 0
DWIDTH 8 0
BBX 7 11 1 0
BITMAP
F0
30
60
60
60
00
F0
30
60
66
66
ENDCHAR
STARTCHAR E9E9
ENCODING 59881
SWIDTH 500 0
DWIDTH 8 0
BBX 8 11 0 0
BITMAP
78
18
30
30
30
00
70
D8
70
DB
73
ENDCHAR
STARTCHAR E9EA
ENCODING 59882
SWIDTH 500 0
DWIDTH 8 0
BBX 8 11 0 0
BITMAP
78
18
30
30
30
00
70
D8
78
1B
73
ENDCHAR
STARTCHAR E9EB
ENCODING 59883
SWIDTH 500 0
DWIDTH 8 0
BBX 8 11 0 0
BITMAP
70
D8
70
D8
70
00
70
D8
F8
DB
73
ENDCHAR
STARTCHAR E9EC
ENCODING 59884
SWIDTH 500 0
DWIDTH 8 0
BBX 8 11 0 0
BITMAP
70
D8
70
D8
70
00
30
70
30
33
33
ENDCHAR
STARTCHAR E9ED
ENCODING 59885
SWIDTH 500 0
DWIDTH 8 0
BBX 8 11 0 0
BITMAP
70
D8
70
D8
70
00
70
18
30
63
7B
ENDCHAR
STARTCHAR E9EE
ENCODING 59886
SWIDTH 500 0
DWIDTH 8 0
BBX 8 11 0 0
BITMAP
70
D8
70
D8
70
00
70
18
30
1B
73
ENDCHAR
STARTCHAR E9EF
ENCODING 59887
SWIDTH 500 0
DWIDTH 8 0
BBX 8 11 0 0
BITMAP
70
D8
70
D8
70
00
38
78
D8
FB
1B
ENDCHAR
STARTCHAR E9F0
ENCODING 59888
SWIDTH 500 0
DWIDTH 8 0
BBX 8 11 0 0
BITMAP
70
D8
70
D8
70
00
78
60
78
1B
73
ENDCHAR
STARTCHAR E9F1
ENCODING 59889
SWIDTH 500 0
DWIDTH 8 0
BBX 8 11 0 0
BITMAP
70
D8
70
D8
70
00
70
C0
F0
DB
73
ENDCHAR
STARTCHAR E9F2
ENCODING 59890
SWIDTH 500 0
DWIDTH 8 0
BBX 8 11 0 0
BITMAP
70
D8
70
D8
70
00
78
18
30
33
33
ENDCHAR
STARTCHAR E9F3
ENCODING 59891
SWIDTH 500 0
DWIDTH 8 0
BBX 8 11 0 0
BITMAP
70
D8
70
D8
70
00
70
D8
70
DB
73
ENDCHAR
STARTCHAR E9F4
ENCODING 59892
SWIDTH 500 0
DWIDTH 8 0
BBX 8 11 0 0
BITMAP
70
D8
70
D8
70
00
70
D8
78
1B
73
ENDCHAR
STARTCHAR E9F5
ENCODING 59893
SWIDTH 500 0
DWIDTH 8 0
BBX 8 11 0 0
BITMAP
70
D8
78
18
70
00
70
D8
F8
DB
73
ENDCHAR
STARTCHAR E9F6
ENCODING 59894
SWIDTH 500 0
DWIDTH 8 0
BBX 8 11 0 0
BITMAP
70
D8
78
18
70
00
30
70
30
33
33
ENDCHAR
STARTCHAR E9F7
ENCODING 59895
SWIDTH 500 0
DWIDTH 8 0
BBX 8 11 0 0
BITMAP
70
D8
78
18
70
00
70
18
30
63
7B
ENDCHAR
STARTCHAR E9F8
ENCODING 59896
SWIDTH 500 0
DWIDTH 8 0
BBX 8 11 0 0
BITMAP
70
D8
78
18
70
00
70
18
30
1B
73
ENDCHAR
STARTCHAR E9F9
ENCODING 59897
SWIDTH 500 0
DWIDTH 8 0
BBX 8 11 0 0
BITMAP
70
D8
78
18
70
00
38
78
D8
FB
1B
ENDCHAR
STARTCHAR E9FA
ENCODING 59898
SWIDTH 500 0
DWIDTH 8 0
BBX 8 11 0 0
BITMAP
70
D8
78
18
70
00
78
60
78
1B
73
ENDCHAR
STARTCHAR E9FB
ENCODING 59899
SWIDTH 500 0
DWIDTH 8 0
BBX 8 11 0 0
BITMAP
70
D8
78
18
70
00
70
C0
F0
DB
73
ENDCHAR
STARTCHAR E9FC
ENCODING 59900
SWIDTH 500 0
DWIDTH 8 0
BBX 8 11 0 0
BITMAP
70
D8
78
18
70
00
78
18
30
33
33
ENDCHAR
STARTCHAR E9FD
ENCODING 59901
SWIDTH 500 0
DWIDTH 8 0
BBX 8 11 0 0
BITMAP
70
D8
78
18
70
00
70
D8
70
DB
73
ENDCHAR
STARTCHAR E9FE
ENCODING 59902
SWIDTH 500 0
DWIDTH 8 0
BBX 8 11 0 0
BITMAP
70
D8
78
18
70
00
70
D8
78
1B
73
ENDCHAR
STARTCHAR E9FF
ENCODING 59903
SWIDTH 500 0
DWIDTH 8 0
BBX 8 5 0 0
BITMAP
70
D8
F8
DB
73
ENDCHAR
STARTCHAR EA00
ENCODING 59904
SWIDTH 0 0
DWIDTH 0 0
BBX 1 1 -8 11
BITMAP
80
ENDCHAR
STARTCHAR EA01
ENCODING 59905
SWIDTH 0 0
DWIDTH 0 0
BBX 1 1 -7 11
BITMAP
80
ENDCHAR
STARTCHAR EA02
ENCODING 59906
SWIDTH 0 0
DWIDTH 0 0
BBX 1 1 -6 11
BITMAP
80
ENDCHAR
STARTCHAR EA03
ENCODING 59907
SWIDTH 0 0
DWIDTH 0 0
BBX 1 1 -5 11
BITMAP
80
ENDCHAR
STARTCHAR EA04
ENCODING 59908
SWIDTH 0 0
DWIDTH 0 0
BBX 1 1 -4 11
BITMAP
80
ENDCHAR
STARTCHAR EA05
ENCODING 59909
SWIDTH 0 0
DWIDTH 0 0
BBX 1 1 -3 11
BITMAP
80
ENDCHAR
STARTCHAR EA06
ENCODING 59910
SWIDTH 0 0
DWIDTH 0 0
BBX 1 1 -2 11
BITMAP
80
ENDCHAR
STARTCHAR EA07
ENCODING 59911
SWIDTH 0 0
DWIDTH 0 0
BBX 1 1 -1 11
BITMAP
80
ENDCHAR
STARTCHAR EA08
ENCODING 59912
SWIDTH 0 0
DWIDTH 0 0
BBX 1 1 -8 10
BITMAP
80
ENDCHAR
STARTCHAR EA09
ENCODING 59913
SWIDTH 0 0
DWIDTH 0 0
BBX 1 1 -7 10
BITMAP
80
ENDCHAR
STARTCHAR EA0A
ENCODING 59914
SWIDTH 0 0
DWIDTH 0 0
BBX 1 1 -6 10
BITMAP
80
ENDCHAR
STARTCHAR EA0B
ENCODING 59915
SWIDTH 0 0
DWIDTH 0 0
BBX 1 1 -5 10
BITMAP
80
ENDCHAR
STARTCHAR EA0C
ENCODING 59916
SWIDTH 0 0
DWIDTH 0 0
BBX 1 1 -4 10
BITMAP
80
ENDCHAR
STARTCHAR EA0D
ENCODING 59917
SWIDTH 0 0
DWIDTH 0 0
BBX 1 1 -3 10
BITMAP
80
ENDCHAR
STARTCHAR EA0E
ENCODING 59918
SWIDTH 0 0
DWIDTH 0 0
BBX 1 1 -2 10
BITMAP
80
ENDCHAR
STARTCHAR EA0F
ENCODING 59919
SWIDTH 0 0
DWIDTH 0 0
BBX 1 1 -1 10
BITMAP
80
ENDCHAR
STARTCHAR EA10
ENCODING 59920
SWIDTH 0 0
DWIDTH 0 0
BBX 1 1 -8 9
BITMAP
80
ENDCHAR
STARTCHAR EA11
ENCODING 59921
SWIDTH 0 0
DWIDTH 0 0
BBX 1 1 -7 9
BITMAP
80
ENDCHAR
STARTCHAR EA12
ENCODING 59922
SWIDTH 0 0
DWIDTH 0 0
BBX 1 1 -6 9
BITMAP
80
ENDCHAR
STARTCHAR EA13
ENCODING 59923
SWIDTH 0 0
DWIDTH 0 0
BBX 1 1 -5 9
BITMAP
80
ENDCHAR
STARTCHAR EA14
ENCODING 59924
SWIDTH 0 0
DWIDTH 0 0
BBX 1 1 -4 9
BITMAP
80
ENDCHAR
STARTCHAR EA15
ENCODING 59925
SWIDTH 0 0
DWIDTH 0 0
BBX 1 1 -3 9
BITMAP
80
ENDCHAR
STARTCHAR EA16
ENCODING 59926
SWIDTH 0 0
DWIDTH 0 0
BBX 1 1 -2 9
BITMAP
80
ENDCHAR
STARTCHAR EA17
ENCODING 59927
SWIDTH 0 0
DWIDTH 0 0
BBX 1 1 -1 9
BITMAP
80
ENDCHAR
STARTCHAR EA18
ENCODING 59928
SWIDTH 0 0
DWIDTH 0 0
BBX 1 1 -8 8
BITMAP
80
ENDCHAR
STARTCHAR EA19
ENCODING 59929
SWIDTH 0 0
DWIDTH 0 0
BBX 1 1 -7 8
BITMAP
80
ENDCHAR
STARTCHAR EA1A
ENCODING 59930
SWIDTH 0 0
DWIDTH 0 0
BBX 1 1 -6 8
BITMAP
80
ENDCHAR
STARTCHAR EA1B
ENCODING 59931
SWIDTH 0 0
DWIDTH 0 0
BBX 1 1 -5 8
BITMAP
80
ENDCHAR
STARTCHAR EA1C
ENCODING 59932
SWIDTH 0 0
DWIDTH 0 0
BBX 1 1 -4 8
BITMAP
80
ENDCHAR
STARTCHAR EA1D
ENCODING 59933
SWIDTH 0 0
DWIDTH 0 0
BBX 1 1 -3 8
BITMAP
80
ENDCHAR
STARTCHAR EA1E
ENCODING 59934
SWIDTH 0 0
DWIDTH 0 0
BBX 1 1 -2 8
BITMAP
80
ENDCHAR
STARTCHAR EA1F
ENCODING 59935
SWIDTH 0 0
DWIDTH 0 0
BBX 1 1 -1 8
BITMAP
80
ENDCHAR
STARTCHAR EA20
ENCODING 59936
SWIDTH 0 0
DWIDTH 0 0
BBX 1 1 -8 7
BITMAP
80
ENDCHAR
STARTCHAR EA21
ENCODING 59937
SWIDTH 0 0
DWIDTH 0 0
BBX 1 1 -7 7
BITMAP
80
ENDCHAR
STARTCHAR EA22
ENCODING 59938
SWIDTH 0 0
DWIDTH 0 0
BBX 1 1 -6 7
BITMAP
80
ENDCHAR
STARTCHAR EA23
ENCODING 59939
SWIDTH 0 0
DWIDTH 0 0
BBX 1 1 -5 7
BITMAP
80
ENDCHAR
STARTCHAR EA24
ENCODING 59940
SWIDTH 0 0
DWIDTH 0 0
BBX 1 1 -4 7
BITMAP
80
ENDCHAR
STARTCHAR EA25
ENCODING 59941
SWIDTH 0 0
DWIDTH 0 0
BBX 1 1 -3 7
BITMAP
80
ENDCHAR
STARTCHAR EA26
ENCODING 59942
SWIDTH 0 0
DWIDTH 0 0
BBX 1 1 -2 7
BITMAP
80
ENDCHAR
STARTCHAR EA27
ENCODING 59943
SWIDTH 0 0
DWIDTH 0 0
BBX 1 1 -1 7
BITMAP
80
ENDCHAR
STARTCHAR EA28
ENCODING 59944
SWIDTH 0 0
DWIDTH 0 0
BBX 1 1 -8 6
BITMAP
80
ENDCHAR
STARTCHAR EA29
ENCODING 59945
SWIDTH 0 0
DWIDTH 0 0
BBX 1 1 -7 6
BITMAP
80
ENDCHAR
STARTCHAR EA2A
ENCODING 59946
SWIDTH 0 0
DWIDTH 0 0
BBX 1 1 -6 6
BITMAP
80
ENDCHAR
STARTCHAR EA2B
ENCODING 59947
SWIDTH 0 0
DWIDTH 0 0
BBX 1 1 -5 6
BITMAP
80
ENDCHAR
STARTCHAR EA2C
ENCODING 59948
SWIDTH 0 0
DWIDTH 0 0
BBX 1 1 -4 6
BITMAP
80
ENDCHAR
STARTCHAR EA2D
ENCODING 59949
SWIDTH 0 0
DWIDTH 0 0
BBX 1 1 -3 6
BITMAP
80
ENDCHAR
STARTCHAR EA2E
ENCODING 59950
SWIDTH 0 0
DWIDTH 0 0
BBX 1 1 -2 6
BITMAP
80
ENDCHAR
STARTCHAR EA2F
ENCODING 59951
SWIDTH 0 0
DWIDTH 0 0
BBX 1 1 -1 6
BITMAP
80
ENDCHAR
STARTCHAR EA30
ENCODING 59952
SWIDTH 0 0
DWIDTH 0 0
BBX 1 1 -8 5
BITMAP
80
ENDCHAR
STARTCHAR EA31
ENCODING 59953
SWIDTH 0 0
DWIDTH 0 0
BBX 1 1 -7 5
BITMAP
80
ENDCHAR
STARTCHAR EA32
ENCODING 59954
SWIDTH 0 0
DWIDTH 0 0
BBX 1 1 -6 5
BITMAP
80
ENDCHAR
STARTCHAR EA33
ENCODING 59955
SWIDTH 0 0
DWIDTH 0 0
BBX 1 1 -5 5
BITMAP
80
ENDCHAR
STARTCHAR EA34
ENCODING 59956
SWIDTH 0 0
DWIDTH 0 0
BBX 1 1 -4 5
BITMAP
80
ENDCHAR
STARTCHAR EA35
ENCODING 59957
SWIDTH 0 0
DWIDTH 0 0
BBX 1 1 -3 5
BITMAP
80
ENDCHAR
STARTCHAR EA36
ENCODING 59958
SWIDTH 0 0
DWIDTH 0 0
BBX 1 1 -2 5
BITMAP
80
ENDCHAR
STARTCHAR EA37
ENCODING 59959
SWIDTH 0 0
DWIDTH 0 0
BBX 1 1 -1 5
BITMAP
80
ENDCHAR
STARTCHAR EA38
ENCODING 59960
SWIDTH 0 0
DWIDTH 0 0
BBX 1 1 -8 4
BITMAP
80
ENDCHAR
STARTCHAR EA39
ENCODING 59961
SWIDTH 0 0
DWIDTH 0 0
BBX 1 1 -7 4
BITMAP
80
ENDCHAR
STARTCHAR EA3A
ENCODING 59962
SWIDTH 0 0
DWIDTH 0 0
BBX 1 1 -6 4
BITMAP
80
ENDCHAR
STARTCHAR EA3B
ENCODING 59963
SWIDTH 0 0
DWIDTH 0 0
BBX 1 1 -5 4
BITMAP
80
ENDCHAR
STARTCHAR EA3C
ENCODING 59964
SWIDTH 0 0
DWIDTH 0 0
BBX 1 1 -4 4
BITMAP
80
ENDCHAR
STARTCHAR EA3D
ENCODING 59965
SWIDTH 0 0
DWIDTH 0 0
BBX 1 1 -3 4
BITMAP
80
ENDCHAR
STARTCHAR EA3E
ENCODING 59966
SWIDTH 0 0
DWIDTH 0 0
BBX 1 1 -2 4
BITMAP
80
ENDCHAR
STARTCHAR EA3F
ENCODING 59967
SWIDTH 0 0
DWIDTH 0 0
BBX 1 1 -1 4
BITMAP
80
ENDCHAR
STARTCHAR EA40
ENCODING 59968
SWIDTH 0 0
DWIDTH 0 0
BBX 1 1 -8 3
BITMAP
80
ENDCHAR
STARTCHAR EA41
ENCODING 59969
SWIDTH 0 0
DWIDTH 0 0
BBX 1 1 -7 3
BITMAP
80
ENDCHAR
STARTCHAR EA42
ENCODING 59970
SWIDTH 0 0
DWIDTH 0 0
BBX 1 1 -6 3
BITMAP
80
ENDCHAR
STARTCHAR EA43
ENCODING 59971
SWIDTH 0 0
DWIDTH 0 0
BBX 1 1 -5 3
BITMAP
80
ENDCHAR
STARTCHAR EA44
ENCODING 59972
SWIDTH 0 0
DWIDTH 0 0
BBX 1 1 -4 3
BITMAP
80
ENDCHAR
STARTCHAR EA45
ENCODING 59973
SWIDTH 0 0
DWIDTH 0 0
BBX 1 1 -3 3
BITMAP
80
ENDCHAR
STARTCHAR EA46
ENCODING 59974
SWIDTH 0 0
DWIDTH 0 0
BBX 1 1 -2 3
BITMAP
80
ENDCHAR
STARTCHAR EA47
ENCODING 59975
SWIDTH 0 0
DWIDTH 0 0
BBX 1 1 -1 3
BITMAP
80
ENDCHAR
STARTCHAR EA48
ENCODING 59976
SWIDTH 0 0
DWIDTH 0 0
BBX 1 1 -8 2
BITMAP
80
ENDCHAR
STARTCHAR EA49
ENCODING 59977
SWIDTH 0 0
DWIDTH 0 0
BBX 1 1 -7 2
BITMAP
80
ENDCHAR
STARTCHAR EA4A
ENCODING 59978
SWIDTH 0 0
DWIDTH 0 0
BBX 1 1 -6 2
BITMAP
80
ENDCHAR
STARTCHAR EA4B
ENCODING 59979
SWIDTH 0 0
DWIDTH 0 0
BBX 1 1 -5 2
BITMAP
80
ENDCHAR
STARTCHAR EA4C
ENCODING 59980
SWIDTH 0 0
DWIDTH 0 0
BBX 1 1 -4 2
BITMAP
80
ENDCHAR
STARTCHAR EA4D
ENCODING 59981
SWIDTH 0 0
DWIDTH 0 0
BBX 1 1 -3 2
BITMAP
80
ENDCHAR
STARTCHAR EA4E
ENCODING 59982
SWIDTH 0 0
DWIDTH 0 0
BBX 1 1 -2 2
BITMAP
80
ENDCHAR
STARTCHAR EA4F
ENCODING 59983
SWIDTH 0 0
DWIDTH 0 0
BBX 1 1 -1 2
BITMAP
80
ENDCHAR
STARTCHAR EA50
ENCODING 59984
SWIDTH 0 0
DWIDTH 0 0
BBX 1 1 -8 1
BITMAP
80
ENDCHAR
STARTCHAR EA51
ENCODING 59985
SWIDTH 0 0
DWIDTH 0 0
BBX 1 1 -7 1
BITMAP
80
ENDCHAR
STARTCHAR EA52
ENCODING 59986
SWIDTH 0 0
DWIDTH 0 0
BBX 1 1 -6 1
BITMAP
80
ENDCHAR
STARTCHAR EA53
ENCODING 59987
SWIDTH 0 0
DWIDTH 0 0
BBX 1 1 -5 1
BITMAP
80
ENDCHAR
STARTCHAR EA54
ENCODING 59988
SWIDTH 0 0
DWIDTH 0 0
BBX 1 1 -4 1
BITMAP
80
ENDCHAR
STARTCHAR EA55
ENCODING 59989
SWIDTH 0 0
DWIDTH 0 0
BBX 1 1 -3 1
BITMAP
80
ENDCHAR
STARTCHAR EA56
ENCODING 59990
SWIDTH 0 0
DWIDTH 0 0
BBX 1 1 -2 1
BITMAP
80
ENDCHAR
STARTCHAR EA57
ENCODING 59991
SWIDTH 0 0
DWIDTH 0 0
BBX 1 1 -1 1
BITMAP
80
ENDCHAR
STARTCHAR EA58
ENCODING 59992
SWIDTH 0 0
DWIDTH 0 0
BBX 1 1 -8 0
BITMAP
80
ENDCHAR
STARTCHAR EA59
ENCODING 59993
SWIDTH 0 0
DWIDTH 0 0
BBX 1 1 -7 0
BITMAP
80
ENDCHAR
STARTCHAR EA5A
ENCODING 59994
SWIDTH 0 0
DWIDTH 0 0
BBX 1 1 -6 0
BITMAP
80
ENDCHAR
STARTCHAR EA5B
ENCODING 59995
SWIDTH 0 0
DWIDTH 0 0
BBX 1 1 -5 0
BITMAP
80
ENDCHAR
STARTCHAR EA5C
ENCODING 59996
SWIDTH 0 0
DWIDTH 0 0
BBX 1 1 -4 0
BITMAP
80
ENDCHAR
STARTCHAR EA5D
ENCODING 59997
SWIDTH 0 0
DWIDTH 0 0
BBX 1 1 -3 0
BITMAP
80
ENDCHAR
STARTCHAR EA5E
ENCODING 59998
SWIDTH 0 0
DWIDTH 0 0
BBX 1 1 -2 0
BITMAP
80
ENDCHAR
STARTCHAR EA5F
ENCODING 59999
SWIDTH 0 0
DWIDTH 0 0
BBX 1 1 -1 0
BITMAP
80
ENDCHAR
STARTCHAR EA60
ENCODING 60000
SWIDTH 0 0
DWIDTH 0 0
BBX 1 1 -8 -1
BITMAP
80
ENDCHAR
STARTCHAR EA61
ENCODING 60001
SWIDTH 0 0
DWIDTH 0 0
BBX 1 1 -7 -1
BITMAP
80
ENDCHAR
STARTCHAR EA62
ENCODING 60002
SWIDTH 0 0
DWIDTH 0 0
BBX 1 1 -6 -1
BITMAP
80
ENDCHAR
STARTCHAR EA63
ENCODING 60003
SWIDTH 0 0
DWIDTH 0 0
BBX 1 1 -5 -1
BITMAP
80
ENDCHAR
STARTCHAR EA64
ENCODING 60004
SWIDTH 0 0
DWIDTH 0 0
BBX 1 1 -4 -1
BITMAP
80
ENDCHAR
STARTCHAR EA65
ENCODING 60005
SWIDTH 0 0
DWIDTH 0 0
BBX 1 1 -3 -1
BITMAP
80
ENDCHAR
STARTCHAR EA66
ENCODING 60006
SWIDTH 0 0
DWIDTH 0 0
BBX 1 1 -2 -1
BITMAP
80
ENDCHAR
STARTCHAR EA67
ENCODING 60007
SWIDTH 0 0
DWIDTH 0 0
BBX 1 1 -1 -1
BITMAP
80
ENDCHAR
STARTCHAR EA68
ENCODING 60008
SWIDTH 0 0
DWIDTH 0 0
BBX 1 1 -8 -2
BITMAP
80
ENDCHAR
STARTCHAR EA69
ENCODING 60009
SWIDTH 0 0
DWIDTH 0 0
BBX 1 1 -7 -2
BITMAP
80
ENDCHAR
STARTCHAR EA6A
ENCODING 60010
SWIDTH 0 0
DWIDTH 0 0
BBX 1 1 -6 -2
BITMAP
80
ENDCHAR
STARTCHAR EA6B
ENCODING 60011
SWIDTH 0 0
DWIDTH 0 0
BBX 1 1 -5 -2
BITMAP
80
ENDCHAR
STARTCHAR EA6C
ENCODING 60012
SWIDTH 0 0
DWIDTH 0 0
BBX 1 1 -4 -2
BITMAP
80
ENDCHAR
STARTCHAR EA6D
ENCODING 60013
SWIDTH 0 0
DWIDTH 0 0
BBX 1 1 -3 -2
BITMAP
80
ENDCHAR
STARTCHAR EA6E
ENCODING 60014
SWIDTH 0 0
DWIDTH 0 0
BBX 1 1 -2 -2
BITMAP
80
ENDCHAR
STARTCHAR EA6F
ENCODING 60015
SWIDTH 0 0
DWIDTH 0 0
BBX 1 1 -1 -2
BITMAP
80
ENDCHAR
STARTCHAR EA70
ENCODING 60016
SWIDTH 0 0
DWIDTH 0 0
BBX 1 1 -8 -3
BITMAP
80
ENDCHAR
STARTCHAR EA71
ENCODING 60017
SWIDTH 0 0
DWIDTH 0 0
BBX 1 1 -7 -3
BITMAP
80
ENDCHAR
STARTCHAR EA72
ENCODING 60018
SWIDTH 0 0
DWIDTH 0 0
BBX 1 1 -6 -3
BITMAP
80
ENDCHAR
STARTCHAR EA73
ENCODING 60019
SWIDTH 0 0
DWIDTH 0 0
BBX 1 1 -5 -3
BITMAP
80
ENDCHAR
STARTCHAR EA74
ENCODING 60020
SWIDTH 0 0
DWIDTH 0 0
BBX 1 1 -4 -3
BITMAP
80
ENDCHAR
STARTCHAR EA75
ENCODING 60021
SWIDTH 0 0
DWIDTH 0 0
BBX 1 1 -3 -3
BITMAP
80
ENDCHAR
STARTCHAR EA76
ENCODING 60022
SWIDTH 0 0
DWIDTH 0 0
BBX 1 1 -2 -3
BITMAP
80
ENDCHAR
STARTCHAR EA77
ENCODING 60023
SWIDTH 0 0
DWIDTH 0 0
BBX 1 1 -1 -3
BITMAP
80
ENDCHAR
STARTCHAR EA80
ENCODING 60032
SWIDTH 500 0
DWIDTH 8 0
BBX 5 8 3 0
BITMAP
90
00
10
00
90
00
20
08
ENDCHAR
STARTCHAR EA81
ENCODING 60033
SWIDTH 500 0
DWIDTH 8 0
BBX 8 9 0 0
BITMAP
2A
85
2A
92
25
95
25
49
15
ENDCHAR
STARTCHAR EA82
ENCODING 60034
SWIDTH 500 0
DWIDTH 8 0
BBX 8 9 0 0
BITMAP
AE
5B
AD
B6
5B
56
6D
56
5B
ENDCHAR
STARTCHAR EA83
ENCODING 60035
SWIDTH 500 0
DWIDTH 8 0
BBX 8 9 0 0
BITMAP
F6
5F
FB
AE
FF
AB
FF
AD
FF
ENDCHAR
STARTCHAR EA84
ENCODING 60036
SWIDTH 500 0
DWIDTH 8 0
BBX 8 9 0 0
BITMAP
FF
FF
FF
DF
FF
FF
BF
FF
FF
ENDCHAR
STARTCHAR EA85
ENCODING 60037
SWIDTH 500 0
DWIDTH 8 0
BBX 8 9 0 0
BITMAP
FF
FF
FF
FF
FF
FF
FF
FF
FF
ENDCHAR
STARTCHAR EA86
ENCODING 60038
SWIDTH 500 0
DWIDTH 8 0
BBX 8 9 0 0
BITMAP
FF
FF
FD
FF
FF
FB
FF
FF
FF
ENDCHAR
STARTCHAR EA87
ENCODING 60039
SWIDTH 500 0
DWIDTH 8 0
BBX 8 9 0 0
BITMAP
FF
B5
FF
D5
FF
75
DF
FA
6F
ENDCHAR
STARTCHAR EA88
ENCODING 60040
SWIDTH 500 0
DWIDTH 8 0
BBX 8 9 0 0
BITMAP
DA
6A
B6
6A
DA
6D
B5
DA
75
ENDCHAR
STARTCHAR EA89
ENCODING 60041
SWIDTH 500 0
DWIDTH 8 0
BBX 8 9 0 0
BITMAP
A8
92
A4
A9
A4
49
54
A1
54
ENDCHAR
STARTCHAR EA8A
ENCODING 60042
SWIDTH 500 0
DWIDTH 8 0
BBX 5 8 0 0
BITMAP
80
20
00
48
00
40
00
48
ENDCHAR
STARTCHAR EA9F
ENCODING 60063
SWIDTH 500 0
DWIDTH 8 0
BBX 8 11 0 -2
BITMAP
FF
FF
E7
C3
99
99
81
99
99
FF
FF
ENDCHAR
STARTCHAR EAA0
ENCODING 60064
SWIDTH 500 0
DWIDTH 8 0
BBX 8 15 0 -3
BITMAP
FF
FF
FF
FF
FF
FF
FF
FF
FF
FF
FF
FF
FE
FD
FE
ENDCHAR
STARTCHAR EAA1
ENCODING 60065
SWIDTH 500 0
DWIDTH 8 0
BBX 8 15 0 -3
BITMAP
FF
FF
FF
FE
FC
F9
F1
E6
E0
89
92
25
A6
48
95
ENDCHAR
STARTCHAR EAA2
ENCODING 60066
SWIDTH 500 0
DWIDTH 8 0
BBX 8 15 0 -3
BITMAP
E5
9C
58
50
A0
A0
40
80
01
00
12
04
00
14
08
ENDCHAR
STARTCHAR EAA3
ENCODING 60067
SWIDTH 500 0
DWIDTH 8 0
BBX 3 3 5 -3
BITMAP
40
A0
40
ENDCHAR
STARTCHAR EAA4
ENCODING 60068
SWIDTH 500 0
DWIDTH 8 0
BBX 8 14 0 -3
BITMAP
50
40
90
00
01
02
05
05
1B
0A
BB
85
56
A9
ENDCHAR
STARTCHAR EAA5
ENCODING 60069
SWIDTH 500 0
DWIDTH 8 0
BBX 8 12 0 -3
BITMAP
40
A0
40
A1
C4
43
80
81
80
40
40
20
ENDCHAR
STARTCHAR EAA6
ENCODING 60070
SWIDTH 500 0
DWIDTH 8 0
BBX 7 14 1 -2
BITMAP
02
14
00
00
00
00
80
80
40
00
52
04
02
04
ENDCHAR
STARTCHAR EAA7
ENCODING 60071
SWIDTH 500 0
DWIDTH 8 0
BBX 7 15 1 -3
BITMAP
40
00
00
00
00
00
00
00
00
20
94
28
AA
A0
10
ENDCHAR
STARTCHAR EAA8
ENCODING 60072
SWIDTH 500 0
DWIDTH 8 0
BBX 5 8 1 4
BITMAP
30
60
18
60
10
00
00
80
ENDCHAR
STARTCHAR EAA9
ENCODING 60073
SWIDTH 500 0
DWIDTH 8 0
BBX 7 6 1 6
BITMAP
44
92
48
02
00
04
ENDCHAR
STARTCHAR EAAA
ENCODING 60074
SWIDTH 500 0
DWIDTH 8 0
BBX 8 11 0 -2
BITMAP
FF
FF
83
99
99
83
99
99
83
FF
FF
ENDCHAR
STARTCHAR EAAB
ENCODING 60075
SWIDTH 500 0
DWIDTH 8 0
BBX 8 15 0 -3
BITMAP
F9
FC
F1
EA
EA
EB
D4
53
86
D1
AE
A7
DC
75
FA
ENDCHAR
STARTCHAR EAAC
ENCODING 60076
SWIDTH 500 0
DWIDTH 8 0
BBX 8 15 0 -3
BITMAP
11
4C
91
94
29
54
51
54
49
20
8A
20
4A
D0
A0
ENDCHAR
STARTCHAR EAAD
ENCODING 60077
SWIDTH 500 0
DWIDTH 8 0
BBX 8 15 0 -3
BITMAP
20
14
20
89
20
80
10
44
11
4A
15
04
7B
0A
57
ENDCHAR
STARTCHAR EAAE
ENCODING 60078
SWIDTH 500 0
DWIDTH 8 0
BBX 8 15 0 -3
BITMAP
0A
02
09
04
15
01
00
02
54
A9
46
B5
55
D7
BD
ENDCHAR
STARTCHAR EAAF
ENCODING 60079
SWIDTH 500 0
DWIDTH 8 0
BBX 8 15 0 -3
BITMAP
A9
B2
4D
A2
48
24
40
00
00
40
00
A0
40
50
A4
ENDCHAR
STARTCHAR EAB0
ENCODING 60080
SWIDTH 500 0
DWIDTH 8 0
BBX 8 7 0 5
BITMAP
02
5A
ED
54
A1
00
01
ENDCHAR
STARTCHAR EAB1
ENCODING 60081
SWIDTH 500 0
DWIDTH 8 0
BBX 8 13 0 -1
BITMAP
AB
A4
51
14
00
40
00
02
07
02
0E
03
05
ENDCHAR
STARTCHAR EAB2
ENCODING 60082
SWIDTH 500 0
DWIDTH 8 0
BBX 8 15 0 -3
BITMAP
50
EF
45
21
00
02
BD
E4
F1
FC
FC
EE
7C
5E
A4
ENDCHAR
STARTCHAR EAB3
ENCODING 60083
SWIDTH 500 0
DWIDTH 8 0
BBX 8 14 0 -3
BITMAP
80
51
C0
8B
20
08
A2
2B
01
0A
02
0A
0A
BD
ENDCHAR
STARTCHAR EAB4
ENCODING 60084
SWIDTH 500 0
DWIDTH 8 0
BBX 8 13 0 -3
BITMAP
41
A8
62
A9
A6
71
46
D5
AA
AB
AA
55
22
ENDCHAR
STARTCHAR EAB5
ENCODING 60085
SWIDTH 500 0
DWIDTH 8 0
BBX 8 11 0 -2
BITMAP
FF
FF
C3
99
99
9F
99
99
C3
FF
FF
ENDCHAR
STARTCHAR EAB6
ENCODING 60086
SWIDTH 500 0
DWIDTH 8 0
BBX 8 15 0 -3
BITMAP
75
EB
6E
D8
6E
D9
AA
B0
E0
00
DA
37
EE
FC
FA
ENDCHAR
STARTCHAR EAB7
ENCODING 60087
SWIDTH 500 0
DWIDTH 8 0
BBX 8 15 0 -3
BITMAP
91
20
85
22
84
09
0A
32
0A
EA
AF
3A
DB
F6
FE
ENDCHAR
STARTCHAR EAB8
ENCODING 60088
SWIDTH 500 0
DWIDTH 8 0
BBX 8 15 0 -3
BITMAP
2A
5A
75
CA
A5
1A
A5
BA
AB
DE
6B
D5
55
AB
AD
ENDCHAR
STARTCHAR EAB9
ENCODING 60089
SWIDTH 500 0
DWIDTH 8 0
BBX 8 15 0 -3
BITMAP
D6
BF
4B
97
54
B7
59
07
DB
7F
A7
6F
7F
FE
FE
ENDCHAR
STARTCHAR EABA
ENCODING 60090
SWIDTH 500 0
DWIDTH 8 0
BBX 8 15 0 -3
BITMAP
F1
D4
F9
EE
FB
7F
DF
7F
FF
FF
FF
FF
7F
FF
DE
ENDCHAR
STARTCHAR EABB
ENCODING 60091
SWIDTH 500 0
DWIDTH 8 0
BBX 8 14 0 -3
BITMAP
40
00
A0
54
B8
FC
F0
FC
FA
FF
FF
FF
FF
BF
ENDCHAR
STARTCHAR EABC
ENCODING 60092
SWIDTH 500 0
DWIDTH 8 0
BBX 8 13 0 -3
BITMAP
05
02
02
07
01
0B
05
13
4A
A2
E8
D1
F8
ENDCHAR
STARTCHAR EABD
ENCODING 60093
SWIDTH 500 0
DWIDTH 8 0
BBX 8 15 0 -3
BITMAP
2A
0A
05
82
82
41
E0
50
F8
AE
F5
88
C0
00
81
ENDCHAR
STARTCHAR EABE
ENCODING 60094
SWIDTH 500 0
DWIDTH 8 0
BBX 7 15 0 -3
BITMAP
4A
B2
5A
AC
A0
50
00
00
00
80
20
00
00
08
24
ENDCHAR
STARTCHAR EABF
ENCODING 60095
SWIDTH 500 0
DWIDTH 8 0
BBX 8 15 0 -3
BITMAP
09
22
11
41
00
10
00
40
10
00
48
02
AA
0A
AA
ENDCHAR
STARTCHAR EAC0
ENCODING 60096
SWIDTH 500 0
DWIDTH 8 0
BBX 8 11 0 -2
BITMAP
FF
FF
83
99
99
99
99
99
83
FF
FF
ENDCHAR
STARTCHAR EAC1
ENCODING 60097
SWIDTH 500 0
DWIDTH 8 0
BBX 8 15 0 -3
BITMAP
F9
F5
F5
F9
F3
F9
F3
FB
F7
FB
FF
FB
FE
FE
FE
ENDCHAR
STARTCHAR EAC2
ENCODING 60098
SWIDTH 500 0
DWIDTH 8 0
BBX 8 15 0 -3
BITMAP
B5
DD
F0
FA
C0
D2
A1
82
25
93
06
15
4F
89
97
ENDCHAR
STARTCHAR EAC3
ENCODING 60099
SWIDTH 500 0
DWIDTH 8 0
BBX 8 15 0 -3
BITMAP
3F
5F
BF
7F
FF
FF
FF
FF
DF
FF
FF
FF
6F
FE
D7
ENDCHAR
STARTCHAR EAC4
ENCODING 60100
SWIDTH 500 0
DWIDTH 8 0
BBX 8 15 0 -3
BITMAP
F5
DE
F5
FD
FE
FF
FF
FD
FF
FF
FF
FF
FF
FF
FF
ENDCHAR
STARTCHAR EAC5
ENCODING 60101
SWIDTH 500 0
DWIDTH 8 0
BBX 8 15 0 -3
BITMAP
BF
6F
BF
4B
5F
57
ED
B7
5F
FF
FF
FF
FF
7F
EF
ENDCHAR
STARTCHAR EAC6
ENCODING 60102
SWIDTH 500 0
DWIDTH 8 0
BBX 8 15 0 -3
BITMAP
2F
93
EF
D7
FB
FD
FB
FF
7F
FF
FF
FF
FF
FF
FF
ENDCHAR
STARTCHAR EAC7
ENCODING 60103
SWIDTH 500 0
DWIDTH 8 0
BBX 8 15 0 -3
BITMAP
F1
FE
FF
FF
FF
FF
A0
DF
FB
FF
FF
FF
FF
FF
FF
ENDCHAR
STARTCHAR EAC8
ENCODING 60104
SWIDTH 500 0
DWIDTH 8 0
BBX 8 15 0 -3
BITMAP
04
D2
8F
FF
FF
FF
0D
F6
D7
F9
FF
F7
FD
B7
DA
ENDCHAR
STARTCHAR EAC9
ENCODING 60105
SWIDTH 500 0
DWIDTH 8 0
BBX 8 15 0 -3
BITMAP
59
B5
EF
FD
F6
BF
FF
AF
5A
87
7B
AD
6B
FE
BD
ENDCHAR
STARTCHAR EACA
ENCODING 60106
SWIDTH 500 0
DWIDTH 8 0
BBX 8 15 0 -3
BITMAP
10
48
52
4A
A6
55
AA
94
C5
70
54
DE
D5
FD
EA
ENDCHAR
STARTCHAR F4D0
ENCODING 62672
SWIDTH 500 0
DWIDTH 8 0
BBX 5 7 1 0
BITMAP
70
88
98
88
C8
88
70
ENDCHAR
STARTCHAR F4D1
ENCODING 62673
SWIDTH 500 0
DWIDTH 8 0
BBX 4 7 1 0
BITMAP
10
30
F0
10
10
10
10
ENDCHAR
STARTCHAR F4D2
ENCODING 62674
SWIDTH 500 0
DWIDTH 8 0
BBX 5 7 1 0
BITMAP
70
88
08
10
20
40
F8
ENDCHAR
STARTCHAR F4D3
ENCODING 62675
SWIDTH 500 0
DWIDTH 8 0
BBX 5 7 1 0
BITMAP
70
88
08
30
08
88
70
ENDCHAR
STARTCHAR F4D4
ENCODING 62676
SWIDTH 500 0
DWIDTH 8 0
BBX 6 7 1 0
BITMAP
40
48
48
48
88
FC
08
ENDCHAR
STARTCHAR F4D5
ENCODING 62677
SWIDTH 500 0
DWIDTH 8 0
BBX 5 7 1 0
BITMAP
F8
80
80
F0
08
08
F0
ENDCHAR
STARTCHAR F4D6
ENCODING 62678
SWIDTH 500 0
DWIDTH 8 0
BBX 5 7 1 0
BITMAP
30
40
80
F0
88
88
70
ENDCHAR
STARTCHAR F4D7
ENCODING 62679
SWIDTH 500 0
DWIDTH 8 0
BBX 5 7 1 0
BITMAP
F8
08
10
20
20
40
40
ENDCHAR
STARTCHAR F4D8
ENCODING 62680
SWIDTH 500 0
DWIDTH 8 0
BBX 5 7 1 0
BITMAP
70
88
88
70
88
88
70
ENDCHAR
STARTCHAR F4D9
ENCODING 62681
SWIDTH 500 0
DWIDTH 8 0
BBX 5 7 1 0
BITMAP
70
88
88
78
08
10
60
ENDCHAR
STARTCHAR F4DA
ENCODING 62682
SWIDTH 500 0
DWIDTH 8 0
BBX 2 2 2 0
BITMAP
C0
C0
ENDCHAR
STARTCHAR F4DB
ENCODING 62683
SWIDTH 500 0
DWIDTH 8 0
BBX 3 4 2 -2
BITMAP
60
60
40
80
ENDCHAR
STARTCHAR F4DC
ENCODING 62684
SWIDTH 500 0
DWIDTH 8 0
BBX 3 7 2 0
BITMAP
60
60
00
00
00
C0
C0
ENDCHAR
STARTCHAR F4DD
ENCODING 62685
SWIDTH 500 0
DWIDTH 8 0
BBX 4 9 2 -2
BITMAP
30
30
00
00
00
60
60
40
80
ENDCHAR
STARTCHAR F4DE
ENCODING 62686
SWIDTH 500 0
DWIDTH 8 0
BBX 3 9 2 0
BITMAP
20
60
60
40
40
40
00
00
80
ENDCHAR
STARTCHAR F4DF
ENCODING 62687
SWIDTH 500 0
DWIDTH 8 0
BBX 5 9 2 0
BITMAP
70
88
08
10
20
40
00
00
80
ENDCHAR
STARTCHAR F4E0
ENCODING 62688
SWIDTH 500 0
DWIDTH 8 0
BBX 6 9 1 0
BITMAP
0C
14
14
24
24
3C
44
44
84
ENDCHAR
STARTCHAR F4E1
ENCODING 62689
SWIDTH 500 0
DWIDTH 8 0
BBX 7 9 1 0
BITMAP
3C
22
22
44
78
44
84
88
F0
ENDCHAR
STARTCHAR F4E2
ENCODING 62690
SWIDTH 500 0
DWIDTH 8 0
BBX 7 9 1 0
BITMAP
1C
22
40
40
80
80
80
88
70
ENDCHAR
STARTCHAR F4E3
ENCODING 62691
SWIDTH 500 0
DWIDTH 8 0
BBX 7 9 1 0
BITMAP
38
24
22
42
42
42
84
88
F0
ENDCHAR
STARTCHAR F4E4
ENCODING 62692
SWIDTH 500 0
DWIDTH 8 0
BBX 7 9 1 0
BITMAP
3E
20
20
40
78
40
80
80
F8
ENDCHAR
STARTCHAR F4E5
ENCODING 62693
SWIDTH 500 0
DWIDTH 8 0
BBX 7 9 1 0
BITMAP
3E
20
20
40
78
40
80
80
80
ENDCHAR
STARTCHAR F4E6
ENCODING 62694
SWIDTH 500 0
DWIDTH 8 0
BBX 7 9 1 0
BITMAP
1C
22
40
40
9C
84
84
88
70
ENDCHAR
STARTCHAR F4E7
ENCODING 62695
SWIDTH 500 0
DWIDTH 8 0
BBX 7 9 1 0
BITMAP
22
22
22
44
7C
44
88
88
88
ENDCHAR
STARTCHAR F4E8
ENCODING 62696
SWIDTH 500 0
DWIDTH 8 0
BBX 7 9 1 0
BITMAP
1E
08
08
10
10
10
20
20
F0
ENDCHAR
STARTCHAR F4E9
ENCODING 62697
SWIDTH 500 0
DWIDTH 8 0
BBX 7 9 1 0
BITMAP
3E
02
02
04
04
04
88
88
70
ENDCHAR
STARTCHAR F4EA
ENCODING 62698
SWIDTH 500 0
DWIDTH 8 0
BBX 7 9 1 0
BITMAP
22
24
48
48
70
48
88
88
84
ENDCHAR
STARTCHAR F4EB
ENCODING 62699
SWIDTH 500 0
DWIDTH 8 0
BBX 5 9 1 0
BITMAP
20
20
20
40
40
40
80
80
F8
ENDCHAR
STARTCHAR F4EC
ENCODING 62700
SWIDTH 500 0
DWIDTH 8 0
BBX 7 9 1 0
BITMAP
22
22
24
6C
54
54
84
84
88
ENDCHAR
STARTCHAR F4ED
ENCODING 62701
SWIDTH 500 0
DWIDTH 8 0
BBX 7 9 1 0
BITMAP
22
22
22
54
54
54
88
88
88
ENDCHAR
STARTCHAR F4EE
ENCODING 62702
SWIDTH 500 0
DWIDTH 8 0
BBX 7 9 1 0
BITMAP
1C
22
42
42
82
84
84
88
70
ENDCHAR
STARTCHAR F4EF
ENCODING 62703
SWIDTH 500 0
DWIDTH 8 0
BBX 7 9 1 0
BITMAP
3C
22
22
44
78
40
80
80
80
ENDCHAR
STARTCHAR F4F0
ENCODING 62704
SWIDTH 500 0
DWIDTH 8 0
BBX 7 11 1 -2
BITMAP
1C
22
42
42
82
84
E4
98
70
08
06
ENDCHAR
STARTCHAR F4F1
ENCODING 62705
SWIDTH 500 0
DWIDTH 8 0
BBX 7 9 1 0
BITMAP
3C
22
22
44
78
48
88
84
84
ENDCHAR
STARTCHAR F4F2
ENCODING 62706
SWIDTH 500 0
DWIDTH 8 0
BBX 7 9 1 0
BITMAP
1C
22
20
10
10
08
88
88
70
ENDCHAR
STARTCHAR F4F3
ENCODING 62707
SWIDTH 500 0
DWIDTH 8 0
BBX 6 9 2 0
BITMAP
FC
20
20
40
40
40
80
80
80
ENDCHAR
STARTCHAR F4F4
ENCODING 62708
SWIDTH 500 0
DWIDTH 8 0
BBX 7 9 1 0
BITMAP
22
22
42
44
44
84
88
88
70
ENDCHAR
STARTCHAR F4F5
ENCODING 62709
SWIDTH 500 0
DWIDTH 8 0
BBX 6 9 1 0
BITMAP
24
24
44
44
44
88
88
90
60
ENDCHAR
STARTCHAR F4F6
ENCODING 62710
SWIDTH 500 0
DWIDTH 8 0
BBX 8 9 0 0
BITMAP
22
21
49
49
49
91
92
92
6C
ENDCHAR
STARTCHAR F4F7
ENCODING 62711
SWIDTH 500 0
DWIDTH 8 0
BBX 9 9 0 0
BITMAP
2180
1200
1400
0C00
0800
1800
1400
2400
C200
ENDCHAR
STARTCHAR F4F8
ENCODING 62712
SWIDTH 500 0
DWIDTH 8 0
BBX 8 9 0 0
BITMAP
21
21
11
12
0A
04
08
30
C0
ENDCHAR
STARTCHAR F4F9
ENCODING 62713
SWIDTH 500 0
DWIDTH 8 0
BBX 8 9 0 0
BITMAP
39
46
02
04
18
20
40
62
9C
ENDCHAR
STARTCHAR F4FA
ENCODING 62714
SWIDTH 500 0
DWIDTH 8 0
BBX 3 4 3 5
BITMAP
20
40
C0
C0
ENDCHAR
STARTCHAR F4FB
ENCODING 62715
SWIDTH 500 0
DWIDTH 8 0
BBX 3 4 3 5
BITMAP
60
60
40
80
ENDCHAR
STARTCHAR F4FC
ENCODING 62716
SWIDTH 500 0
DWIDTH 8 0
BBX 6 4 1 5
BITMAP
24
48
D8
D8
ENDCHAR
STARTCHAR F4FD
ENCODING 62717
SWIDTH 500 0
DWIDTH 8 0
BBX 6 4 1 5
BITMAP
6C
6C
48
90
ENDCHAR
STARTCHAR F4FE
ENCODING 62718
SWIDTH 500 0
DWIDTH 8 0
BBX 4 11 3 -2
BITMAP
10
20
40
40
80
80
80
80
40
40
20
ENDCHAR
STARTCHAR F4FF
ENCODING 62719
SWIDTH 500 0
DWIDTH 8 0
BBX 4 11 2 -2
BITMAP
40
20
20
10
10
10
10
20
20
40
80
ENDCHAR
STARTCHAR F500
ENCODING 62720
SWIDTH 500 0
DWIDTH 8 0
BBX 6 7 1 0
BITMAP
38
04
04
78
88
88
74
ENDCHAR
STARTCHAR F501
ENCODING 62721
SWIDTH 500 0
DWIDTH 8 0
BBX 6 10 1 0
BITMAP
10
20
20
38
44
44
44
44
88
F0
ENDCHAR
STARTCHAR F502
ENCODING 62722
SWIDTH 500 0
DWIDTH 8 0
BBX 6 7 1 0
BITMAP
38
44
40
80
80
88
70
ENDCHAR
STARTCHAR F503
ENCODING 62723
SWIDTH 500 0
DWIDTH 8 0
BBX 8 10 1 0
BITMAP
01
02
02
3A
44
44
84
84
88
78
ENDCHAR
STARTCHAR F504
ENCODING 62724
SWIDTH 500 0
DWIDTH 8 0
BBX 6 7 1 0
BITMAP
38
44
44
F8
80
88
70
ENDCHAR
STARTCHAR F505
ENCODING 62725
SWIDTH 500 0
DWIDTH 8 0
BBX 8 12 0 -3
BITMAP
07
08
08
08
7E
10
10
10
20
20
20
C0
ENDCHAR
STARTCHAR F506
ENCODING 62726
SWIDTH 500 0
DWIDTH 8 0
BBX 7 10 0 -3
BITMAP
1E
22
22
42
44
44
3C
04
08
F0
ENDCHAR
STARTCHAR F507
ENCODING 62727
SWIDTH 500 0
DWIDTH 8 0
BBX 6 10 1 0
BITMAP
10
20
20
38
44
44
44
44
88
88
ENDCHAR
STARTCHAR F508
ENCODING 62728
SWIDTH 500 0
DWIDTH 8 0
BBX 5 10 1 0
BITMAP
10
10
00
60
10
10
10
20
20
F8
ENDCHAR
STARTCHAR F509
ENCODING 62729
SWIDTH 500 0
DWIDTH 8 0
BBX 6 13 0 -3
BITMAP
04
04
00
18
04
04
04
08
08
08
10
10
E0
ENDCHAR
STARTCHAR F50A
ENCODING 62730
SWIDTH 500 0
DWIDTH 8 0
BBX 6 10 1 0
BITMAP
10
20
20
38
44
44
78
48
88
84
ENDCHAR
STARTCHAR F50B
ENCODING 62731
SWIDTH 500 0
DWIDTH 8 0
BBX 5 10 2 0
BITMAP
18
20
20
20
40
40
40
40
80
E0
ENDCHAR
STARTCHAR F50C
ENCODING 62732
SWIDTH 500 0
DWIDTH 8 0
BBX 8 7 0 0
BITMAP
76
49
49
49
91
92
92
ENDCHAR
STARTCHAR F50D
ENCODING 62733
SWIDTH 500 0
DWIDTH 8 0
BBX 6 7 1 0
BITMAP
78
44
44
44
84
88
88
ENDCHAR
STARTCHAR F50E
ENCODING 62734
SWIDTH 500 0
DWIDTH 8 0
BBX 6 7 1 0
BITMAP
38
44
44
84
88
88
70
ENDCHAR
STARTCHAR F50F
ENCODING 62735
SWIDTH 500 0
DWIDTH 8 0
BBX 7 10 0 -3
BITMAP
3C
22
22
42
44
44
78
80
80
80
ENDCHAR
STARTCHAR F510
ENCODING 62736
SWIDTH 500 0
DWIDTH 8 0
BBX 6 10 1 -3
BITMAP
3C
44
44
84
88
88
78
10
10
18
ENDCHAR
STARTCHAR F511
ENCODING 62737
SWIDTH 500 0
DWIDTH 8 0
BBX 6 7 1 0
BITMAP
5C
60
40
40
80
80
80
ENDCHAR
STARTCHAR F512
ENCODING 62738
SWIDTH 500 0
DWIDTH 8 0
BBX 6 7 1 0
BITMAP
3C
40
40
30
08
08
F0
ENDCHAR
STARTCHAR F513
ENCODING 62739
SWIDTH 500 0
DWIDTH 8 0
BBX 6 9 1 0
BITMAP
10
10
FC
20
20
40
40
40
38
ENDCHAR
STARTCHAR F514
ENCODING 62740
SWIDTH 500 0
DWIDTH 8 0
BBX 6 7 1 0
BITMAP
44
44
84
88
88
88
78
ENDCHAR
STARTCHAR F515
ENCODING 62741
SWIDTH 500 0
DWIDTH 8 0
BBX 6 7 1 0
BITMAP
48
44
44
84
88
88
70
ENDCHAR
STARTCHAR F516
ENCODING 62742
SWIDTH 500 0
DWIDTH 8 0
BBX 8 7 0 0
BITMAP
42
49
49
91
92
92
6C
ENDCHAR
STARTCHAR F517
ENCODING 62743
SWIDTH 500 0
DWIDTH 8 0
BBX 9 7 0 0
BITMAP
2180
1200
1400
0800
1400
2400
C200
ENDCHAR
STARTCHAR F518
ENCODING 62744
SWIDTH 500 0
DWIDTH 8 0
BBX 8 10 0 -3
BITMAP
21
22
22
42
44
4C
34
04
08
F0
ENDCHAR
STARTCHAR F519
ENCODING 62745
SWIDTH 500 0
DWIDTH 8 0
BBX 8 7 0 0
BITMAP
39
46
04
18
20
62
9C
ENDCHAR
STARTCHAR F51A
ENCODING 62746
SWIDTH 500 0
DWIDTH 8 0
BBX 8 9 0 -1
BITMAP
62
9C
94
68
08
16
19
29
26
ENDCHAR
STARTCHAR F51B
ENCODING 62747
SWIDTH 500 0
DWIDTH 8 0
BBX 8 9 0 0
BITMAP
18
24
24
18
20
4F
84
8C
73
ENDCHAR
STARTCHAR F51C
ENCODING 62748
SWIDTH 500 0
DWIDTH 8 0
BBX 6 5 1 1
BITMAP
24
48
90
48
24
ENDCHAR
STARTCHAR F51D
ENCODING 62749
SWIDTH 500 0
DWIDTH 8 0
BBX 6 5 1 1
BITMAP
90
48
24
48
90
ENDCHAR
STARTCHAR F51E
ENCODING 62750
SWIDTH 500 0
DWIDTH 8 0
BBX 3 9 3 -3
BITMAP
20
00
00
40
40
40
C0
C0
80
ENDCHAR
STARTCHAR F51F
ENCODING 62751
SWIDTH 500 0
DWIDTH 8 0
BBX 5 9 1 -3
BITMAP
08
00
00
10
20
40
80
88
70
ENDCHAR
STARTCHAR F520
ENCODING 62752
SWIDTH 500 0
DWIDTH 8 0
BBX 8 9 0 0
BITMAP
0F
14
24
28
4E
78
90
90
9C
ENDCHAR
STARTCHAR F521
ENCODING 62753
SWIDTH 500 0
DWIDTH 8 0
BBX 8 7 0 0
BITMAP
36
09
09
7E
90
92
6C
ENDCHAR
STARTCHAR F522
ENCODING 62754
SWIDTH 500 0
DWIDTH 8 0
BBX 8 9 0 0
BITMAP
1F
24
44
48
8E
98
90
90
7C
ENDCHAR
STARTCHAR F523
ENCODING 62755
SWIDTH 500 0
DWIDTH 8 0
BBX 8 7 0 0
BITMAP
36
49
49
8E
90
92
6C
ENDCHAR
STARTCHAR F524
ENCODING 62756
SWIDTH 500 0
DWIDTH 8 0
BBX 7 13 1 0
BITMAP
06
04
08
00
0C
14
14
24
24
3C
44
44
84
ENDCHAR
STARTCHAR F525
ENCODING 62757
SWIDTH 500 0
DWIDTH 8 0
BBX 6 11 1 0
BITMAP
0C
08
10
00
38
04
04
78
88
88
74
ENDCHAR
STARTCHAR F526
ENCODING 62758
SWIDTH 500 0
DWIDTH 8 0
BBX 6 13 1 0
BITMAP
18
08
04
00
0C
14
14
24
24
3C
44
44
84
ENDCHAR
STARTCHAR F527
ENCODING 62759
SWIDTH 500 0
DWIDTH 8 0
BBX 6 11 1 0
BITMAP
30
10
08
00
38
04
04
78
88
88
74
ENDCHAR
STARTCHAR F528
ENCODING 62760
SWIDTH 500 0
DWIDTH 8 0
BBX 7 13 1 0
BITMAP
0C
12
0C
00
0C
14
14
24
24
3C
44
44
84
ENDCHAR
STARTCHAR F529
ENCODING 62761
SWIDTH 500 0
DWIDTH 8 0
BBX 6 11 1 0
BITMAP
18
24
18
00
38
04
04
78
88
88
74
ENDCHAR
STARTCHAR F52A
ENCODING 62762
SWIDTH 500 0
DWIDTH 8 0
BBX 8 12 1 0
BITMAP
19
26
00
0C
14
14
24
24
3C
44
44
84
ENDCHAR
STARTCHAR F52B
ENCODING 62763
SWIDTH 500 0
DWIDTH 8 0
BBX 7 10 1 0
BITMAP
32
4C
00
38
04
04
78
88
88
74
ENDCHAR
STARTCHAR F52C
ENCODING 62764
SWIDTH 500 0
DWIDTH 8 0
BBX 7 13 1 0
BITMAP
08
14
22
00
0C
14
14
24
24
3C
44
44
84
ENDCHAR
STARTCHAR F52D
ENCODING 62765
SWIDTH 500 0
DWIDTH 8 0
BBX 7 11 1 0
BITMAP
08
14
22
00
38
04
04
78
88
88
74
ENDCHAR
STARTCHAR F52E
ENCODING 62766
SWIDTH 500 0
DWIDTH 8 0
BBX 7 11 1 0
BITMAP
12
00
0C
14
14
24
24
3C
44
44
84
ENDCHAR
STARTCHAR F52F
ENCODING 62767
SWIDTH 500 0
DWIDTH 8 0
BBX 6 9 1 0
BITMAP
24
00
38
04
04
78
88
88
74
ENDCHAR
STARTCHAR F530
ENCODING 62768
SWIDTH 500 0
DWIDTH 8 0
BBX 7 11 1 0
BITMAP
1E
00
0C
14
14
24
24
3C
44
44
84
ENDCHAR
STARTCHAR F531
ENCODING 62769
SWIDTH 500 0
DWIDTH 8 0
BBX 6 9 1 0
BITMAP
3C
00
38
04
04
78
88
88
74
ENDCHAR
STARTCHAR F532
ENCODING 62770
SWIDTH 500 0
DWIDTH 8 0
BBX 8 12 1 0
BITMAP
11
0E
00
0C
14
14
24
24
3C
44
44
84
ENDCHAR
STARTCHAR F533
ENCODING 62771
SWIDTH 500 0
DWIDTH 8 0
BBX 7 10 1 0
BITMAP
22
1C
00
38
04
04
78
88
88
74
ENDCHAR
STARTCHAR F534
ENCODING 62772
SWIDTH 500 0
DWIDTH 8 0
BBX 7 12 1 -3
BITMAP
0C
14
14
24
24
3C
44
44
8C
10
12
0C
ENDCHAR
STARTCHAR F535
ENCODING 62773
SWIDTH 500 0
DWIDTH 8 0
BBX 6 10 1 -3
BITMAP
38
04
04
78
88
88
7C
10
10
0C
ENDCHAR
STARTCHAR F536
ENCODING 62774
SWIDTH 500 0
DWIDTH 8 0
BBX 7 13 1 0
BITMAP
06
04
08
00
1C
22
40
40
80
80
80
88
70
ENDCHAR
STARTCHAR F537
ENCODING 62775
SWIDTH 500 0
DWIDTH 8 0
BBX 6 11 1 0
BITMAP
0C
08
10
00
38
44
40
80
80
88
70
ENDCHAR
STARTCHAR F538
ENCODING 62776
SWIDTH 500 0
DWIDTH 8 0
BBX 7 12 1 0
BITMAP
08
14
00
1C
22
40
40
80
80
80
88
70
ENDCHAR
STARTCHAR F539
ENCODING 62777
SWIDTH 500 0
DWIDTH 8 0
BBX 6 10 1 0
BITMAP
10
28
00
38
44
40
80
80
88
70
ENDCHAR
STARTCHAR F53A
ENCODING 62778
SWIDTH 500 0
DWIDTH 8 0
BBX 7 11 1 0
BITMAP
08
00
1C
22
40
40
80
80
80
88
70
ENDCHAR
STARTCHAR F53B
ENCODING 62779
SWIDTH 500 0
DWIDTH 8 0
BBX 6 9 1 0
BITMAP
10
00
38
44
40
80
80
88
70
ENDCHAR
STARTCHAR F53C
ENCODING 62780
SWIDTH 500 0
DWIDTH 8 0
BBX 7 12 1 0
BITMAP
14
08
00
1C
22
40
40
80
80
80
88
70
ENDCHAR
STARTCHAR F53D
ENCODING 62781
SWIDTH 500 0
DWIDTH 8 0
BBX 6 10 1 0
BITMAP
28
10
00
38
44
40
80
80
88
70
ENDCHAR
STARTCHAR F53E
ENCODING 62782
SWIDTH 500 0
DWIDTH 8 0
BBX 7 12 1 -3
BITMAP
1C
22
40
40
80
80
80
88
70
20
20
C0
ENDCHAR
STARTCHAR F53F
ENCODING 62783
SWIDTH 500 0
DWIDTH 8 0
BBX 6 10 1 -3
BITMAP
38
44
40
80
80
88
70
20
20
C0
ENDCHAR
STARTCHAR F540
ENCODING 62784
SWIDTH 500 0
DWIDTH 8 0
BBX 7 12 1 0
BITMAP
14
08
00
38
24
22
42
42
42
84
88
F0
ENDCHAR
STARTCHAR F541
ENCODING 62785
SWIDTH 500 0
DWIDTH 8 0
BBX 8 10 1 0
BITMAP
29
12
02
3A
44
44
84
84
88
78
ENDCHAR
STARTCHAR F542
ENCODING 62786
SWIDTH 500 0
DWIDTH 8 0
BBX 9 10 0 0
BITMAP
0100
0E00
0380
3A00
4400
4400
8400
8400
8800
7800
ENDCHAR
STARTCHAR F543
ENCODING 62787
SWIDTH 500 0
DWIDTH 8 0
BBX 7 13 1 0
BITMAP
06
04
08
00
3E
20
20
40
78
40
80
80
F8
ENDCHAR
STARTCHAR F544
ENCODING 62788
SWIDTH 500 0
DWIDTH 8 0
BBX 6 11 1 0
BITMAP
0C
08
10
00
38
44
44
F8
80
88
70
ENDCHAR
STARTCHAR F545
ENCODING 62789
SWIDTH 500 0
DWIDTH 8 0
BBX 7 13 1 0
BITMAP
18
08
04
00
3E
20
20
40
78
40
80
80
F8
ENDCHAR
STARTCHAR F546
ENCODING 62790
SWIDTH 500 0
DWIDTH 8 0
BBX 6 11 1 0
BITMAP
30
10
08
00
38
44
44
F8
80
88
70
ENDCHAR
STARTCHAR F547
ENCODING 62791
SWIDTH 500 0
DWIDTH 8 0
BBX 7 12 1 0
BITMAP
08
14
00
3E
20
20
40
78
40
80
80
F8
ENDCHAR
STARTCHAR F548
ENCODING 62792
SWIDTH 500 0
DWIDTH 8 0
BBX 6 10 1 0
BITMAP
10
28
00
38
44
44
F8
80
88
70
ENDCHAR
STARTCHAR F549
ENCODING 62793
SWIDTH 500 0
DWIDTH 8 0
BBX 7 11 1 0
BITMAP
08
00
3E
20
20
40
78
40
80
80
F8
ENDCHAR
STARTCHAR F54A
ENCODING 62794
SWIDTH 500 0
DWIDTH 8 0
BBX 6 9 1 0
BITMAP
08
00
38
44
44
F8
80
88
70
ENDCHAR
STARTCHAR F54B
ENCODING 62795
SWIDTH 500 0
DWIDTH 8 0
BBX 7 11 1 0
BITMAP
12
00
3E
20
20
40
78
40
80
80
F8
ENDCHAR
STARTCHAR F54C
ENCODING 62796
SWIDTH 500 0
DWIDTH 8 0
BBX 6 9 1 0
BITMAP
24
00
38
44
44
F8
80
88
70
ENDCHAR
STARTCHAR F54D
ENCODING 62797
SWIDTH 500 0
DWIDTH 8 0
BBX 7 12 1 0
BITMAP
14
08
00
3E
20
20
40
78
40
80
80
F8
ENDCHAR
STARTCHAR F54E
ENCODING 62798
SWIDTH 500 0
DWIDTH 8 0
BBX 6 10 1 0
BITMAP
14
08
00
38
44
44
F8
80
88
70
ENDCHAR
STARTCHAR F54F
ENCODING 62799
SWIDTH 500 0
DWIDTH 8 0
BBX 7 11 1 0
BITMAP
1E
00
3E
20
20
40
78
40
80
80
F8
ENDCHAR
STARTCHAR F550
ENCODING 62800
SWIDTH 500 0
DWIDTH 8 0
BBX 6 9 1 0
BITMAP
3C
00
38
44
44
F8
80
88
70
ENDCHAR
STARTCHAR F551
ENCODING 62801
SWIDTH 500 0
DWIDTH 8 0
BBX 7 12 1 -3
BITMAP
3E
20
20
40
78
40
80
80
F8
20
20
18
ENDCHAR
STARTCHAR F552
ENCODING 62802
SWIDTH 500 0
DWIDTH 8 0
BBX 6 10 1 -3
BITMAP
38
44
44
F8
80
88
70
20
20
18
ENDCHAR
STARTCHAR F553
ENCODING 62803
SWIDTH 500 0
DWIDTH 8 0
BBX 7 9 1 0
BITMAP
1C
22
22
04
7C
44
88
88
70
ENDCHAR
STARTCHAR F554
ENCODING 62804
SWIDTH 500 0
DWIDTH 8 0
BBX 6 7 1 0
BITMAP
38
44
04
FC
88
88
70
ENDCHAR
STARTCHAR F555
ENCODING 62805
SWIDTH 500 0
DWIDTH 8 0
BBX 7 12 1 0
BITMAP
08
14
00
1C
22
40
40
9C
84
84
88
70
ENDCHAR
STARTCHAR F556
ENCODING 62806
SWIDTH 500 0
DWIDTH 8 0
BBX 7 13 0 -3
BITMAP
04
0A
00
1E
22
22
42
44
44
3C
04
08
F0
ENDCHAR
STARTCHAR F557
ENCODING 62807
SWIDTH 500 0
DWIDTH 8 0
BBX 7 12 1 0
BITMAP
22
1C
00
1C
22
40
40
9C
84
84
88
70
ENDCHAR
STARTCHAR F558
ENCODING 62808
SWIDTH 500 0
DWIDTH 8 0
BBX 8 13 0 -3
BITMAP
11
0E
00
1E
22
22
42
44
44
3C
04
08
F0
ENDCHAR
STARTCHAR F559
ENCODING 62809
SWIDTH 500 0
DWIDTH 8 0
BBX 7 11 1 0
BITMAP
08
00
1C
22
40
40
9C
84
84
88
70
ENDCHAR
STARTCHAR F55A
ENCODING 62810
SWIDTH 500 0
DWIDTH 8 0
BBX 7 12 0 -3
BITMAP
04
00
1E
22
22
42
44
44
3C
04
08
F0
ENDCHAR
STARTCHAR F55B
ENCODING 62811
SWIDTH 500 0
DWIDTH 8 0
BBX 7 12 1 -3
BITMAP
1C
22
40
40
9C
84
84
88
70
00
20
40
ENDCHAR
STARTCHAR F55C
ENCODING 62812
SWIDTH 500 0
DWIDTH 8 0
BBX 7 14 0 -3
BITMAP
02
04
0C
00
1E
22
22
42
44
44
3C
04
08
F0
ENDCHAR
STARTCHAR F55D
ENCODING 62813
SWIDTH 500 0
DWIDTH 8 0
BBX 7 12 1 0
BITMAP
08
14
00
22
22
22
44
7C
44
88
88
88
ENDCHAR
STARTCHAR F55E
ENCODING 62814
SWIDTH 500 0
DWIDTH 8 0
BBX 7 13 1 0
BITMAP
04
0A
00
10
20
20
38
44
44
44
44
88
88
ENDCHAR
STARTCHAR F55F
ENCODING 62815
SWIDTH 500 0
DWIDTH 8 0
BBX 7 9 1 0
BITMAP
22
22
22
7C
44
7C
88
88
88
ENDCHAR
STARTCHAR F560
ENCODING 62816
SWIDTH 500 0
DWIDTH 8 0
BBX 6 10 1 0
BITMAP
20
38
E0
38
44
44
44
44
88
88
ENDCHAR
STARTCHAR F561
ENCODING 62817
SWIDTH 500 0
DWIDTH 8 0
BBX 7 11 1 0
BITMAP
04
00
1E
08
08
10
10
10
20
20
F0
ENDCHAR
STARTCHAR F562
ENCODING 62818
SWIDTH 500 0
DWIDTH 8 0
BBX 5 7 1 0
BITMAP
60
10
10
10
20
20
F8
ENDCHAR
STARTCHAR F563
ENCODING 62819
SWIDTH 500 0
DWIDTH 8 0
BBX 7 13 1 0
BITMAP
06
04
08
00
1E
08
08
10
10
10
20
20
F0
ENDCHAR
STARTCHAR F564
ENCODING 62820
SWIDTH 500 0
DWIDTH 8 0
BBX 6 11 1 0
BITMAP
0C
08
10
00
60
10
10
10
20
20
F8
ENDCHAR
STARTCHAR F565
ENCODING 62821
SWIDTH 500 0
DWIDTH 8 0
BBX 7 13 1 0
BITMAP
18
08
04
00
1E
08
08
10
10
10
20
20
F0
ENDCHAR
STARTCHAR F566
ENCODING 62822
SWIDTH 500 0
DWIDTH 8 0
BBX 5 11 1 0
BITMAP
60
20
10
00
60
10
10
10
20
20
F8
ENDCHAR
STARTCHAR F567
ENCODING 62823
SWIDTH 500 0
DWIDTH 8 0
BBX 7 12 1 0
BITMAP
04
0A
00
1E
08
08
10
10
10
20
20
F0
ENDCHAR
STARTCHAR F568
ENCODING 62824
SWIDTH 500 0
DWIDTH 8 0
BBX 5 10 1 0
BITMAP
10
28
00
60
10
10
10
20
20
F8
ENDCHAR
STARTCHAR F569
ENCODING 62825
SWIDTH 500 0
DWIDTH 8 0
BBX 7 11 1 0
BITMAP
12
00
1E
08
08
10
10
10
20
20
F0
ENDCHAR
STARTCHAR F56A
ENCODING 62826
SWIDTH 500 0
DWIDTH 8 0
BBX 5 9 1 0
BITMAP
48
00
60
10
10
10
20
20
F8
ENDCHAR
STARTCHAR F56B
ENCODING 62827
SWIDTH 500 0
DWIDTH 8 0
BBX 7 11 1 0
BITMAP
1E
00
1E
08
08
10
10
10
20
20
F0
ENDCHAR
STARTCHAR F56C
ENCODING 62828
SWIDTH 500 0
DWIDTH 8 0
BBX 5 9 1 0
BITMAP
78
00
60
10
10
10
20
20
F8
ENDCHAR
STARTCHAR F56D
ENCODING 62829
SWIDTH 500 0
DWIDTH 8 0
BBX 7 12 1 -3
BITMAP
1E
08
08
10
10
10
20
20
F0
40
40
30
ENDCHAR
STARTCHAR F56E
ENCODING 62830
SWIDTH 500 0
DWIDTH 8 0
BBX 5 13 1 -3
BITMAP
10
10
00
60
10
10
10
20
20
F8
20
20
18
ENDCHAR
STARTCHAR F56F
ENCODING 62831
SWIDTH 500 0
DWIDTH 8 0
BBX 9 9 0 0
BITMAP
3B80
1080
1080
2100
2100
2100
5200
5200
EC00
ENDCHAR
STARTCHAR F570
ENCODING 62832
SWIDTH 500 0
DWIDTH 8 0
BBX 8 13 0 -3
BITMAP
11
11
00
66
11
11
11
22
22
F2
04
04
38
ENDCHAR
STARTCHAR F571
ENCODING 62833
SWIDTH 500 0
DWIDTH 8 0
BBX 7 12 1 0
BITMAP
04
0A
00
3E
02
02
04
04
04
88
88
70
ENDCHAR
STARTCHAR F572
ENCODING 62834
SWIDTH 500 0
DWIDTH 8 0
BBX 7 13 0 -3
BITMAP
04
0A
00
18
04
04
04
08
08
08
10
10
E0
ENDCHAR
STARTCHAR F573
ENCODING 62835
SWIDTH 500 0
DWIDTH 8 0
BBX 7 12 1 -3
BITMAP
22
24
48
48
70
48
88
88
84
30
20
40
ENDCHAR
STARTCHAR F574
ENCODING 62836
SWIDTH 500 0
DWIDTH 8 0
BBX 6 13 1 -3
BITMAP
10
20
20
38
44
44
78
48
88
84
30
20
40
ENDCHAR
STARTCHAR F575
ENCODING 62837
SWIDTH 500 0
DWIDTH 8 0
BBX 6 13 1 0
BITMAP
0C
08
10
00
20
20
20
40
40
40
80
80
F8
ENDCHAR
STARTCHAR F576
ENCODING 62838
SWIDTH 500 0
DWIDTH 8 0
BBX 6 13 2 0
BITMAP
04
08
00
18
20
20
20
40
40
40
40
80
E0
ENDCHAR
STARTCHAR F577
ENCODING 62839
SWIDTH 500 0
DWIDTH 8 0
BBX 5 12 1 -3
BITMAP
20
20
20
40
40
40
80
80
F8
00
20
40
ENDCHAR
STARTCHAR F578
ENCODING 62840
SWIDTH 500 0
DWIDTH 8 0
BBX 5 13 2 -3
BITMAP
18
20
20
20
40
40
40
40
80
E0
00
40
80
ENDCHAR
STARTCHAR F579
ENCODING 62841
SWIDTH 500 0
DWIDTH 8 0
BBX 7 9 1 0
BITMAP
26
26
24
48
40
40
80
80
F8
ENDCHAR
STARTCHAR F57A
ENCODING 62842
SWIDTH 500 0
DWIDTH 8 0
BBX 8 10 0 0
BITMAP
18
23
23
22
44
40
40
40
80
E0
ENDCHAR
STARTCHAR F57B
ENCODING 62843
SWIDTH 500 0
DWIDTH 8 0
BBX 6 9 0 0
BITMAP
10
10
1C
E0
20
20
40
40
7C
ENDCHAR
STARTCHAR F57C
ENCODING 62844
SWIDTH 500 0
DWIDTH 8 0
BBX 6 10 1 0
BITMAP
0C
10
10
1C
E0
20
20
20
40
70
ENDCHAR
STARTCHAR F57D
ENCODING 62845
SWIDTH 500 0
DWIDTH 8 0
BBX 7 13 1 0
BITMAP
06
04
08
00
22
22
22
54
54
54
88
88
88
ENDCHAR
STARTCHAR F57E
ENCODING 62846
SWIDTH 500 0
DWIDTH 8 0
BBX 6 11 1 0
BITMAP
0C
08
10
00
78
44
44
44
84
88
88
ENDCHAR
STARTCHAR F57F
ENCODING 62847
SWIDTH 500 0
DWIDTH 8 0
BBX 7 12 1 -3
BITMAP
22
22
22
54
54
54
88
88
88
00
20
40
ENDCHAR
STARTCHAR F580
ENCODING 62848
SWIDTH 500 0
DWIDTH 8 0
BBX 6 10 1 -3
BITMAP
78
44
44
44
84
88
88
00
20
40
ENDCHAR
STARTCHAR F581
ENCODING 62849
SWIDTH 500 0
DWIDTH 8 0
BBX 7 12 1 0
BITMAP
14
08
00
22
22
22
54
54
54
88
88
88
ENDCHAR
STARTCHAR F582
ENCODING 62850
SWIDTH 500 0
DWIDTH 8 0
BBX 6 10 1 0
BITMAP
14
08
00
78
44
44
44
84
88
88
ENDCHAR
STARTCHAR F583
ENCODING 62851
SWIDTH 500 0
DWIDTH 8 0
BBX 8 12 1 0
BITMAP
19
26
00
22
22
22
54
54
54
88
88
88
ENDCHAR
STARTCHAR F584
ENCODING 62852
SWIDTH 500 0
DWIDTH 8 0
BBX 7 10 1 0
BITMAP
32
4C
00
78
44
44
44
84
88
88
ENDCHAR
STARTCHAR F585
ENCODING 62853
SWIDTH 500 0
DWIDTH 8 0
BBX 7 13 1 0
BITMAP
06
04
08
00
1C
22
42
42
82
84
84
88
70
ENDCHAR
STARTCHAR F586
ENCODING 62854
SWIDTH 500 0
DWIDTH 8 0
BBX 6 11 1 0
BITMAP
0C
08
10
00
38
44
44
84
88
88
70
ENDCHAR
STARTCHAR F587
ENCODING 62855
SWIDTH 500 0
DWIDTH 8 0
BBX 9 13 1 0
BITMAP
0D80
0900
1200
0000
1C00
2200
4200
4200
8200
8400
8400
8800
7000
ENDCHAR
STARTCHAR F588
ENCODING 62856
SWIDTH 500 0
DWIDTH 8 0
BBX 8 11 1 0
BITMAP
1B
12
24
00
38
44
44
84
88
88
70
ENDCHAR
STARTCHAR F589
ENCODING 62857
SWIDTH 500 0
DWIDTH 8 0
BBX 7 13 1 0
BITMAP
18
08
04
00
1C
22
42
42
82
84
84
88
70
ENDCHAR
STARTCHAR F58A
ENCODING 62858
SWIDTH 500 0
DWIDTH 8 0
BBX 6 11 1 0
BITMAP
30
10
08
00
38
44
44
84
88
88
70
ENDCHAR
STARTCHAR F58B
ENCODING 62859
SWIDTH 500 0
DWIDTH 8 0
BBX 7 12 1 0
BITMAP
08
14
00
1C
22
42
42
82
84
84
88
70
ENDCHAR
STARTCHAR F58C
ENCODING 62860
SWIDTH 500 0
DWIDTH 8 0
BBX 6 10 1 0
BITMAP
08
14
00
38
44
44
84
88
88
70
ENDCHAR
STARTCHAR F58D
ENCODING 62861
SWIDTH 500 0
DWIDTH 8 0
BBX 8 12 1 0
BITMAP
19
26
00
1C
22
42
42
82
84
84
88
70
ENDCHAR
STARTCHAR F58E
ENCODING 62862
SWIDTH 500 0
DWIDTH 8 0
BBX 7 10 1 0
BITMAP
32
4C
00
38
44
44
84
88
88
70
ENDCHAR
STARTCHAR F58F
ENCODING 62863
SWIDTH 500 0
DWIDTH 8 0
BBX 7 11 1 0
BITMAP
12
00
1C
22
42
42
82
84
84
88
70
ENDCHAR
STARTCHAR F590
ENCODING 62864
SWIDTH 500 0
DWIDTH 8 0
BBX 6 9 1 0
BITMAP
24
00
38
44
44
84
88
88
70
ENDCHAR
STARTCHAR F591
ENCODING 62865
SWIDTH 500 0
DWIDTH 8 0
BBX 7 11 1 0
BITMAP
1E
00
1C
22
42
42
82
84
84
88
70
ENDCHAR
STARTCHAR F592
ENCODING 62866
SWIDTH 500 0
DWIDTH 8 0
BBX 6 9 1 0
BITMAP
3C
00
38
44
44
84
88
88
70
ENDCHAR
STARTCHAR F593
ENCODING 62867
SWIDTH 500 0
DWIDTH 8 0
BBX 9 9 0 0
BITMAP
0F80
1300
2500
2500
4900
5200
5200
6400
F800
ENDCHAR
STARTCHAR F594
ENCODING 62868
SWIDTH 500 0
DWIDTH 8 0
BBX 6 7 1 0
BITMAP
3C
4C
94
94
A4
C8
F0
ENDCHAR
STARTCHAR F595
ENCODING 62869
SWIDTH 500 0
DWIDTH 8 0
BBX 7 13 1 0
BITMAP
06
04
08
00
3C
22
22
44
78
48
88
84
84
ENDCHAR
STARTCHAR F596
ENCODING 62870
SWIDTH 500 0
DWIDTH 8 0
BBX 6 11 1 0
BITMAP
0C
08
10
00
5C
60
40
40
80
80
80
ENDCHAR
STARTCHAR F597
ENCODING 62871
SWIDTH 500 0
DWIDTH 8 0
BBX 7 12 1 0
BITMAP
14
08
00
3C
22
22
44
78
48
88
84
84
ENDCHAR
STARTCHAR F598
ENCODING 62872
SWIDTH 500 0
DWIDTH 8 0
BBX 6 10 1 0
BITMAP
28
10
00
5C
60
40
40
80
80
80
ENDCHAR
STARTCHAR F599
ENCODING 62873
SWIDTH 500 0
DWIDTH 8 0
BBX 7 13 1 0
BITMAP
06
04
08
00
1C
22
20
10
10
08
88
88
70
ENDCHAR
STARTCHAR F59A
ENCODING 62874
SWIDTH 500 0
DWIDTH 8 0
BBX 6 11 1 0
BITMAP
0C
08
10
00
3C
40
40
30
08
08
F0
ENDCHAR
STARTCHAR F59B
ENCODING 62875
SWIDTH 500 0
DWIDTH 8 0
BBX 7 12 1 0
BITMAP
08
14
00
1C
22
20
10
10
08
88
88
70
ENDCHAR
STARTCHAR F59C
ENCODING 62876
SWIDTH 500 0
DWIDTH 8 0
BBX 6 10 1 0
BITMAP
10
28
00
3C
40
40
30
08
08
F0
ENDCHAR
STARTCHAR F59D
ENCODING 62877
SWIDTH 500 0
DWIDTH 8 0
BBX 7 12 1 -3
BITMAP
1C
22
20
10
10
08
88
88
70
20
20
C0
ENDCHAR
STARTCHAR F59E
ENCODING 62878
SWIDTH 500 0
DWIDTH 8 0
BBX 6 10 1 -3
BITMAP
3C
40
40
30
08
08
F0
20
20
C0
ENDCHAR
STARTCHAR F59F
ENCODING 62879
SWIDTH 500 0
DWIDTH 8 0
BBX 7 12 1 0
BITMAP
14
08
00
1C
22
20
10
10
08
88
88
70
ENDCHAR
STARTCHAR F5A0
ENCODING 62880
SWIDTH 500 0
DWIDTH 8 0
BBX 6 10 1 0
BITMAP
28
10
00
3C
40
40
30
08
08
F0
ENDCHAR
STARTCHAR F5A1
ENCODING 62881
SWIDTH 500 0
DWIDTH 8 0
BBX 8 12 -1 -3
BITMAP
06
09
09
09
0A
11
11
11
16
20
20
C0
ENDCHAR
STARTCHAR F5A2
ENCODING 62882
SWIDTH 500 0
DWIDTH 8 0
BBX 7 12 1 -3
BITMAP
7E
10
10
20
20
20
40
40
40
00
40
80
ENDCHAR
STARTCHAR F5A3
ENCODING 62883
SWIDTH 500 0
DWIDTH 8 0
BBX 6 12 1 -3
BITMAP
10
10
FC
20
20
40
40
40
38
00
20
40
ENDCHAR
STARTCHAR F5A4
ENCODING 62884
SWIDTH 500 0
DWIDTH 8 0
BBX 6 12 2 0
BITMAP
28
10
00
FC
20
20
40
40
40
80
80
80
ENDCHAR
STARTCHAR F5A5
ENCODING 62885
SWIDTH 500 0
DWIDTH 8 0
BBX 6 12 1 0
BITMAP
14
08
00
10
10
FC
20
20
40
40
40
38
ENDCHAR
STARTCHAR F5A6
ENCODING 62886
SWIDTH 500 0
DWIDTH 8 0
BBX 6 9 1 0
BITMAP
20
20
38
44
44
48
F0
80
80
ENDCHAR
STARTCHAR F5A7
ENCODING 62887
SWIDTH 500 0
DWIDTH 8 0
BBX 7 13 0 -3
BITMAP
08
10
10
1C
22
22
22
42
44
78
80
80
80
ENDCHAR
STARTCHAR F5A8
ENCODING 62888
SWIDTH 500 0
DWIDTH 8 0
BBX 7 9 1 0
BITMAP
38
24
22
42
F2
42
84
88
F0
ENDCHAR
STARTCHAR F5A9
ENCODING 62889
SWIDTH 500 0
DWIDTH 8 0
BBX 7 10 1 0
BITMAP
36
08
34
04
3C
44
84
84
88
70
ENDCHAR
STARTCHAR F5AA
ENCODING 62890
SWIDTH 500 0
DWIDTH 8 0
BBX 7 13 1 0
BITMAP
06
04
08
00
22
22
42
44
44
84
88
88
70
ENDCHAR
STARTCHAR F5AB
ENCODING 62891
SWIDTH 500 0
DWIDTH 8 0
BBX 6 11 1 0
BITMAP
0C
08
10
00
44
44
84
88
88
88
78
ENDCHAR
STARTCHAR F5AC
ENCODING 62892
SWIDTH 500 0
DWIDTH 8 0
BBX 8 13 1 0
BITMAP
1B
12
24
00
22
22
42
44
44
84
88
88
70
ENDCHAR
STARTCHAR F5AD
ENCODING 62893
SWIDTH 500 0
DWIDTH 8 0
BBX 7 11 1 0
BITMAP
36
24
48
00
44
44
84
88
88
88
78
ENDCHAR
STARTCHAR F5AE
ENCODING 62894
SWIDTH 500 0
DWIDTH 8 0
BBX 7 13 1 0
BITMAP
30
10
08
00
22
22
42
44
44
84
88
88
70
ENDCHAR
STARTCHAR F5AF
ENCODING 62895
SWIDTH 500 0
DWIDTH 8 0
BBX 6 11 1 0
BITMAP
60
20
10
00
44
44
84
88
88
88
78
ENDCHAR
STARTCHAR F5B0
ENCODING 62896
SWIDTH 500 0
DWIDTH 8 0
BBX 7 13 1 0
BITMAP
0C
12
0C
00
22
22
42
44
44
84
88
88
70
ENDCHAR
STARTCHAR F5B1
ENCODING 62897
SWIDTH 500 0
DWIDTH 8 0
BBX 6 11 1 0
BITMAP
18
24
18
00
44
44
84
88
88
88
78
ENDCHAR
STARTCHAR F5B2
ENCODING 62898
SWIDTH 500 0
DWIDTH 8 0
BBX 7 12 1 0
BITMAP
08
14
00
22
22
42
44
44
84
88
88
70
ENDCHAR
STARTCHAR F5B3
ENCODING 62899
SWIDTH 500 0
DWIDTH 8 0
BBX 6 10 1 0
BITMAP
10
28
00
44
44
84
88
88
88
78
ENDCHAR
STARTCHAR F5B4
ENCODING 62900
SWIDTH 500 0
DWIDTH 8 0
BBX 7 11 1 0
BITMAP
12
00
22
22
42
44
44
84
88
88
70
ENDCHAR
STARTCHAR F5B5
ENCODING 62901
SWIDTH 500 0
DWIDTH 8 0
BBX 6 9 1 0
BITMAP
24
00
44
44
84
88
88
88
78
ENDCHAR
STARTCHAR F5B6
ENCODING 62902
SWIDTH 500 0
DWIDTH 8 0
BBX 7 11 1 0
BITMAP
1E
00
22
22
42
44
44
84
88
88
70
ENDCHAR
STARTCHAR F5B7
ENCODING 62903
SWIDTH 500 0
DWIDTH 8 0
BBX 6 9 1 0
BITMAP
3C
00
44
44
84
88
88
88
78
ENDCHAR
STARTCHAR F5B8
ENCODING 62904
SWIDTH 500 0
DWIDTH 8 0
BBX 8 12 1 0
BITMAP
11
0E
00
22
22
42
44
44
84
88
88
70
ENDCHAR
STARTCHAR F5B9
ENCODING 62905
SWIDTH 500 0
DWIDTH 8 0
BBX 7 10 1 0
BITMAP
22
1C
00
44
44
84
88
88
88
78
ENDCHAR
STARTCHAR F5BA
ENCODING 62906
SWIDTH 500 0
DWIDTH 8 0
BBX 7 12 1 -3
BITMAP
22
22
42
44
44
84
88
88
78
10
10
0C
ENDCHAR
STARTCHAR F5BB
ENCODING 62907
SWIDTH 500 0
DWIDTH 8 0
BBX 6 10 1 -3
BITMAP
44
44
84
88
88
88
78
10
10
0C
ENDCHAR
STARTCHAR F5BC
ENCODING 62908
SWIDTH 500 0
DWIDTH 8 0
BBX 8 12 0 0
BITMAP
08
14
00
22
21
49
49
49
91
92
92
6C
ENDCHAR
STARTCHAR F5BD
ENCODING 62909
SWIDTH 500 0
DWIDTH 8 0
BBX 8 10 0 0
BITMAP
08
14
00
42
49
49
91
92
92
6C
ENDCHAR
STARTCHAR F5BE
ENCODING 62910
SWIDTH 500 0
DWIDTH 8 0
BBX 8 13 0 0
BITMAP
06
04
08
00
21
21
11
12
0A
04
08
30
C0
ENDCHAR
STARTCHAR F5BF
ENCODING 62911
SWIDTH 500 0
DWIDTH 8 0
BBX 8 14 0 -3
BITMAP
06
04
08
00
21
22
22
42
44
4C
34
04
08
F0
ENDCHAR
STARTCHAR F5C0
ENCODING 62912
SWIDTH 500 0
DWIDTH 8 0
BBX 8 12 0 0
BITMAP
04
0A
00
21
21
11
12
0A
04
08
30
C0
ENDCHAR
STARTCHAR F5C1
ENCODING 62913
SWIDTH 500 0
DWIDTH 8 0
BBX 8 13 0 -3
BITMAP
04
0A
00
21
22
22
42
44
4C
34
04
08
F0
ENDCHAR
STARTCHAR F5C2
ENCODING 62914
SWIDTH 500 0
DWIDTH 8 0
BBX 8 11 0 0
BITMAP
12
00
21
21
11
12
0A
04
08
30
C0
ENDCHAR
STARTCHAR F5C3
ENCODING 62915
SWIDTH 500 0
DWIDTH 8 0
BBX 8 12 0 -3
BITMAP
12
00
21
22
22
42
44
4C
34
04
08
F0
ENDCHAR
STARTCHAR F5C4
ENCODING 62916
SWIDTH 500 0
DWIDTH 8 0
BBX 8 13 0 0
BITMAP
06
04
08
00
39
46
02
04
18
20
40
62
9C
ENDCHAR
STARTCHAR F5C5
ENCODING 62917
SWIDTH 500 0
DWIDTH 8 0
BBX 8 11 0 0
BITMAP
06
04
08
00
39
46
04
18
20
62
9C
ENDCHAR
STARTCHAR F5C6
ENCODING 62918
SWIDTH 500 0
DWIDTH 8 0
BBX 8 11 0 0
BITMAP
04
00
39
46
02
04
18
20
40
62
9C
ENDCHAR
STARTCHAR F5C7
ENCODING 62919
SWIDTH 500 0
DWIDTH 8 0
BBX 8 9 0 0
BITMAP
04
00
39
46
04
18
20
62
9C
ENDCHAR
STARTCHAR F5C8
ENCODING 62920
SWIDTH 500 0
DWIDTH 8 0
BBX 8 12 0 0
BITMAP
0A
04
00
39
46
02
04
18
20
40
62
9C
ENDCHAR
STARTCHAR F5C9
ENCODING 62921
SWIDTH 500 0
DWIDTH 8 0
BBX 8 10 0 0
BITMAP
0A
04
00
39
46
04
18
20
62
9C
ENDCHAR
STARTCHAR F5CA
ENCODING 62922
SWIDTH 500 0
DWIDTH 8 0
BBX 6 12 1 -3
BITMAP
1C
10
10
20
20
20
40
40
40
80
80
E0
ENDCHAR
STARTCHAR F5CB
ENCODING 62923
SWIDTH 500 0
DWIDTH 8 0
BBX 6 12 0 -3
BITMAP
1C
04
04
08
08
08
10
10
10
20
20
E0
ENDCHAR
STARTCHAR F5CC
ENCODING 62924
SWIDTH 500 0
DWIDTH 8 0
BBX 6 2 1 3
BITMAP
1C
E0
ENDCHAR
STARTCHAR F5CD
ENCODING 62925
SWIDTH 3812 0
DWIDTH 61 0
BBX 59 13 1 -3
BITMAP
0000001000000000
1C00102000000E00
2200102000001000
4038FC3838381000
4004204444441000
800420444444FC00
80784044F8F82000
8088404480802140
8888408888882000
707438F0707041A0
0000000000004180
0000000000004020
0000000000018000
ENDCHAR
STARTCHAR F5CE
ENCODING 62926
SWIDTH 500 0
DWIDTH 8 0
BBX 10 13 -3 0
BITMAP
6000
4000
9800
2400
1800
0600
0900
0600
0080
0000
01C0
0000
0080
ENDCHAR
STARTCHAR F5CF
ENCODING 62927
SWIDTH 1875 0
DWIDTH 30 0
BBX 28 16 1 -3
BITMAP
09322000
0D4AA000
0B4AA000
09314000
00000000
22673C00
3694A000
2A973800
22952000
2264BC00
00000010
89C9EF90
DA2A0220
AA29C220
8A282200
89CBC240
ENDCHAR
STARTCHAR F5D0
ENCODING 62928
SWIDTH 687 0
DWIDTH 11 0
BBX 11 8 0 -3
BITMAP
0E00
1F00
1100
1FE0
2FE0
5200
7E00
FC00
ENDCHAR
STARTCHAR F5D1
ENCODING 62929
SWIDTH 687 0
DWIDTH 11 0
BBX 11 9 0 -2
BITMAP
0E00
1F00
1100
1B00
0E00
FFE0
F1E0
0000
0400
ENDCHAR
STARTCHAR F5D2
ENCODING 62930
SWIDTH 687 0
DWIDTH 11 0
BBX 11 11 0 -2
BITMAP
0100
0000
0380
07C0
0440
86C0
8380
FFE0
7C60
0000
0100
ENDCHAR
STARTCHAR F5D3
ENCODING 62931
SWIDTH 687 0
DWIDTH 11 0
BBX 11 8 0 0
BITMAP
0C00
1800
3000
6000
3F80
00C0
FFE0
FFA0
ENDCHAR
STARTCHAR F5D4
ENCODING 62932
SWIDTH 687 0
DWIDTH 11 0
BBX 10 8 0 0
BITMAP
0C00
1800
3000
6000
3F80
00C0
FFC0
FF80
ENDCHAR
STARTCHAR F5D5
ENCODING 62933
SWIDTH 687 0
DWIDTH 11 0
BBX 9 12 0 -2
BITMAP
0200
0000
0700
0F80
0880
0F80
0780
0180
FF00
FE00
0000
0200
ENDCHAR
STARTCHAR F5D6
ENCODING 62934
SWIDTH 687 0
DWIDTH 11 0
BBX 8 13 0 0
BITMAP
02
00
05
00
02
02
02
02
02
02
02
FE
FC
ENDCHAR
STARTCHAR F5D7
ENCODING 62935
SWIDTH 687 0
DWIDTH 11 0
BBX 9 12 2 -3
BITMAP
4400
4400
2400
2400
1400
1400
0C00
7F80
7980
0600
6800
DE00
ENDCHAR
STARTCHAR F5D8
ENCODING 62936
SWIDTH 687 0
DWIDTH 11 0
BBX 11 9 0 -2
BITMAP
0380
07C0
0440
86C0
8380
FFE0
7C60
0000
0540
ENDCHAR
STARTCHAR F5D9
ENCODING 62937
SWIDTH 687 0
DWIDTH 11 0
BBX 8 10 3 0
BITMAP
0C
90
9C
80
80
80
80
80
FF
7F
ENDCHAR
STARTCHAR F5DA
ENCODING 62938
SWIDTH 687 0
DWIDTH 11 0
BBX 9 9 0 -2
BITMAP
0400
0000
1E00
3300
0180
FF80
FF00
0000
1500
ENDCHAR
STARTCHAR F5DB
ENCODING 62939
SWIDTH 687 0
DWIDTH 11 0
BBX 8 12 0 -2
BITMAP
01
03
06
0C
08
0C
06
03
FF
FE
00
2A
ENDCHAR
STARTCHAR F5DC
ENCODING 62940
SWIDTH 687 0
DWIDTH 11 0
BBX 11 13 0 0
BITMAP
0400
0000
0A00
0000
0400
0400
0400
0400
0400
0400
0400
FFE0
FBE0
ENDCHAR
STARTCHAR F5DD
ENCODING 62941
SWIDTH 687 0
DWIDTH 11 0
BBX 11 9 0 -2
BITMAP
0400
0000
1E00
3300
0180
FFE0
FEE0
0000
1500
ENDCHAR
STARTCHAR F5DE
ENCODING 62942
SWIDTH 687 0
DWIDTH 11 0
BBX 11 10 0 0
BITMAP
0900
0300
0600
0C00
0800
0C00
0600
0300
FFE0
FEE0
ENDCHAR
STARTCHAR F5DF
ENCODING 62943
SWIDTH 687 0
DWIDTH 11 0
BBX 8 10 0 0
BITMAP
09
03
06
0C
08
0C
06
03
FF
FE
ENDCHAR
STARTCHAR F5E0
ENCODING 62944
SWIDTH 687 0
DWIDTH 11 0
BBX 9 10 2 0
BITMAP
1000
0200
1200
2200
1200
2200
0200
8200
FF80
7D80
ENDCHAR
STARTCHAR F5E1
ENCODING 62945
SWIDTH 687 0
DWIDTH 11 0
BBX 11 7 0 0
BITMAP
0380
07C0
0440
86C0
8380
FFE0
7C60
ENDCHAR
STARTCHAR F5E2
ENCODING 62946
SWIDTH 687 0
DWIDTH 11 0
BBX 8 13 0 -2
BITMAP
02
05
0B
16
0C
08
0C
06
03
FF
FE
00
14
ENDCHAR
STARTCHAR F5E3
ENCODING 62947
SWIDTH 687 0
DWIDTH 11 0
BBX 9 14 2 -3
BITMAP
2000
0000
5000
0000
7000
F800
8800
F800
7C00
C780
8380
C400
FC00
7800
ENDCHAR
STARTCHAR F5E4
ENCODING 62948
SWIDTH 687 0
DWIDTH 11 0
BBX 8 9 0 0
BITMAP
04
00
0A
00
0E
1F
10
FF
EE
ENDCHAR
STARTCHAR F5E5
ENCODING 62949
SWIDTH 687 0
DWIDTH 11 0
BBX 8 10 3 -3
BITMAP
20
00
70
F8
88
FF
7F
10
70
60
ENDCHAR
STARTCHAR F5E6
ENCODING 62950
SWIDTH 687 0
DWIDTH 11 0
BBX 11 10 0 0
BITMAP
0400
0000
0A00
0000
1F00
1F00
1100
0A00
FFE0
FBE0
ENDCHAR
STARTCHAR F5E7
ENCODING 62951
SWIDTH 687 0
DWIDTH 11 0
BBX 11 8 0 0
BITMAP
0A00
0A00
0400
0000
0400
0400
FFE0
FBE0
ENDCHAR
STARTCHAR F5E8
ENCODING 62952
SWIDTH 687 0
DWIDTH 11 0
BBX 7 11 0 0
BITMAP
02
00
02
02
02
02
02
02
02
FE
FC
ENDCHAR
STARTCHAR F5E9
ENCODING 62953
SWIDTH 687 0
DWIDTH 11 0
BBX 9 14 2 -3
BITMAP
0200
0000
0200
0200
0200
0200
0200
0200
0200
8380
8380
C600
7C00
3800
ENDCHAR
STARTCHAR F5EA
ENCODING 62954
SWIDTH 687 0
DWIDTH 11 0
BBX 11 13 0 0
BITMAP
0A00
0A00
0400
0000
0400
0400
0400
0400
0400
0400
0400
FFE0
FBE0
ENDCHAR
STARTCHAR F5EB
ENCODING 62955
SWIDTH 687 0
DWIDTH 11 0
BBX 8 13 0 0
BITMAP
05
05
02
00
02
02
02
02
02
02
02
FE
FC
ENDCHAR
STARTCHAR F5EC
ENCODING 62956
SWIDTH 687 0
DWIDTH 11 0
BBX 9 16 2 -3
BITMAP
0500
0500
0200
0000
0200
0200
0200
0200
0200
0200
0200
8380
8380
C600
7C00
3800
ENDCHAR
STARTCHAR F5ED
ENCODING 62957
SWIDTH 687 0
DWIDTH 11 0
BBX 10 10 0 0
BITMAP
0200
1000
1500
1000
1380
17C0
1C40
1840
FFC0
FF80
ENDCHAR
STARTCHAR F5EE
ENCODING 62958
SWIDTH 687 0
DWIDTH 11 0
BBX 11 12 0 -2
BITMAP
0100
0300
0600
0C00
0800
0C00
0600
0300
FFE0
FEE0
0000
2A00
ENDCHAR
STARTCHAR F5EF
ENCODING 62959
SWIDTH 687 0
DWIDTH 11 0
BBX 11 9 0 -2
BITMAP
0E00
1F00
1100
1B00
0E00
FFE0
F1E0
0000
1500
ENDCHAR
STARTCHAR F5F0
ENCODING 62960
SWIDTH 687 0
DWIDTH 11 0
BBX 10 5 1 0
BITMAP
8000
8080
8080
FFC0
7F40
ENDCHAR
STARTCHAR F5F1
ENCODING 62961
SWIDTH 687 0
DWIDTH 11 0
BBX 10 11 0 -2
BITMAP
00C0
0100
01C0
0000
0400
0400
0400
FC00
F800
0000
0A00
ENDCHAR
STARTCHAR F5F2
ENCODING 62962
SWIDTH 687 0
DWIDTH 11 0
BBX 11 11 0 -2
BITMAP
00C0
0100
01C0
0000
0000
0400
0400
FFE0
FBE0
0000
0A00
ENDCHAR
STARTCHAR F5F3
ENCODING 62963
SWIDTH 687 0
DWIDTH 11 0
BBX 8 12 0 -3
BITMAP
03
04
07
00
02
02
06
FC
FA
04
06
06
ENDCHAR
STARTCHAR F5F4
ENCODING 62964
SWIDTH 687 0
DWIDTH 11 0
BBX 8 9 3 -1
BITMAP
30
40
70
00
20
30
7F
CF
80
ENDCHAR
STARTCHAR F5F5
ENCODING 62965
SWIDTH 687 0
DWIDTH 11 0
BBX 9 8 2 -3
BITMAP
1000
1000
1800
9F80
3780
2000
E800
C000
ENDCHAR
STARTCHAR F5F6
ENCODING 62966
SWIDTH 687 0
DWIDTH 11 0
BBX 9 10 2 -3
BITMAP
2800
0000
1000
1000
1800
1F80
3780
2000
E000
C000
ENDCHAR
STARTCHAR F5F7
ENCODING 62967
SWIDTH 687 0
DWIDTH 11 0
BBX 9 12 2 -3
BITMAP
2800
0000
2800
0000
1000
1000
1800
1F80
3780
2000
E000
C000
ENDCHAR
STARTCHAR F5F8
ENCODING 62968
SWIDTH 687 0
DWIDTH 11 0
BBX 11 10 0 -3
BITMAP
0100
0000
0020
1120
1920
0FE0
8EC0
8800
F900
7000
ENDCHAR
STARTCHAR F5F9
ENCODING 62969
SWIDTH 687 0
DWIDTH 11 0
BBX 10 9 0 -2
BITMAP
0200
0000
0040
1240
1240
FFC0
ED80
0000
0200
ENDCHAR
STARTCHAR F5FA
ENCODING 62970
SWIDTH 687 0
DWIDTH 11 0
BBX 8 11 0 -2
BITMAP
02
02
02
02
02
02
02
FE
FC
00
15
ENDCHAR
STARTCHAR F5FB
ENCODING 62971
SWIDTH 687 0
DWIDTH 11 0
BBX 11 11 0 -2
BITMAP
0400
0400
0400
0400
0400
0400
0400
FFE0
FBE0
0000
1500
ENDCHAR
STARTCHAR F5FC
ENCODING 62972
SWIDTH 687 0
DWIDTH 11 0
BBX 11 10 0 0
BITMAP
0200
0000
0500
0000
0380
07C0
2C40
3840
FFE0
DFA0
ENDCHAR
STARTCHAR F5FD
ENCODING 62973
SWIDTH 687 0
DWIDTH 11 0
BBX 10 10 0 0
BITMAP
0200
0000
0500
0000
0380
07C0
2C40
3840
FFC0
DF80
ENDCHAR
STARTCHAR F5FE
ENCODING 62974
SWIDTH 687 0
DWIDTH 11 0
BBX 11 8 0 -2
BITMAP
0380
07C0
2C40
3840
FFE0
DFA0
0000
0500
ENDCHAR
STARTCHAR F5FF
ENCODING 62975
SWIDTH 687 0
DWIDTH 11 0
BBX 10 8 0 -2
BITMAP
0380
07C0
2C40
3840
FFC0
DF80
0000
0500
ENDCHAR
STARTCHAR F600
ENCODING 62976
SWIDTH 687 0
DWIDTH 11 0
BBX 11 13 0 0
BITMAP
1000
0000
2900
0280
0580
0B00
0600
0400
0600
0300
0180
FFE0
FF60
ENDCHAR
STARTCHAR F601
ENCODING 62977
SWIDTH 687 0
DWIDTH 11 0
BBX 11 11 0 0
BITMAP
0400
0000
0A00
0000
0E00
1F00
1100
1B00
0E00
FFE0
F1E0
ENDCHAR
STARTCHAR F602
ENCODING 62978
SWIDTH 687 0
DWIDTH 11 0
BBX 10 10 1 -2
BITMAP
0800
0000
1400
0000
8080
8080
80C0
C1C0
7F00
3E00
ENDCHAR
STARTCHAR F603
ENCODING 62979
SWIDTH 687 0
DWIDTH 11 0
BBX 9 12 0 0
BITMAP
0200
0000
0500
0000
0700
0F80
0880
0F80
0780
0180
FF00
FE00
ENDCHAR
STARTCHAR F604
ENCODING 62980
SWIDTH 687 0
DWIDTH 11 0
BBX 11 7 0 -3
BITMAP
00C0
01E0
0120
E180
20C0
3FC0
1F80
ENDCHAR
STARTCHAR F605
ENCODING 62981
SWIDTH 687 0
DWIDTH 11 0
BBX 9 12 2 -3
BITMAP
0400
0000
0A00
0000
0E00
1F00
1100
9F80
8F80
C300
7E00
3C00
ENDCHAR
STARTCHAR F606
ENCODING 62982
SWIDTH 687 0
DWIDTH 11 0
BBX 11 8 0 -1
BITMAP
5000
5300
2780
04C0
8660
8320
FF00
7E00
ENDCHAR
STARTCHAR F607
ENCODING 62983
SWIDTH 687 0
DWIDTH 11 0
BBX 8 9 0 0
BITMAP
05
05
02
00
02
02
02
FE
FC
ENDCHAR
STARTCHAR F608
ENCODING 62984
SWIDTH 687 0
DWIDTH 11 0
BBX 11 10 0 0
BITMAP
0200
1000
1500
1000
1380
17C0
1C40
1840
FFE0
FFA0
ENDCHAR
STARTCHAR F609
ENCODING 62985
SWIDTH 687 0
DWIDTH 11 0
BBX 9 9 2 -3
BITMAP
6000
7000
1800
0C00
FF80
FB80
2000
5000
2000
ENDCHAR
STARTCHAR F60A
ENCODING 62986
SWIDTH 687 0
DWIDTH 11 0
BBX 9 8 2 -2
BITMAP
6000
7000
1800
0C00
FF80
FB80
0000
2000
ENDCHAR
STARTCHAR F60B
ENCODING 62987
SWIDTH 687 0
DWIDTH 11 0
BBX 9 13 2 -2
BITMAP
4000
7000
4800
F000
0000
6000
7000
1800
0C00
FF80
FB80
0000
2000
ENDCHAR
STARTCHAR F60C
ENCODING 62988
SWIDTH 687 0
DWIDTH 11 0
BBX 9 8 2 -3
BITMAP
1000
1000
1800
1F80
3780
2000
EA00
C400
ENDCHAR
STARTCHAR F60D
ENCODING 62989
SWIDTH 687 0
DWIDTH 11 0
BBX 9 8 2 -3
BITMAP
1000
1000
1800
1F80
3780
2800
E800
D000
ENDCHAR
STARTCHAR F60E
ENCODING 62990
SWIDTH 687 0
DWIDTH 11 0
BBX 9 12 2 -3
BITMAP
2800
2800
1000
0000
1000
1000
1800
1F80
3780
2000
E000
C000
ENDCHAR
STARTCHAR F60F
ENCODING 62991
SWIDTH 687 0
DWIDTH 11 0
BBX 9 8 2 -3
BITMAP
1000
1000
1800
1F80
3780
2000
E800
C000
ENDCHAR
STARTCHAR F610
ENCODING 62992
SWIDTH 687 0
DWIDTH 11 0
BBX 9 10 2 0
BITMAP
5000
0000
5000
0000
6000
7000
1800
0C00
FF80
FB80
ENDCHAR
STARTCHAR F611
ENCODING 62993
SWIDTH 687 0
DWIDTH 11 0
BBX 9 10 2 0
BITMAP
5000
0000
2000
0000
6000
7000
1800
0C00
FF80
FB80
ENDCHAR
STARTCHAR F612
ENCODING 62994
SWIDTH 687 0
DWIDTH 11 0
BBX 10 11 0 -2
BITMAP
0200
0000
0500
0000
0040
1240
1240
FFC0
ED80
0000
0200
ENDCHAR
STARTCHAR F613
ENCODING 62995
SWIDTH 687 0
DWIDTH 11 0
BBX 11 10 0 -2
BITMAP
0200
0000
0380
07C0
2C40
3840
FFE0
DFA0
0000
0200
ENDCHAR
STARTCHAR F614
ENCODING 62996
SWIDTH 687 0
DWIDTH 11 0
BBX 10 10 0 -2
BITMAP
0200
0000
0380
07C0
2C40
3840
FFC0
DF80
0000
0200
ENDCHAR
STARTCHAR F615
ENCODING 62997
SWIDTH 687 0
DWIDTH 11 0
BBX 11 11 0 -3
BITMAP
0100
0000
01C0
03E0
1620
1C20
0FE0
8FC0
8800
F900
7000
ENDCHAR
STARTCHAR F616
ENCODING 62998
SWIDTH 687 0
DWIDTH 11 0
BBX 11 9 0 -3
BITMAP
0400
0000
0400
0400
FFE0
FBE0
0400
0A00
0400
ENDCHAR
STARTCHAR F617
ENCODING 62999
SWIDTH 687 0
DWIDTH 11 0
BBX 11 13 0 -2
BITMAP
0100
0280
0580
0B00
0600
0400
0600
8300
8180
FFE0
7F60
0000
1400
ENDCHAR
STARTCHAR F618
ENCODING 63000
SWIDTH 687 0
DWIDTH 11 0
BBX 11 13 0 -2
BITMAP
0200
0500
0B00
1600
0C00
0800
0C00
0600
0300
FFE0
FEE0
0000
1400
ENDCHAR
STARTCHAR F619
ENCODING 63001
SWIDTH 687 0
DWIDTH 11 0
BBX 9 10 0 -2
BITMAP
0700
0F80
0880
0F80
0780
0180
FF00
FE00
0000
0A80
ENDCHAR
STARTCHAR F61A
ENCODING 63002
SWIDTH 687 0
DWIDTH 11 0
BBX 9 13 0 0
BITMAP
1000
0000
2900
0280
0580
0B00
0600
0400
0600
0300
0180
FF80
FF00
ENDCHAR
STARTCHAR F61B
ENCODING 63003
SWIDTH 687 0
DWIDTH 11 0
BBX 8 10 0 -3
BITMAP
02
00
02
02
02
FE
FC
02
05
02
ENDCHAR
STARTCHAR F61C
ENCODING 63004
SWIDTH 687 0
DWIDTH 11 0
BBX 10 10 1 -3
BITMAP
0800
0000
8000
8080
80C0
C1C0
7F00
3E00
1400
0800
ENDCHAR
STARTCHAR F61D
ENCODING 63005
SWIDTH 687 0
DWIDTH 11 0
BBX 9 10 2 -3
BITMAP
0400
0000
0E00
1F00
1100
9F80
8F80
C300
7E00
3C00
ENDCHAR
STARTCHAR F61E
ENCODING 63006
SWIDTH 687 0
DWIDTH 11 0
BBX 11 8 0 -2
BITMAP
0400
0000
0400
0400
FFE0
FBE0
0000
0400
ENDCHAR
STARTCHAR F61F
ENCODING 63007
SWIDTH 687 0
DWIDTH 11 0
BBX 7 9 0 -2
BITMAP
02
00
02
02
02
FE
FC
00
02
ENDCHAR
STARTCHAR F620
ENCODING 63008
SWIDTH 687 0
DWIDTH 11 0
BBX 10 10 1 -3
BITMAP
0800
0000
8000
8080
80C0
C1C0
7F00
3E00
0000
0800
ENDCHAR
STARTCHAR F621
ENCODING 63009
SWIDTH 687 0
DWIDTH 11 0
BBX 10 12 1 -3
BITMAP
0800
0000
3C00
6600
0300
3F80
7F00
C1C0
AAC0
C000
7F00
3E00
ENDCHAR
STARTCHAR F622
ENCODING 63010
SWIDTH 687 0
DWIDTH 11 0
BBX 8 12 3 -3
BITMAP
04
04
04
04
04
04
04
8F
FB
70
00
A8
ENDCHAR
STARTCHAR F623
ENCODING 63011
SWIDTH 687 0
DWIDTH 11 0
BBX 11 9 0 0
BITMAP
0600
0800
0E00
0000
1E00
3300
0180
FFE0
FEE0
ENDCHAR
STARTCHAR F624
ENCODING 63012
SWIDTH 687 0
DWIDTH 11 0
BBX 9 16 2 -3
BITMAP
0200
0000
0500
0000
0200
0200
0200
0200
0200
0200
0200
8380
8380
C600
7C00
3800
ENDCHAR
STARTCHAR F625
ENCODING 63013
SWIDTH 687 0
DWIDTH 11 0
BBX 11 11 0 0
BITMAP
0400
0000
0400
0400
0400
0400
0400
0400
0400
FFE0
FBE0
ENDCHAR
STARTCHAR F626
ENCODING 63014
SWIDTH 687 0
DWIDTH 11 0
BBX 8 9 0 -2
BITMAP
04
00
0E
1F
10
FF
EE
00
04
ENDCHAR
STARTCHAR F627
ENCODING 63015
SWIDTH 687 0
DWIDTH 11 0
BBX 9 12 2 -3
BITMAP
2000
0000
7000
F800
8800
F800
7C00
C780
9380
C400
FC00
7800
ENDCHAR
STARTCHAR F628
ENCODING 63016
SWIDTH 687 0
DWIDTH 11 0
BBX 9 11 0 0
BITMAP
0400
0A00
0000
0800
0C00
0600
0F00
1F80
1280
FF80
FF00
ENDCHAR
STARTCHAR F629
ENCODING 63017
SWIDTH 687 0
DWIDTH 11 0
BBX 11 11 0 0
BITMAP
0400
0A00
0000
0800
0C00
0600
0F00
1F80
1280
FFE0
FF60
ENDCHAR
STARTCHAR F62A
ENCODING 63018
SWIDTH 687 0
DWIDTH 11 0
BBX 10 11 1 0
BITMAP
0800
1400
0000
1000
1800
0C00
1E00
3F00
2500
7FC0
FEC0
ENDCHAR
STARTCHAR F62B
ENCODING 63019
SWIDTH 687 0
DWIDTH 11 0
BBX 11 10 0 -2
BITMAP
0400
0000
1F00
1F00
1100
0A00
FFE0
FBE0
0000
0400
ENDCHAR
STARTCHAR F62C
ENCODING 63020
SWIDTH 687 0
DWIDTH 11 0
BBX 9 9 0 0
BITMAP
0400
0000
0A00
0000
1E00
3300
0180
FF80
FF00
ENDCHAR
STARTCHAR F62D
ENCODING 63021
SWIDTH 687 0
DWIDTH 11 0
BBX 10 14 1 -3
BITMAP
0800
0000
1400
0000
3C00
6600
0300
3F80
7F00
C1C0
80C0
C000
7F00
3E00
ENDCHAR
STARTCHAR F62E
ENCODING 63022
SWIDTH 687 0
DWIDTH 11 0
BBX 11 9 0 0
BITMAP
0400
0000
0400
0000
1E00
3300
0180
FFE0
FEE0
ENDCHAR
STARTCHAR F62F
ENCODING 63023
SWIDTH 687 0
DWIDTH 11 0
BBX 9 9 0 0
BITMAP
0400
0000
0400
0000
1E00
3300
0180
FF80
FF00
ENDCHAR
STARTCHAR F630
ENCODING 63024
SWIDTH 687 0
DWIDTH 11 0
BBX 10 14 1 -3
BITMAP
0800
0000
0800
0000
3C00
6600
0300
3F80
7F00
C1C0
80C0
C000
7F00
3E00
ENDCHAR
STARTCHAR F631
ENCODING 63025
SWIDTH 687 0
DWIDTH 11 0
BBX 11 11 0 -2
BITMAP
0200
0000
0500
0000
0040
1240
1240
FFE0
EDA0
0000
0200
ENDCHAR
STARTCHAR F632
ENCODING 63026
SWIDTH 687 0
DWIDTH 11 0
BBX 11 12 0 -3
BITMAP
0100
0000
0280
0000
0020
1120
1920
0FE0
8EC0
8800
F900
7000
ENDCHAR
STARTCHAR F633
ENCODING 63027
SWIDTH 687 0
DWIDTH 11 0
BBX 11 9 0 -2
BITMAP
0200
0000
0040
1240
1240
FFE0
EDA0
0000
0200
ENDCHAR
STARTCHAR F634
ENCODING 63028
SWIDTH 687 0
DWIDTH 11 0
BBX 10 7 0 -2
BITMAP
0040
1240
1240
FFC0
ED80
0000
0A80
ENDCHAR
STARTCHAR F635
ENCODING 63029
SWIDTH 687 0
DWIDTH 11 0
BBX 11 7 0 -2
BITMAP
0040
1240
1240
FFE0
EDA0
0000
0A80
ENDCHAR
STARTCHAR F636
ENCODING 63030
SWIDTH 687 0
DWIDTH 11 0
BBX 10 11 0 -2
BITMAP
0200
0000
0500
0000
0040
1240
1240
FFC0
ED80
0000
0A80
ENDCHAR
STARTCHAR F637
ENCODING 63031
SWIDTH 687 0
DWIDTH 11 0
BBX 11 11 0 -2
BITMAP
0200
0000
0500
0000
0040
1240
1240
FFE0
EDA0
0000
0A80
ENDCHAR
STARTCHAR F638
ENCODING 63032
SWIDTH 687 0
DWIDTH 11 0
BBX 11 13 0 0
BITMAP
1000
0000
2900
0280
0580
0B00
0600
0400
0600
8300
8180
FFE0
7F60
ENDCHAR
STARTCHAR F639
ENCODING 63033
SWIDTH 687 0
DWIDTH 11 0
BBX 9 11 2 -2
BITMAP
0200
1200
2200
1200
2200
0200
8200
FF80
7D80
0000
5400
ENDCHAR
STARTCHAR F63A
ENCODING 63034
SWIDTH 687 0
DWIDTH 11 0
BBX 7 12 3 -3
BITMAP
88
88
48
48
28
28
18
F8
F0
06
68
DE
ENDCHAR
STARTCHAR F63B
ENCODING 63035
SWIDTH 687 0
DWIDTH 11 0
BBX 10 12 1 -3
BITMAP
0400
0400
0400
0400
0400
0400
0600
03C0
01C0
0600
6800
DE00
ENDCHAR
STARTCHAR F63C
ENCODING 63036
SWIDTH 687 0
DWIDTH 11 0
BBX 10 13 1 -3
BITMAP
4000
A300
6400
2700
4000
1C00
3E00
2200
3FC0
1FC0
0400
1C00
1800
ENDCHAR
STARTCHAR F63D
ENCODING 63037
SWIDTH 687 0
DWIDTH 11 0
BBX 11 7 0 0
BITMAP
0E00
1F00
1100
1B00
0E00
FFE0
F1E0
ENDCHAR
STARTCHAR F63E
ENCODING 63038
SWIDTH 687 0
DWIDTH 11 0
BBX 9 8 0 0
BITMAP
0700
0F80
0880
0F80
0780
0180
FF00
FE00
ENDCHAR
STARTCHAR F63F
ENCODING 63039
SWIDTH 687 0
DWIDTH 11 0
BBX 9 8 2 -3
BITMAP
0E00
1F00
1100
9F80
8F80
C300
7E00
3C00
ENDCHAR
STARTCHAR F640
ENCODING 63040
SWIDTH 687 0
DWIDTH 11 0
BBX 9 10 0 -2
BITMAP
0700
0F80
0880
0F80
0780
0180
FF00
FE00
0000
0200
ENDCHAR
STARTCHAR F641
ENCODING 63041
SWIDTH 687 0
DWIDTH 11 0
BBX 8 10 3 -3
BITMAP
50
00
70
F8
88
FF
7F
10
70
60
ENDCHAR
STARTCHAR F642
ENCODING 63042
SWIDTH 687 0
DWIDTH 11 0
BBX 11 9 0 -2
BITMAP
0380
07C0
0440
86C0
8380
FFE0
7C60
0000
0100
ENDCHAR
STARTCHAR F643
ENCODING 63043
SWIDTH 687 0
DWIDTH 11 0
BBX 11 9 0 -3
BITMAP
0300
0780
04C0
8660
8320
FF00
7E00
0000
5400
ENDCHAR
STARTCHAR F644
ENCODING 63044
SWIDTH 687 0
DWIDTH 11 0
BBX 11 7 0 0
BITMAP
0E00
1F00
1100
1B00
0E00
FFE0
F1E0
ENDCHAR
STARTCHAR F645
ENCODING 63045
SWIDTH 687 0
DWIDTH 11 0
BBX 11 10 0 0
BITMAP
0080
0180
0340
06A0
0440
0600
8300
8180
FFE0
7F60
ENDCHAR
STARTCHAR F646
ENCODING 63046
SWIDTH 687 0
DWIDTH 11 0
BBX 10 10 0 0
BITMAP
0100
0300
0680
0D40
0880
0C00
0600
0300
FF00
FE00
ENDCHAR
STARTCHAR F647
ENCODING 63047
SWIDTH 687 0
DWIDTH 11 0
BBX 11 10 0 0
BITMAP
0100
0300
0680
0D40
0880
0C00
0600
0300
FFE0
FEE0
ENDCHAR
STARTCHAR F648
ENCODING 63048
SWIDTH 687 0
DWIDTH 11 0
BBX 9 8 0 0
BITMAP
0700
0F80
0880
0F80
0780
0180
FF00
FE00
ENDCHAR
STARTCHAR F649
ENCODING 63049
SWIDTH 687 0
DWIDTH 11 0
BBX 11 11 0 0
BITMAP
0100
0280
0580
0B40
06A0
0440
0600
8300
8180
FFE0
7F60
ENDCHAR
STARTCHAR F64A
ENCODING 63050
SWIDTH 687 0
DWIDTH 11 0
BBX 10 11 0 0
BITMAP
0200
0500
0B00
1680
0D40
0880
0C00
0600
0300
FF00
FE00
ENDCHAR
STARTCHAR F64B
ENCODING 63051
SWIDTH 687 0
DWIDTH 11 0
BBX 11 11 0 0
BITMAP
0200
0500
0B00
1680
0D40
0880
0C00
0600
0300
FFE0
FEE0
ENDCHAR
STARTCHAR F64C
ENCODING 63052
SWIDTH 687 0
DWIDTH 11 0
BBX 11 9 0 0
BITMAP
0400
0000
0A00
0000
1E00
3300
0180
FFE0
FEE0
ENDCHAR
STARTCHAR F64D
ENCODING 63053
SWIDTH 687 0
DWIDTH 11 0
BBX 9 12 2 -3
BITMAP
0300
0400
0700
0000
7000
F800
8800
FF80
7F80
1000
7000
6000
ENDCHAR
STARTCHAR F64E
ENCODING 63054
SWIDTH 687 0
DWIDTH 11 0
BBX 10 9 1 -3
BITMAP
1400
8000
8080
8080
FFC0
7F40
0800
1400
0800
ENDCHAR
STARTCHAR F64F
ENCODING 63055
SWIDTH 687 0
DWIDTH 11 0
BBX 8 10 0 -3
BITMAP
05
00
02
02
02
FE
FC
02
05
02
ENDCHAR
STARTCHAR F650
ENCODING 63056
SWIDTH 687 0
DWIDTH 11 0
BBX 11 9 0 -3
BITMAP
0A00
0000
0400
0400
FFE0
FBE0
0400
0A00
0400
ENDCHAR
STARTCHAR F651
ENCODING 63057
SWIDTH 687 0
DWIDTH 11 0
BBX 11 13 0 -3
BITMAP
00C0
0100
01C0
0000
0300
0780
04C0
8660
8320
FF00
7E00
0000
2800
ENDCHAR
STARTCHAR F652
ENCODING 63058
SWIDTH 687 0
DWIDTH 11 0
BBX 10 8 1 0
BITMAP
1400
0000
0800
8000
8080
8080
FFC0
7F40
ENDCHAR
STARTCHAR F653
ENCODING 63059
SWIDTH 687 0
DWIDTH 11 0
BBX 8 9 0 0
BITMAP
05
00
02
00
02
02
02
FE
FC
ENDCHAR
STARTCHAR F654
ENCODING 63060
SWIDTH 687 0
DWIDTH 11 0
BBX 11 8 0 0
BITMAP
0A00
0000
0400
0000
0400
0400
FFE0
FBE0
ENDCHAR
STARTCHAR F655
ENCODING 63061
SWIDTH 687 0
DWIDTH 11 0
BBX 10 14 1 -3
BITMAP
0C00
1000
1C00
0000
3C00
6600
0300
3F80
7F00
C1C0
80C0
C000
7F00
3E00
ENDCHAR
STARTCHAR F656
ENCODING 63062
SWIDTH 687 0
DWIDTH 11 0
BBX 9 9 0 0
BITMAP
0600
0800
0E00
0000
1E00
3300
0180
FF80
FF00
ENDCHAR
STARTCHAR F657
ENCODING 63063
SWIDTH 687 0
DWIDTH 11 0
BBX 11 11 0 -2
BITMAP
0400
0000
0E00
1F00
1100
1B00
0E00
FFE0
F1E0
0000
0400
ENDCHAR
STARTCHAR F658
ENCODING 63064
SWIDTH 687 0
DWIDTH 11 0
BBX 9 13 2 0
BITMAP
0600
6800
DE00
0000
0800
0800
0800
0800
0800
0800
0800
0F80
0780
ENDCHAR
STARTCHAR F659
ENCODING 63065
SWIDTH 687 0
DWIDTH 11 0
BBX 7 13 1 0
BITMAP
06
68
DE
00
22
22
12
12
0A
0A
06
3E
3C
ENDCHAR
STARTCHAR F65A
ENCODING 63066
SWIDTH 687 0
DWIDTH 11 0
BBX 10 13 1 0
BITMAP
0600
6800
DE00
0000
2200
2200
1200
1200
0A00
0A00
0600
3FC0
3DC0
ENDCHAR
STARTCHAR F65B
ENCODING 63067
SWIDTH 687 0
DWIDTH 11 0
BBX 7 13 1 0
BITMAP
18
24
F8
00
22
22
12
12
0A
0A
06
3E
3C
ENDCHAR
STARTCHAR F65C
ENCODING 63068
SWIDTH 687 0
DWIDTH 11 0
BBX 10 13 1 0
BITMAP
1800
2400
F800
0000
2200
2200
1200
1200
0A00
0A00
0600
3FC0
3DC0
ENDCHAR
STARTCHAR F65D
ENCODING 63069
SWIDTH 687 0
DWIDTH 11 0
BBX 10 10 1 0
BITMAP
0400
2000
2A00
2000
2700
2F80
3880
3080
FFC0
FF40
ENDCHAR
STARTCHAR F660
ENCODING 63072
SWIDTH 500 0
DWIDTH 8 0
BBX 5 3 2 9
BITMAP
70
D8
70
ENDCHAR
STARTCHAR F661
ENCODING 63073
SWIDTH 500 0
DWIDTH 8 0
BBX 5 4 2 9
BITMAP
70
D8
C0
70
ENDCHAR
STARTCHAR F662
ENCODING 63074
SWIDTH 500 0
DWIDTH 8 0
BBX 6 3 1 9
BITMAP
CC
78
CC
ENDCHAR
STARTCHAR F663
ENCODING 63075
SWIDTH 500 0
DWIDTH 8 0
BBX 6 3 1 9
BITMAP
6C
D8
6C
ENDCHAR
STARTCHAR F664
ENCODING 63076
SWIDTH 500 0
DWIDTH 8 0
BBX 3 3 2 9
BITMAP
60
C0
60
ENDCHAR
STARTCHAR F665
ENCODING 63077
SWIDTH 500 0
DWIDTH 8 0
BBX 6 3 1 9
BITMAP
D8
6C
D8
ENDCHAR
STARTCHAR F666
ENCODING 63078
SWIDTH 500 0
DWIDTH 8 0
BBX 3 3 3 9
BITMAP
C0
60
C0
ENDCHAR
STARTCHAR F667
ENCODING 63079
SWIDTH 500 0
DWIDTH 8 0
BBX 4 2 2 -3
BITMAP
F0
F0
ENDCHAR
STARTCHAR F668
ENCODING 63080
SWIDTH 500 0
DWIDTH 8 0
BBX 4 1 2 -2
BITMAP
F0
ENDCHAR
STARTCHAR F669
ENCODING 63081
SWIDTH 500 0
DWIDTH 8 0
BBX 4 2 2 9
BITMAP
F0
F0
ENDCHAR
STARTCHAR F66A
ENCODING 63082
SWIDTH 500 0
DWIDTH 8 0
BBX 4 1 2 9
BITMAP
F0
ENDCHAR
STARTCHAR F671
ENCODING 63089
SWIDTH 1000 0
DWIDTH 16 0
BBX 14 14 1 -3
BITMAP
0300
0300
0000
67F0
CCC0
D8C0
D8F8
DECC
DBCC
DBCC
CECC
600C
3838
0FE0
ENDCHAR
STARTCHAR F672
ENCODING 63090
SWIDTH 1437 0
DWIDTH 23 0
BBX 21 11 1 0
BITMAP
001800
001800
000000
3F7DF8
61C730
C1C730
C36DB0
F36DB0
DB6DB0
DB6DB0
71C730
ENDCHAR
STARTCHAR F673
ENCODING 63091
SWIDTH 1687 0
DWIDTH 27 0
BBX 25 11 1 -3
BITMAP
3F803800
36006C00
361E6C00
7FFB6D80
C66DBF80
C66D8D80
C66D8D80
7C3BFF80
00000C00
00000C00
00000C00
ENDCHAR
STARTCHAR F674
ENCODING 63092
SWIDTH 812 0
DWIDTH 13 0
BBX 11 11 1 0
BITMAP
0600
0600
0000
3F80
3600
3600
7FC0
C660
C660
C660
7CC0
ENDCHAR
STARTCHAR F675
ENCODING 63093
SWIDTH 812 0
DWIDTH 13 0
BBX 11 14 1 -3
BITMAP
0600
0600
0000
3F80
3600
3600
7FC0
C660
C660
C660
7C60
00C0
7F80
C000
ENDCHAR
STARTCHAR F676
ENCODING 63094
SWIDTH 750 0
DWIDTH 12 0
BBX 10 14 1 -3
BITMAP
0C00
0C00
0000
FF00
CC00
CC00
CF80
CCC0
CCC0
CCC0
CCC0
0180
7F00
C000
ENDCHAR
STARTCHAR F677
ENCODING 63095
SWIDTH 1062 0
DWIDTH 17 0
BBX 15 11 1 0
BITMAP
00C0
00C0
0000
3F7E
61CC
C1CC
C36C
F36C
DB6C
DB6C
71CC
ENDCHAR
STARTCHAR F678
ENCODING 63096
SWIDTH 750 0
DWIDTH 12 0
BBX 10 11 1 0
BITMAP
0C00
0C00
0000
C780
CCC0
CCC0
CCC0
CCC0
CCC0
CCC0
FFC0
ENDCHAR
STARTCHAR F679
ENCODING 63097
SWIDTH 812 0
DWIDTH 13 0
BBX 11 11 1 0
BITMAP
0600
0600
0000
CC60
CC60
CC60
CC60
CC60
DC60
EC60
CFE0
ENDCHAR
STARTCHAR F67A
ENCODING 63098
SWIDTH 562 0
DWIDTH 9 0
BBX 7 11 1 0
BITMAP
30
30
00
FE
CC
CC
CC
CC
CC
CC
CC
ENDCHAR
STARTCHAR F67B
ENCODING 63099
SWIDTH 812 0
DWIDTH 13 0
BBX 11 14 1 -3
BITMAP
0C00
0C00
0000
7B80
CCC0
CC60
CC60
CC60
CC60
CC60
CC60
00C0
7F80
C000
ENDCHAR
STARTCHAR F67C
ENCODING 63100
SWIDTH 1625 0
DWIDTH 26 0
BBX 24 12 1 0
BITMAP
00003C
000066
0000C3
0000C3
3F7DFB
61C733
C1C733
C36DB3
F36DB3
DB6DB3
DB6DB3
71C733
ENDCHAR
STARTCHAR F67D
ENCODING 63101
SWIDTH 750 0
DWIDTH 12 0
BBX 10 11 1 -3
BITMAP
C000
C000
CE00
DB00
DB00
DB00
CF00
FFC0
0300
0300
0300
ENDCHAR
STARTCHAR F67E
ENCODING 63102
SWIDTH 1187 0
DWIDTH 19 0
BBX 17 15 1 -3
BITMAP
003E00
006300
00C180
00C180
67F180
CCC180
D8C180
D8F980
DECD80
DBCD80
DBCD80
CECD80
600C00
383800
0FE000
ENDCHAR
STARTCHAR F67F
ENCODING 63103
SWIDTH 750 0
DWIDTH 12 0
BBX 10 11 1 0
BITMAP
0C00
0C00
0000
C000
C000
C000
C000
C000
C000
C000
FFC0
ENDCHAR
STARTCHAR F680
ENCODING 63104
SWIDTH 875 0
DWIDTH 14 0
BBX 12 12 1 0
BITMAP
03C0
0660
0C30
0C30
3FB0
3630
3630
7FB0
C630
C630
C630
7C30
ENDCHAR
STARTCHAR F681
ENCODING 63105
SWIDTH 1250 0
DWIDTH 20 0
BBX 18 12 1 0
BITMAP
000700
000D80
0018C0
0018C0
FF0CC0
CC0CC0
CC0CC0
CF8CC0
CCCCC0
CCCCC0
CCCCC0
CDFCC0
ENDCHAR
STARTCHAR F682
ENCODING 63106
SWIDTH 1000 0
DWIDTH 16 0
BBX 14 12 1 0
BITMAP
01F0
0318
060C
060C
3F8C
360C
360C
7FCC
C66C
C66C
C66C
7CCC
ENDCHAR
STARTCHAR F683
ENCODING 63107
SWIDTH 1687 0
DWIDTH 27 0
BBX 25 14 1 -3
BITMAP
000C0000
000C0000
00000000
3F803800
36006C00
361E6C00
7FFB6D80
C66DBF80
C66D8D80
C66D8D80
7C3BFF80
00000C00
00000C00
00000C00
ENDCHAR
STARTCHAR F684
ENCODING 63108
SWIDTH 1437 0
DWIDTH 23 0
BBX 21 14 1 -3
BITMAP
006000
006000
000000
3E0F70
631998
C19998
C19998
F19998
D99998
DB1998
77F998
000030
7FFFE0
C00000
ENDCHAR
STARTCHAR F685
ENCODING 63109
SWIDTH 1125 0
DWIDTH 18 0
BBX 16 11 1 0
BITMAP
0180
0180
0000
3CE6
67B3
C333
C333
F333
DB33
DB33
731E
ENDCHAR
STARTCHAR F686
ENCODING 63110
SWIDTH 1187 0
DWIDTH 19 0
BBX 17 14 1 -3
BITMAP
018000
018000
000000
3E3800
636C00
C1EC00
C1ED80
F1BF80
D98D80
DB0D80
77FF80
000C00
000C00
000C00
ENDCHAR
STARTCHAR F687
ENCODING 63111
SWIDTH 1000 0
DWIDTH 16 0
BBX 14 11 1 0
BITMAP
0300
0300
0000
CFFC
CCCC
CCCC
CCCC
CCCC
CCCC
CCCC
7878
ENDCHAR
STARTCHAR F688
ENCODING 63112
SWIDTH 937 0
DWIDTH 15 0
BBX 13 15 1 -3
BITMAP
01E0
0330
0618
0618
7798
CCD8
ECD8
DCD8
6198
0718
1C18
7018
C380
CEC0
78C0
ENDCHAR
STARTCHAR F689
ENCODING 63113
SWIDTH 937 0
DWIDTH 15 0
BBX 13 11 1 0
BITMAP
0300
0300
0000
3E18
6318
C198
C198
F198
D998
DB18
77F8
ENDCHAR
STARTCHAR F68A
ENCODING 63114
SWIDTH 750 0
DWIDTH 12 0
BBX 10 14 1 -3
BITMAP
0C00
0C00
0000
C780
CCC0
CCC0
CCC0
CCC0
FFC0
0C00
07C0
C300
C600
7C00
ENDCHAR
STARTCHAR F68B
ENCODING 63115
SWIDTH 937 0
DWIDTH 15 0
BBX 13 11 1 0
BITMAP
0300
0300
0000
3CF8
67B0
C330
C330
F330
DB30
DB30
7330
ENDCHAR
STARTCHAR F68C
ENCODING 63116
SWIDTH 750 0
DWIDTH 12 0
BBX 10 14 1 -3
BITMAP
0C00
0C00
0000
7B80
CCC0
ECC0
DCC0
6180
0700
1C00
7000
C380
CEC0
78C0
ENDCHAR
STARTCHAR F68D
ENCODING 63117
SWIDTH 687 0
DWIDTH 11 0
BBX 9 11 1 0
BITMAP
0C00
0C00
0000
3F80
3600
3600
7F80
C600
C600
C600
7C00
ENDCHAR
STARTCHAR F68E
ENCODING 63118
SWIDTH 1000 0
DWIDTH 16 0
BBX 14 11 1 0
BITMAP
0300
0300
0000
FF0C
CC0C
CC0C
CF8C
CCCC
CCCC
CCCC
CDFC
ENDCHAR
STARTCHAR F68F
ENCODING 63119
SWIDTH 875 0
DWIDTH 14 0
BBX 12 11 1 0
BITMAP
0300
0300
0000
3C60
6630
C330
C330
F330
DB30
DB30
71E0
ENDCHAR
STARTCHAR F690
ENCODING 63120
SWIDTH 1312 0
DWIDTH 21 0
BBX 19 11 1 -3
BITMAP
3F8FE0
360CC0
360CC0
7FCCC0
C66CC0
C66CC0
C66CC0
7FFCC0
C0C000
C38000
7E0000
ENDCHAR
STARTCHAR F691
ENCODING 63121
SWIDTH 1000 0
DWIDTH 16 0
BBX 14 15 1 -3
BITMAP
01F0
0318
060C
060C
3F8C
360C
360C
7FCC
C66C
C66C
C66C
7C6C
00C0
7F80
C000
ENDCHAR
STARTCHAR F692
ENCODING 63122
SWIDTH 937 0
DWIDTH 15 0
BBX 13 15 1 -3
BITMAP
03E0
0630
0C18
0C18
FF18
CC18
CC18
CF98
CCD8
CCD8
CCD8
CCD8
0180
7F00
C000
ENDCHAR
STARTCHAR F693
ENCODING 63123
SWIDTH 1250 0
DWIDTH 20 0
BBX 18 12 1 0
BITMAP
000F00
001980
0030C0
0030C0
3F7EC0
61CCC0
C1CCC0
C36CC0
F36CC0
DB6CC0
DB6CC0
71CCC0
ENDCHAR
STARTCHAR F694
ENCODING 63124
SWIDTH 875 0
DWIDTH 14 0
BBX 12 12 1 0
BITMAP
01C0
0360
0630
0630
C330
C330
C330
C330
C330
C330
C330
FF30
ENDCHAR
STARTCHAR F695
ENCODING 63125
SWIDTH 937 0
DWIDTH 15 0
BBX 13 12 1 0
BITMAP
01E0
0330
0618
0618
C798
CCD8
CCD8
CCD8
CCD8
CCD8
CCD8
FFD8
ENDCHAR
STARTCHAR F696
ENCODING 63126
SWIDTH 1062 0
DWIDTH 17 0
BBX 15 12 1 0
BITMAP
0038
006C
00C6
00C6
CC66
CC66
CC66
CC66
CC66
DC66
EC66
CFE6
ENDCHAR
STARTCHAR F697
ENCODING 63127
SWIDTH 750 0
DWIDTH 12 0
BBX 10 12 1 0
BITMAP
0F00
1980
30C0
30C0
FEC0
CCC0
CCC0
CCC0
CCC0
CCC0
CCC0
CCC0
ENDCHAR
STARTCHAR F698
ENCODING 63128
SWIDTH 1000 0
DWIDTH 16 0
BBX 14 15 1 -3
BITMAP
01F0
0318
060C
060C
778C
CCCC
CC6C
CC6C
CC6C
CC6C
CC6C
CC6C
00C0
7F80
C000
ENDCHAR
STARTCHAR F699
ENCODING 63129
SWIDTH 1125 0
DWIDTH 18 0
BBX 16 12 1 0
BITMAP
003C
0066
00C3
00C3
3CC3
6663
C363
C333
F333
DB33
DB33
71E3
ENDCHAR
STARTCHAR F69A
ENCODING 63130
SWIDTH 1125 0
DWIDTH 18 0
BBX 16 12 1 0
BITMAP
003C
0066
00C3
00C3
3CFB
67B3
C333
C333
F333
DB33
DB33
7333
ENDCHAR
STARTCHAR F69B
ENCODING 63131
SWIDTH 937 0
DWIDTH 15 0
BBX 13 15 1 -3
BITMAP
01E0
0330
0618
0618
C798
CCD8
CCD8
CCD8
CCD8
FFD8
0C18
07D8
C300
C600
7C00
ENDCHAR
STARTCHAR F69C
ENCODING 63132
SWIDTH 1187 0
DWIDTH 19 0
BBX 17 12 1 0
BITMAP
000E00
001B00
003180
003180
3E1980
631980
C19980
C19980
F19980
D99980
DB1980
77F980
ENDCHAR
STARTCHAR F69D
ENCODING 63133
SWIDTH 1187 0
DWIDTH 19 0
BBX 17 12 1 0
BITMAP
001E00
003300
006180
006180
CFFD80
CCCD80
CCCD80
CCCD80
CCCD80
CCCD80
CCCD80
787980
ENDCHAR
STARTCHAR F69E
ENCODING 63134
SWIDTH 1375 0
DWIDTH 22 0
BBX 20 15 1 -3
BITMAP
0007C0
000C60
001830
001830
3E3830
636C30
C1EC30
C1EDB0
F1BFB0
D98DB0
DB0DB0
77FFB0
000C00
000C00
000C00
ENDCHAR
STARTCHAR F69F
ENCODING 63135
SWIDTH 1375 0
DWIDTH 22 0
BBX 20 12 1 0
BITMAP
0003C0
000660
000C30
000C30
3CEC30
67B630
C33630
C33330
F33330
DB3330
DB3330
731E30
ENDCHAR
STARTCHAR F6A0
ENCODING 63136
SWIDTH 1625 0
DWIDTH 26 0
BBX 24 15 1 -3
BITMAP
00003C
000066
0000C3
0000C3
3E0EF3
63199B
C1999B
C1999B
F1999B
D9999B
DB199B
77F99B
000030
7FFFE0
C00000
ENDCHAR
STARTCHAR F6A1
ENCODING 63137
SWIDTH 1875 0
DWIDTH 30 0
BBX 28 15 1 -3
BITMAP
000007C0
00000C60
00001830
00001830
3F803830
36006C30
361E6C30
7FFB6DB0
C66DBFB0
C66D8DB0
C66D8DB0
7C3BFFB0
00000C00
00000C00
00000C00
ENDCHAR
STARTCHAR F6A2
ENCODING 63138
SWIDTH 812 0
DWIDTH 13 0
BBX 11 12 1 0
BITMAP
03C0
0760
0DC0
0C00
3F80
3600
3600
7FC0
C660
C660
C660
7CC0
ENDCHAR
STARTCHAR F6A3
ENCODING 63139
SWIDTH 1000 0
DWIDTH 16 0
BBX 14 12 1 0
BITMAP
0038
006C
0078
0060
FF6C
CC3C
CC1C
CF8C
CCCC
CCCC
CCCC
CDFC
ENDCHAR
STARTCHAR F6A4
ENCODING 63140
SWIDTH 687 0
DWIDTH 11 0
BBX 11 12 1 0
BITMAP
03C0
0760
0DC0
0C00
3F80
3600
3600
7F80
C600
C600
C600
7C00
ENDCHAR
STARTCHAR F6A5
ENCODING 63141
SWIDTH 750 0
DWIDTH 12 0
BBX 12 15 1 -3
BITMAP
01E0
03B0
06E0
0600
7780
CCC0
ECC0
DCC0
6180
0700
1C00
7000
C380
CEC0
78C0
ENDCHAR
STARTCHAR F6A6
ENCODING 63142
SWIDTH 1000 0
DWIDTH 16 0
BBX 14 15 1 -3
BITMAP
0078
00EC
01B8
0180
67F0
CCC0
D8C0
D8F8
DECC
DBCC
DBCC
CECC
600C
3838
0FE0
ENDCHAR
STARTCHAR F6A7
ENCODING 63143
SWIDTH 750 0
DWIDTH 12 0
BBX 10 8 1 0
BITMAP
C000
C780
CCC0
DCC0
DB80
D800
CC00
FFC0
ENDCHAR
STARTCHAR F6A8
ENCODING 63144
SWIDTH 1500 0
DWIDTH 24 0
BBX 24 12 1 0
BITMAP
00001E
00003B
00006E
000060
3F7DF8
61C730
C1C730
C36DB0
F36DB0
DB6DB0
DB6DB0
71C730
ENDCHAR
STARTCHAR F6A9
ENCODING 63145
SWIDTH 812 0
DWIDTH 13 0
BBX 11 15 1 -3
BITMAP
03C0
0760
0DC0
0C00
3F80
3600
3600
7FC0
C660
C660
C660
7C60
00C0
7F80
C000
ENDCHAR
STARTCHAR F6AA
ENCODING 63146
SWIDTH 750 0
DWIDTH 12 0
BBX 10 15 1 -3
BITMAP
0780
0EC0
1B80
1800
FF00
CC00
CC00
CF80
CCC0
CCC0
CCC0
CCC0
0180
7F00
C000
ENDCHAR
STARTCHAR F6AB
ENCODING 63147
SWIDTH 1125 0
DWIDTH 18 0
BBX 18 12 1 0
BITMAP
000780
000EC0
001B80
001800
3F7E00
61CC00
C1CC00
C36C00
F36C00
DB6C00
DB6C00
71CC00
ENDCHAR
STARTCHAR F6AC
ENCODING 63148
SWIDTH 625 0
DWIDTH 10 0
BBX 8 12 1 0
BITMAP
0E
1B
1E
18
DB
CF
C7
C3
C3
C3
C3
FF
ENDCHAR
STARTCHAR F6AD
ENCODING 63149
SWIDTH 750 0
DWIDTH 12 0
BBX 11 12 1 0
BITMAP
03C0
0760
0DC0
0C00
C780
CCC0
CCC0
CCC0
CCC0
CCC0
CCC0
FFC0
ENDCHAR
STARTCHAR F6AE
ENCODING 63150
SWIDTH 812 0
DWIDTH 13 0
BBX 11 12 1 0
BITMAP
01C0
0360
03C0
0300
CF60
CDE0
CCE0
CC60
CC60
DC60
EC60
CFE0
ENDCHAR
STARTCHAR F6AF
ENCODING 63151
SWIDTH 625 0
DWIDTH 10 0
BBX 10 12 1 0
BITMAP
0780
0EC0
1B80
1800
FE00
CC00
CC00
CC00
CC00
CC00
CC00
CC00
ENDCHAR
STARTCHAR F6B0
ENCODING 63152
SWIDTH 812 0
DWIDTH 13 0
BBX 12 15 1 -3
BITMAP
01E0
03B0
06E0
0600
7780
CCC0
CC60
CC60
CC60
CC60
CC60
CC60
00C0
7F80
C000
ENDCHAR
STARTCHAR F6B1
ENCODING 63153
SWIDTH 937 0
DWIDTH 15 0
BBX 15 12 1 0
BITMAP
003C
0076
00DC
00C0
3CC0
6660
C360
C330
F330
DB30
DB30
71E0
ENDCHAR
STARTCHAR F6B2
ENCODING 63154
SWIDTH 937 0
DWIDTH 15 0
BBX 15 12 1 0
BITMAP
003C
0076
00DC
00C0
3CF8
67B0
C330
C330
F330
DB30
DB30
7330
ENDCHAR
STARTCHAR F6B3
ENCODING 63155
SWIDTH 750 0
DWIDTH 12 0
BBX 11 15 1 -3
BITMAP
03C0
0760
0DC0
0C00
C780
CCC0
CCC0
CCC0
CCC0
FFC0
0C00
07C0
C300
C600
7C00
ENDCHAR
STARTCHAR F6B4
ENCODING 63156
SWIDTH 1000 0
DWIDTH 16 0
BBX 16 12 1 0
BITMAP
001E
003B
006E
0060
3E30
6318
C198
C198
F198
D998
DB18
77F8
ENDCHAR
STARTCHAR F6B5
ENCODING 63157
SWIDTH 1062 0
DWIDTH 17 0
BBX 17 12 1 0
BITMAP
000F00
001D80
003700
003000
CFFC00
CCCC00
CCCC00
CCCC00
CCCC00
CCCC00
CCCC00
787800
ENDCHAR
STARTCHAR F6B6
ENCODING 63158
SWIDTH 1187 0
DWIDTH 19 0
BBX 17 15 1 -3
BITMAP
001E00
003B00
006E00
006000
3E3800
636C00
C1EC00
C1ED80
F1BF80
D98D80
DB0D80
77FF80
000C00
000C00
000C00
ENDCHAR
STARTCHAR F6B7
ENCODING 63159
SWIDTH 1187 0
DWIDTH 19 0
BBX 19 12 1 0
BITMAP
0003C0
000760
000DC0
000C00
3CEC00
67B600
C33600
C33300
F33300
DB3300
DB3300
731E00
ENDCHAR
STARTCHAR F6B8
ENCODING 63160
SWIDTH 1437 0
DWIDTH 23 0
BBX 23 15 1 -3
BITMAP
00003C
000076
0000DC
0000C0
3E0EF0
631998
C19998
C19998
F19998
D99998
DB1998
77F998
000030
7FFFE0
C00000
ENDCHAR
STARTCHAR F6B9
ENCODING 63161
SWIDTH 1687 0
DWIDTH 27 0
BBX 25 15 1 -3
BITMAP
00001E00
00003B00
00006E00
00006000
3F803800
36006C00
361E6C00
7FFB6D80
C66DBF80
C66D8D80
C66D8D80
7C3BFF80
00000C00
00000C00
00000C00
ENDCHAR
STARTCHAR F6BA
ENCODING 63162
SWIDTH 1000 0
DWIDTH 16 0
BBX 14 11 1 -3
BITMAP
37F0
66C0
C6C0
CFF8
D8CC
D8CC
D8CC
CF8C
6018
3870
0FC0
ENDCHAR
STARTCHAR F6BB
ENCODING 63163
SWIDTH 1000 0
DWIDTH 16 0
BBX 14 11 1 -3
BITMAP
FF0C
CC0C
CC0C
CF8C
CCCC
CCCC
CCCC
CDFC
000C
000C
000C
ENDCHAR
STARTCHAR F6BC
ENCODING 63164
SWIDTH 875 0
DWIDTH 14 0
BBX 12 8 1 0
BITMAP
3F80
3600
3600
7FF0
C660
C660
C660
7C60
ENDCHAR
STARTCHAR F6BD
ENCODING 63165
SWIDTH 1187 0
DWIDTH 19 0
BBX 17 11 1 -3
BITMAP
7BFF00
CCCD80
ECCD80
DCC700
618000
070000
1C0000
700000
C38000
CEC000
78C000
ENDCHAR
STARTCHAR F6BE
ENCODING 63166
SWIDTH 1000 0
DWIDTH 16 0
BBX 14 11 1 -3
BITMAP
3F8C
660C
C60C
C7CC
F66C
DE6C
DE6C
7FFC
C0C0
C380
7E00
ENDCHAR
STARTCHAR F6BF
ENCODING 63167
SWIDTH 812 0
DWIDTH 13 0
BBX 11 13 1 -3
BITMAP
1F00
3180
6CC0
6C60
CC60
CF80
CCC0
CCC0
CCC0
6CC0
60C0
3180
1F00
ENDCHAR
STARTCHAR F6C0
ENCODING 63168
SWIDTH 1562 0
DWIDTH 25 0
BBX 23 11 1 -3
BITMAP
3F7DC6
61C766
C1C736
C36DB6
F36DB6
DB6DB6
DB6DB6
7FFFFE
C00060
C001C0
7FFF00
ENDCHAR
STARTCHAR F6C1
ENCODING 63169
SWIDTH 1000 0
DWIDTH 16 0
BBX 14 11 1 -3
BITMAP
3F8C
360C
360C
7FCC
C66C
C66C
C66C
7FFC
C0C0
C380
7E00
ENDCHAR
STARTCHAR F6C2
ENCODING 63170
SWIDTH 937 0
DWIDTH 15 0
BBX 13 11 1 -3
BITMAP
FF18
CC18
CC18
CF98
CCD8
CCD8
CCD8
FFF8
C180
C700
7C00
ENDCHAR
STARTCHAR F6C3
ENCODING 63171
SWIDTH 1187 0
DWIDTH 19 0
BBX 17 11 1 -3
BITMAP
3F7180
61D980
C1CD80
C36D80
F36D80
DB6D80
DB6D80
7FFF80
C01800
C07000
7FC000
ENDCHAR
STARTCHAR F6C4
ENCODING 63172
SWIDTH 625 0
DWIDTH 10 0
BBX 8 11 1 -3
BITMAP
C3
C3
C3
C3
C3
C3
C3
FF
03
03
03
ENDCHAR
STARTCHAR F6C5
ENCODING 63173
SWIDTH 1062 0
DWIDTH 17 0
BBX 15 11 1 -3
BITMAP
363C
6666
C666
C666
C666
C666
C666
C7FE
6060
30C0
1F80
ENDCHAR
STARTCHAR F6C6
ENCODING 63174
SWIDTH 812 0
DWIDTH 13 0
BBX 11 11 1 -3
BITMAP
CC60
CC60
CC60
CC60
CC60
DC60
EC60
CFE0
0060
0060
0060
ENDCHAR
STARTCHAR F6C7
ENCODING 63175
SWIDTH 1062 0
DWIDTH 17 0
BBX 15 11 1 -3
BITMAP
37F0
6660
C660
C660
C67C
C666
C666
C666
6006
381C
0FF0
ENDCHAR
STARTCHAR F6C8
ENCODING 63176
SWIDTH 1000 0
DWIDTH 16 0
BBX 14 11 1 -3
BITMAP
7B8C
CCCC
CC6C
CC6C
CC6C
CC6C
CC6C
FFFC
C0C0
C180
7F00
ENDCHAR
STARTCHAR F6C9
ENCODING 63177
SWIDTH 1062 0
DWIDTH 17 0
BBX 15 11 1 -3
BITMAP
3C66
6636
C336
C336
F336
DB36
D9E6
7FFE
C0C0
C0C0
7F80
ENDCHAR
STARTCHAR F6CA
ENCODING 63178
SWIDTH 1375 0
DWIDTH 22 0
BBX 20 11 1 -3
BITMAP
33CF80
667B00
CC3300
CC3300
CF33E0
CDB330
CDB330
C73330
600030
3800E0
0FFF80
ENDCHAR
STARTCHAR F6CB
ENCODING 63179
SWIDTH 812 0
DWIDTH 13 0
BBX 11 8 1 0
BITMAP
3F80
3600
3600
7FC0
C660
C660
C660
7CC0
ENDCHAR
STARTCHAR F6CC
ENCODING 63180
SWIDTH 1312 0
DWIDTH 21 0
BBX 15 11 0 -3
BITMAP
363C
6666
C666
C666
C666
C7FE
C060
C07C
6066
3806
0FFC
ENDCHAR
STARTCHAR F6CD
ENCODING 63181
SWIDTH 937 0
DWIDTH 15 0
BBX 13 11 1 -3
BITMAP
3E18
6318
C198
C198
F198
D998
DB18
77F8
0018
0018
0018
ENDCHAR
STARTCHAR F6CE
ENCODING 63182
SWIDTH 1437 0
DWIDTH 23 0
BBX 21 8 1 0
BITMAP
CFFFF0
CCCCD8
CCCCD8
CCCC70
CCCC00
CCCC00
CCCC00
787800
ENDCHAR
STARTCHAR F6CF
ENCODING 63183
SWIDTH 1562 0
DWIDTH 25 0
BBX 23 11 1 -3
BITMAP
3E3FFC
636C36
C1EC36
C1ED9C
F1BF80
D98D80
DB0D80
77FF80
000C00
000C00
000C00
ENDCHAR
STARTCHAR F6D0
ENCODING 63184
SWIDTH 1562 0
DWIDTH 25 0
BBX 23 8 1 0
BITMAP
3CE7FC
67B336
C33336
C3331C
F33300
DB3300
DB3300
731E00
ENDCHAR
STARTCHAR F6D1
ENCODING 63185
SWIDTH 1875 0
DWIDTH 30 0
BBX 28 11 1 -3
BITMAP
3E0F7FE0
631999B0
C19999B0
C19998E0
F1999800
D9999800
DB199800
77F99800
00003000
7FFFE000
C0000000
ENDCHAR
STARTCHAR F6D2
ENCODING 63186
SWIDTH 2062 0
DWIDTH 33 0
BBX 31 11 1 -3
BITMAP
3F803FFC
36006C36
361E6C36
7FFB6D9C
C66DBF80
C66D8D80
C66D8D80
7C3BFF80
00000C00
00000C00
00000C00
ENDCHAR
STARTCHAR F6D3
ENCODING 63187
SWIDTH 1250 0
DWIDTH 20 0
BBX 18 8 1 0
BITMAP
3F8000
360000
361E00
7FFB00
C66D80
C66D80
C66D80
7C3BC0
ENDCHAR
STARTCHAR F6D4
ENCODING 63188
SWIDTH 1250 0
DWIDTH 20 0
BBX 18 11 1 -3
BITMAP
FF0C00
CC0C00
CC0C00
CF8C00
CCCC00
CCCF80
CCCCC0
CDFCC0
000CC0
C00380
7FFE00
ENDCHAR
STARTCHAR F6D5
ENCODING 63189
SWIDTH 1250 0
DWIDTH 20 0
BBX 18 11 1 -3
BITMAP
37F000
66C000
C6C000
CFFE00
D8CC00
D8CF80
D8CCC0
CF8CC0
6000C0
380380
0FFE00
ENDCHAR
STARTCHAR F6D6
ENCODING 63190
SWIDTH 1250 0
DWIDTH 20 0
BBX 20 15 1 -3
BITMAP
0001E0
0003B0
0006E0
000600
C7BF80
CCE300
CCE300
CDB300
CDB300
CDB300
CDB300
FCE600
000600
C01C00
7FF000
ENDCHAR
STARTCHAR F6D7
ENCODING 63191
SWIDTH 1375 0
DWIDTH 22 0
BBX 20 13 1 -3
BITMAP
0003C0
000660
7BFF30
CCCDB0
ECCDB0
DCC730
618060
0703C0
1C0000
700000
C38000
CEC000
78C000
ENDCHAR
STARTCHAR F6D8
ENCODING 63192
SWIDTH 1312 0
DWIDTH 21 0
BBX 19 11 1 -3
BITMAP
3F8FE0
660CC0
C60CC0
C7CCC0
F66CC0
DE6CC0
DE6CC0
7FFCC0
C0C000
C38000
7E0000
ENDCHAR
STARTCHAR F6D9
ENCODING 63193
SWIDTH 812 0
DWIDTH 13 0
BBX 11 13 1 -3
BITMAP
1F80
30C0
6D60
6D60
CCC0
CC00
CF80
CCC0
CCC0
6CC0
60C0
3180
1F00
ENDCHAR
STARTCHAR F6DA
ENCODING 63194
SWIDTH 1875 0
DWIDTH 30 0
BBX 28 11 1 -3
BITMAP
3F7DC7F0
61C76660
C1C73660
C36DB660
F36DB660
DB6DB660
DB6DB660
7FFFFE60
C0006000
C001C000
7FFF0000
ENDCHAR
STARTCHAR F6DB
ENCODING 63195
SWIDTH 1062 0
DWIDTH 17 0
BBX 15 8 1 0
BITMAP
3F78
61CC
C1C6
C366
F366
DB66
DB66
71CC
ENDCHAR
STARTCHAR F6DC
ENCODING 63196
SWIDTH 687 0
DWIDTH 11 0
BBX 9 11 1 0
BITMAP
3F00
6D80
CD80
C700
C000
C000
C000
C700
CD80
6D80
3F00
ENDCHAR
STARTCHAR F6DD
ENCODING 63197
SWIDTH 750 0
DWIDTH 12 0
BBX 10 11 1 0
BITMAP
3F00
6180
C0C0
C0C0
C0C0
C0C0
C0C0
DCC0
F6C0
76C0
3CC0
ENDCHAR
STARTCHAR F6DE
ENCODING 63198
SWIDTH 562 0
DWIDTH 9 0
BBX 7 8 1 0
BITMAP
FE
CC
CC
CC
CC
CC
CC
CC
ENDCHAR
STARTCHAR F6DF
ENCODING 63199
SWIDTH 2250 0
DWIDTH 36 0
BBX 34 13 1 -3
BITMAP
0000000F00
0000001980
3F803FFCC0
36006C36C0
361E6C36C0
7FFB6D9CC0
C66DBF8180
C66D8D8F00
C66D8D8000
7C3BFF8000
00000C0000
00000C0000
00000C0000
ENDCHAR
STARTCHAR F6E0
ENCODING 63200
SWIDTH 2062 0
DWIDTH 33 0
BBX 31 13 1 -3
BITMAP
00000078
000000CC
3E0F7FE6
631999B6
C19999B6
C19998E6
F199980C
D9999878
DB199800
77F99800
00003000
7FFFE000
C0000000
ENDCHAR
STARTCHAR F6E1
ENCODING 63201
SWIDTH 1750 0
DWIDTH 28 0
BBX 26 10 1 0
BITMAP
00000F00
00001980
3CE7FCC0
67B336C0
C33336C0
C3331CC0
F3330180
DB330F00
DB330000
731E0000
ENDCHAR
STARTCHAR F6E2
ENCODING 63202
SWIDTH 1750 0
DWIDTH 28 0
BBX 26 13 1 -3
BITMAP
00000F00
00001980
3E3FFCC0
636C36C0
C1EC36C0
C1ED9CC0
F1BF8180
D98D8F00
DB0D8000
77FF8000
000C0000
000C0000
000C0000
ENDCHAR
STARTCHAR F6E3
ENCODING 63203
SWIDTH 1625 0
DWIDTH 26 0
BBX 24 10 1 0
BITMAP
00003C
000066
CFFFF3
CCCCDB
CCCCDB
CCCC73
CCCC06
CCCC3C
CCCC00
787800
ENDCHAR
STARTCHAR F6E4
ENCODING 63204
SWIDTH 1187 0
DWIDTH 19 0
BBX 17 11 1 -3
BITMAP
3E1800
631800
C19800
C19800
F19800
D99F00
DB1980
77F980
001980
C00700
7FFC00
ENDCHAR
STARTCHAR F6E5
ENCODING 63205
SWIDTH 1125 0
DWIDTH 18 0
BBX 16 11 1 -3
BITMAP
731E
DB33
DB33
F333
C333
C3FF
C030
603E
6033
3803
0FFE
ENDCHAR
STARTCHAR F6E6
ENCODING 63206
SWIDTH 1500 0
DWIDTH 24 0
BBX 22 11 1 -3
BITMAP
70F3E0
D99EC0
DB0CC0
F30CC0
C3CCF8
C36CCC
C36CCC
61CCCC
60000C
380038
0FFFE0
ENDCHAR
STARTCHAR F6E7
ENCODING 63207
SWIDTH 1375 0
DWIDTH 22 0
BBX 20 11 1 -3
BITMAP
3C67F0
663660
C33660
C33660
F33660
DB3660
D9E660
7FFE60
C0C000
C0C000
7F8000
ENDCHAR
STARTCHAR F6E8
ENCODING 63208
SWIDTH 1312 0
DWIDTH 21 0
BBX 19 11 1 -3
BITMAP
7B8FE0
CCCCC0
CC6CC0
CC6CC0
CC6CC0
CC6CC0
CC6CC0
FFFCC0
C0C000
C18000
7F0000
ENDCHAR
STARTCHAR F6E9
ENCODING 63209
SWIDTH 1125 0
DWIDTH 18 0
BBX 16 11 1 -3
BITMAP
73F8
DB30
DB30
F330
C33E
C333
C333
6333
6003
380E
0FF8
ENDCHAR
STARTCHAR F6EA
ENCODING 63210
SWIDTH 1062 0
DWIDTH 17 0
BBX 15 11 1 -3
BITMAP
CC60
CC60
CC60
CC60
CC60
DC7C
EC66
CFE6
0066
C01C
7FF0
ENDCHAR
STARTCHAR F6EB
ENCODING 63211
SWIDTH 1125 0
DWIDTH 18 0
BBX 16 11 1 -3
BITMAP
731E
DB33
DB33
F333
C333
C333
C333
63FF
6030
3860
0FC0
ENDCHAR
STARTCHAR F6EC
ENCODING 63212
SWIDTH 875 0
DWIDTH 14 0
BBX 12 11 1 -3
BITMAP
C300
C300
C300
C300
C300
C3E0
C330
FF30
0330
C0E0
7F80
ENDCHAR
STARTCHAR F6ED
ENCODING 63213
SWIDTH 1500 0
DWIDTH 24 0
BBX 22 11 1 -3
BITMAP
3F71FC
61D998
C1CD98
C36D98
F36D98
DB6D98
DB6D98
7FFF98
C01800
C07000
7FC000
ENDCHAR
STARTCHAR F6EE
ENCODING 63214
SWIDTH 1250 0
DWIDTH 20 0
BBX 18 11 1 -3
BITMAP
FF1FC0
CC1980
CC1980
CF9980
CCD980
CCD980
CCD980
FFF980
C18000
C70000
7C0000
ENDCHAR
STARTCHAR F6EF
ENCODING 63215
SWIDTH 625 0
DWIDTH 10 0
BBX 8 11 1 0
BITMAP
18
18
00
C3
C3
C3
C3
C3
C3
C3
FF
ENDCHAR
STARTCHAR F701
ENCODING 63233
SWIDTH 0 0
DWIDTH 0 0
BBX 5 1 -7 8
BITMAP
F8
ENDCHAR
STARTCHAR F702
ENCODING 63234
SWIDTH 0 0
DWIDTH 0 0
BBX 5 2 -7 8
BITMAP
08
F8
ENDCHAR
STARTCHAR F703
ENCODING 63235
SWIDTH 0 0
DWIDTH 0 0
BBX 5 2 -7 8
BITMAP
18
F8
ENDCHAR
STARTCHAR F704
ENCODING 63236
SWIDTH 0 0
DWIDTH 0 0
BBX 5 2 -7 8
BITMAP
28
F8
ENDCHAR
STARTCHAR F705
ENCODING 63237
SWIDTH 0 0
DWIDTH 0 0
BBX 1 2 -5 11
BITMAP
80
80
ENDCHAR
STARTCHAR F706
ENCODING 63238
SWIDTH 0 0
DWIDTH 0 0
BBX 6 2 -8 11
BITMAP
E4
78
ENDCHAR
STARTCHAR F707
ENCODING 63239
SWIDTH 0 0
DWIDTH 0 0
BBX 7 2 -8 11
BITMAP
D8
AE
ENDCHAR
STARTCHAR F708
ENCODING 63240
SWIDTH 0 0
DWIDTH 0 0
BBX 3 3 -5 10
BITMAP
40
E0
40
ENDCHAR
STARTCHAR F709
ENCODING 63241
SWIDTH 0 0
DWIDTH 0 0
BBX 4 2 -6 8
BITMAP
70
C0
ENDCHAR
STARTCHAR F70A
ENCODING 63242
SWIDTH 0 0
DWIDTH 0 0
BBX 1 2 -5 11
BITMAP
80
80
ENDCHAR
STARTCHAR F70B
ENCODING 63243
SWIDTH 0 0
DWIDTH 0 0
BBX 6 2 -8 11
BITMAP
E4
78
ENDCHAR
STARTCHAR F70C
ENCODING 63244
SWIDTH 0 0
DWIDTH 0 0
BBX 7 2 -8 11
BITMAP
D8
AE
ENDCHAR
STARTCHAR F70D
ENCODING 63245
SWIDTH 0 0
DWIDTH 0 0
BBX 3 3 -5 10
BITMAP
40
E0
40
ENDCHAR
STARTCHAR F70E
ENCODING 63246
SWIDTH 0 0
DWIDTH 0 0
BBX 4 2 -6 8
BITMAP
70
C0
ENDCHAR
STARTCHAR F710
ENCODING 63248
SWIDTH 0 0
DWIDTH 0 0
BBX 6 2 -8 11
BITMAP
E4
78
ENDCHAR
STARTCHAR F711
ENCODING 63249
SWIDTH 0 0
DWIDTH 0 0
BBX 3 3 -4 8
BITMAP
40
A0
40
ENDCHAR
STARTCHAR F712
ENCODING 63250
SWIDTH 0 0
DWIDTH 0 0
BBX 5 3 -7 8
BITMAP
78
A0
D8
ENDCHAR
STARTCHAR F713
ENCODING 63251
SWIDTH 0 0
DWIDTH 0 0
BBX 1 2 -5 11
BITMAP
80
80
ENDCHAR
STARTCHAR F714
ENCODING 63252
SWIDTH 0 0
DWIDTH 0 0
BBX 6 2 -8 11
BITMAP
E4
78
ENDCHAR
STARTCHAR F715
ENCODING 63253
SWIDTH 0 0
DWIDTH 0 0
BBX 7 2 -8 11
BITMAP
D8
AE
ENDCHAR
STARTCHAR F716
ENCODING 63254
SWIDTH 0 0
DWIDTH 0 0
BBX 3 3 -5 10
BITMAP
40
E0
40
ENDCHAR
STARTCHAR F717
ENCODING 63255
SWIDTH 0 0
DWIDTH 0 0
BBX 4 2 -6 8
BITMAP
70
C0
ENDCHAR
STARTCHAR F718
ENCODING 63256
SWIDTH 0 0
DWIDTH 0 0
BBX 3 2 -5 -3
BITMAP
E0
60
ENDCHAR
STARTCHAR F719
ENCODING 63257
SWIDTH 0 0
DWIDTH 0 0
BBX 5 2 -7 -3
BITMAP
D8
70
ENDCHAR
STARTCHAR F71A
ENCODING 63258
SWIDTH 0 0
DWIDTH 0 0
BBX 2 2 -3 -3
BITMAP
C0
C0
ENDCHAR
STARTCHAR F71C
ENCODING 63260
SWIDTH 0 0
DWIDTH 0 0
BBX 3 2 -5 -3
BITMAP
60
C0
ENDCHAR
STARTCHAR F71D
ENCODING 63261
SWIDTH 0 0
DWIDTH 0 0
BBX 5 2 -7 -3
BITMAP
F8
88
ENDCHAR
STARTCHAR F720
ENCODING 63264
SWIDTH 500 0
DWIDTH 8 0
BBX 3 9 2 0
BITMAP
40
E0
E0
E0
40
40
00
40
40
ENDCHAR
STARTCHAR F721
ENCODING 63265
SWIDTH 500 0
DWIDTH 8 0
BBX 6 9 1 0
BITMAP
48
48
FC
48
48
48
FC
48
48
ENDCHAR
STARTCHAR F722
ENCODING 63266
SWIDTH 500 0
DWIDTH 8 0
BBX 7 11 0 -1
BITMAP
60
90
90
64
08
10
20
4C
12
12
0C
ENDCHAR
STARTCHAR F723
ENCODING 63267
SWIDTH 500 0
DWIDTH 8 0
BBX 5 9 1 0
BITMAP
60
90
90
60
80
B8
90
90
68
ENDCHAR
STARTCHAR F724
ENCODING 63268
SWIDTH 500 0
DWIDTH 8 0
BBX 3 11 2 -2
BITMAP
20
40
40
80
80
80
80
80
40
40
20
ENDCHAR
STARTCHAR F725
ENCODING 63269
SWIDTH 500 0
DWIDTH 8 0
BBX 3 11 2 -2
BITMAP
80
40
40
20
20
20
20
20
40
40
80
ENDCHAR
STARTCHAR F726
ENCODING 63270
SWIDTH 500 0
DWIDTH 8 0
BBX 6 5 1 2
BITMAP
48
30
FC
30
48
ENDCHAR
STARTCHAR F727
ENCODING 63271
SWIDTH 500 0
DWIDTH 8 0
BBX 2 4 3 -2
BITMAP
C0
C0
40
80
ENDCHAR
STARTCHAR F728
ENCODING 63272
SWIDTH 500 0
DWIDTH 8 0
BBX 2 2 3 0
BITMAP
C0
C0
ENDCHAR
STARTCHAR F729
ENCODING 63273
SWIDTH 500 0
DWIDTH 8 0
BBX 5 10 1 -1
BITMAP
08
08
10
10
20
20
40
40
80
80
ENDCHAR
STARTCHAR F72A
ENCODING 63274
SWIDTH 500 0
DWIDTH 8 0
BBX 5 9 2 0
BITMAP
70
88
98
98
88
C8
C8
88
70
ENDCHAR
STARTCHAR F72B
ENCODING 63275
SWIDTH 500 0
DWIDTH 8 0
BBX 4 9 1 0
BITMAP
10
30
F0
10
10
10
10
10
10
ENDCHAR
STARTCHAR F72C
ENCODING 63276
SWIDTH 500 0
DWIDTH 8 0
BBX 5 9 1 0
BITMAP
70
88
88
08
10
20
40
80
F8
ENDCHAR
STARTCHAR F72D
ENCODING 63277
SWIDTH 500 0
DWIDTH 8 0
BBX 5 9 1 0
BITMAP
70
88
88
08
30
08
88
88
70
ENDCHAR
STARTCHAR F72E
ENCODING 63278
SWIDTH 500 0
DWIDTH 8 0
BBX 6 9 1 0
BITMAP
40
40
48
48
48
88
FC
08
08
ENDCHAR
STARTCHAR F72F
ENCODING 63279
SWIDTH 500 0
DWIDTH 8 0
BBX 5 9 1 0
BITMAP
F8
80
80
80
F0
08
08
10
E0
ENDCHAR
STARTCHAR F730
ENCODING 63280
SWIDTH 500 0
DWIDTH 8 0
BBX 5 9 1 0
BITMAP
30
20
40
F0
88
88
88
88
70
ENDCHAR
STARTCHAR F731
ENCODING 63281
SWIDTH 500 0
DWIDTH 8 0
BBX 5 9 1 0
BITMAP
F8
08
10
10
20
20
40
40
40
ENDCHAR
STARTCHAR F732
ENCODING 63282
SWIDTH 500 0
DWIDTH 8 0
BBX 5 9 1 0
BITMAP
70
88
88
C8
70
98
88
88
70
ENDCHAR
STARTCHAR F733
ENCODING 63283
SWIDTH 500 0
DWIDTH 8 0
BBX 5 9 1 0
BITMAP
70
88
88
88
88
78
10
20
60
ENDCHAR
STARTCHAR F734
ENCODING 63284
SWIDTH 500 0
DWIDTH 8 0
BBX 2 7 3 0
BITMAP
C0
C0
00
00
00
C0
C0
ENDCHAR
STARTCHAR F735
ENCODING 63285
SWIDTH 500 0
DWIDTH 8 0
BBX 2 9 3 -2
BITMAP
C0
C0
00
00
00
C0
C0
40
80
ENDCHAR
STARTCHAR F736
ENCODING 63286
SWIDTH 500 0
DWIDTH 8 0
BBX 5 9 1 0
BITMAP
70
88
88
10
20
20
00
20
20
ENDCHAR
STARTCHAR F737
ENCODING 63287
SWIDTH 500 0
DWIDTH 8 0
BBX 7 9 0 0
BITMAP
7C
82
82
8E
92
92
8E
80
7E
ENDCHAR
STARTCHAR F738
ENCODING 63288
SWIDTH 500 0
DWIDTH 8 0
BBX 5 9 1 0
BITMAP
20
50
88
88
88
F8
88
88
88
ENDCHAR
STARTCHAR F739
ENCODING 63289
SWIDTH 500 0
DWIDTH 8 0
BBX 5 9 1 0
BITMAP
F0
88
88
88
F0
88
88
88
F0
ENDCHAR
STARTCHAR F73A
ENCODING 63290
SWIDTH 500 0
DWIDTH 8 0
BBX 5 9 1 0
BITMAP
70
88
88
80
80
80
88
88
70
ENDCHAR
STARTCHAR F73B
ENCODING 63291
SWIDTH 500 0
DWIDTH 8 0
BBX 5 9 1 0
BITMAP
E0
90
88
88
88
88
88
90
E0
ENDCHAR
STARTCHAR F73C
ENCODING 63292
SWIDTH 500 0
DWIDTH 8 0
BBX 5 9 1 0
BITMAP
F8
80
80
80
F0
80
80
80
F8
ENDCHAR
STARTCHAR F73D
ENCODING 63293
SWIDTH 500 0
DWIDTH 8 0
BBX 5 9 1 0
BITMAP
F8
80
80
80
F0
80
80
80
80
ENDCHAR
STARTCHAR F73E
ENCODING 63294
SWIDTH 500 0
DWIDTH 8 0
BBX 5 9 1 0
BITMAP
70
88
88
80
80
98
88
88
78
ENDCHAR
STARTCHAR F73F
ENCODING 63295
SWIDTH 500 0
DWIDTH 8 0
BBX 5 9 1 0
BITMAP
88
88
88
88
F8
88
88
88
88
ENDCHAR
STARTCHAR F740
ENCODING 63296
SWIDTH 500 0
DWIDTH 8 0
BBX 3 9 2 0
BITMAP
E0
40
40
40
40
40
40
40
E0
ENDCHAR
STARTCHAR F741
ENCODING 63297
SWIDTH 500 0
DWIDTH 8 0
BBX 5 9 1 0
BITMAP
08
08
08
08
08
08
88
88
70
ENDCHAR
STARTCHAR F742
ENCODING 63298
SWIDTH 500 0
DWIDTH 8 0
BBX 5 9 1 0
BITMAP
88
88
90
90
E0
90
90
88
88
ENDCHAR
STARTCHAR F743
ENCODING 63299
SWIDTH 500 0
DWIDTH 8 0
BBX 5 9 1 0
BITMAP
80
80
80
80
80
80
80
80
F8
ENDCHAR
STARTCHAR F744
ENCODING 63300
SWIDTH 500 0
DWIDTH 8 0
BBX 5 9 1 0
BITMAP
88
88
D8
D8
A8
A8
88
88
88
ENDCHAR
STARTCHAR F745
ENCODING 63301
SWIDTH 500 0
DWIDTH 8 0
BBX 5 9 1 0
BITMAP
88
C8
C8
A8
A8
98
98
88
88
ENDCHAR
STARTCHAR F746
ENCODING 63302
SWIDTH 500 0
DWIDTH 8 0
BBX 5 9 1 0
BITMAP
70
88
88
88
88
88
88
88
70
ENDCHAR
STARTCHAR F747
ENCODING 63303
SWIDTH 500 0
DWIDTH 8 0
BBX 5 9 1 0
BITMAP
F0
88
88
88
F0
80
80
80
80
ENDCHAR
STARTCHAR F748
ENCODING 63304
SWIDTH 500 0
DWIDTH 8 0
BBX 5 11 1 -2
BITMAP
70
88
88
88
88
88
88
88
70
10
08
ENDCHAR
STARTCHAR F749
ENCODING 63305
SWIDTH 500 0
DWIDTH 8 0
BBX 5 9 1 0
BITMAP
F0
88
88
88
F0
90
88
88
88
ENDCHAR
STARTCHAR F74A
ENCODING 63306
SWIDTH 500 0
DWIDTH 8 0
BBX 5 9 1 0
BITMAP
70
88
80
40
20
10
08
88
70
ENDCHAR
STARTCHAR F74B
ENCODING 63307
SWIDTH 500 0
DWIDTH 8 0
BBX 5 9 1 0
BITMAP
F8
20
20
20
20
20
20
20
20
ENDCHAR
STARTCHAR F74C
ENCODING 63308
SWIDTH 500 0
DWIDTH 8 0
BBX 5 9 1 0
BITMAP
88
88
88
88
88
88
88
88
70
ENDCHAR
STARTCHAR F74D
ENCODING 63309
SWIDTH 500 0
DWIDTH 8 0
BBX 5 9 1 0
BITMAP
88
88
88
88
88
88
88
50
20
ENDCHAR
STARTCHAR F74E
ENCODING 63310
SWIDTH 500 0
DWIDTH 8 0
BBX 5 9 1 0
BITMAP
88
88
88
A8
A8
A8
50
50
50
ENDCHAR
STARTCHAR F74F
ENCODING 63311
SWIDTH 500 0
DWIDTH 8 0
BBX 5 9 1 0
BITMAP
88
88
50
50
20
50
50
88
88
ENDCHAR
STARTCHAR F750
ENCODING 63312
SWIDTH 500 0
DWIDTH 8 0
BBX 5 9 1 0
BITMAP
88
88
88
88
50
20
20
20
20
ENDCHAR
STARTCHAR F751
ENCODING 63313
SWIDTH 500 0
DWIDTH 8 0
BBX 5 9 1 0
BITMAP
F8
08
08
10
20
40
80
80
F8
ENDCHAR
STARTCHAR F752
ENCODING 63314
SWIDTH 500 0
DWIDTH 8 0
BBX 5 7 1 0
BITMAP
70
08
08
78
88
88
78
ENDCHAR
STARTCHAR F753
ENCODING 63315
SWIDTH 500 0
DWIDTH 8 0
BBX 5 9 1 0
BITMAP
80
80
F0
88
88
88
88
88
F0
ENDCHAR
STARTCHAR F754
ENCODING 63316
SWIDTH 500 0
DWIDTH 8 0
BBX 5 7 1 0
BITMAP
70
88
80
80
80
88
70
ENDCHAR
STARTCHAR F755
ENCODING 63317
SWIDTH 500 0
DWIDTH 8 0
BBX 5 9 1 0
BITMAP
08
08
78
88
88
88
88
88
78
ENDCHAR
STARTCHAR F756
ENCODING 63318
SWIDTH 500 0
DWIDTH 8 0
BBX 5 7 1 0
BITMAP
70
88
88
F8
80
80
70
ENDCHAR
STARTCHAR F757
ENCODING 63319
SWIDTH 500 0
DWIDTH 8 0
BBX 5 9 1 0
BITMAP
38
40
40
40
F8
40
40
40
40
ENDCHAR
STARTCHAR F758
ENCODING 63320
SWIDTH 500 0
DWIDTH 8 0
BBX 5 10 1 -3
BITMAP
78
88
88
88
88
88
78
08
08
F0
ENDCHAR
STARTCHAR F759
ENCODING 63321
SWIDTH 500 0
DWIDTH 8 0
BBX 5 9 1 0
BITMAP
80
80
F0
88
88
88
88
88
88
ENDCHAR
STARTCHAR F75A
ENCODING 63322
SWIDTH 500 0
DWIDTH 8 0
BBX 5 10 1 0
BITMAP
20
20
00
E0
20
20
20
20
20
F8
ENDCHAR
STARTCHAR F75B
ENCODING 63323
SWIDTH 500 0
DWIDTH 8 0
BBX 4 13 1 -3
BITMAP
10
10
00
70
10
10
10
10
10
10
10
10
E0
ENDCHAR
STARTCHAR F75C
ENCODING 63324
SWIDTH 500 0
DWIDTH 8 0
BBX 5 9 1 0
BITMAP
80
80
88
88
90
E0
90
88
88
ENDCHAR
STARTCHAR F75D
ENCODING 63325
SWIDTH 500 0
DWIDTH 8 0
BBX 5 9 1 0
BITMAP
E0
20
20
20
20
20
20
20
F8
ENDCHAR
STARTCHAR F75E
ENCODING 63326
SWIDTH 500 0
DWIDTH 8 0
BBX 5 7 1 0
BITMAP
F0
A8
A8
A8
A8
A8
88
ENDCHAR
STARTCHAR F75F
ENCODING 63327
SWIDTH 500 0
DWIDTH 8 0
BBX 5 7 1 0
BITMAP
F0
88
88
88
88
88
88
ENDCHAR
STARTCHAR F760
ENCODING 63328
SWIDTH 500 0
DWIDTH 8 0
BBX 5 7 1 0
BITMAP
70
88
88
88
88
88
70
ENDCHAR
STARTCHAR F761
ENCODING 63329
SWIDTH 500 0
DWIDTH 8 0
BBX 5 10 1 -3
BITMAP
F0
88
88
88
88
88
F0
80
80
80
ENDCHAR
STARTCHAR F762
ENCODING 63330
SWIDTH 500 0
DWIDTH 8 0
BBX 5 10 1 -3
BITMAP
78
88
88
88
88
88
78
08
08
08
ENDCHAR
STARTCHAR F763
ENCODING 63331
SWIDTH 500 0
DWIDTH 8 0
BBX 5 7 2 0
BITMAP
B8
C0
80
80
80
80
80
ENDCHAR
STARTCHAR F764
ENCODING 63332
SWIDTH 500 0
DWIDTH 8 0
BBX 5 7 1 0
BITMAP
78
80
80
70
08
08
F0
ENDCHAR
STARTCHAR F765
ENCODING 63333
SWIDTH 500 0
DWIDTH 8 0
BBX 5 9 1 0
BITMAP
40
40
F8
40
40
40
40
40
38
ENDCHAR
STARTCHAR F766
ENCODING 63334
SWIDTH 500 0
DWIDTH 8 0
BBX 5 7 1 0
BITMAP
88
88
88
88
88
88
78
ENDCHAR
STARTCHAR F767
ENCODING 63335
SWIDTH 500 0
DWIDTH 8 0
BBX 5 7 1 0
BITMAP
88
88
88
88
88
50
20
ENDCHAR
STARTCHAR F768
ENCODING 63336
SWIDTH 500 0
DWIDTH 8 0
BBX 5 7 1 0
BITMAP
88
A8
A8
A8
A8
50
50
ENDCHAR
STARTCHAR F769
ENCODING 63337
SWIDTH 500 0
DWIDTH 8 0
BBX 5 7 1 0
BITMAP
88
88
50
20
50
88
88
ENDCHAR
STARTCHAR F76A
ENCODING 63338
SWIDTH 500 0
DWIDTH 8 0
BBX 6 10 0 -3
BITMAP
44
44
44
44
44
44
38
08
10
E0
ENDCHAR
STARTCHAR F76B
ENCODING 63339
SWIDTH 500 0
DWIDTH 8 0
BBX 5 7 1 0
BITMAP
F8
08
10
20
40
80
F8
ENDCHAR
STARTCHAR F76C
ENCODING 63340
SWIDTH 500 0
DWIDTH 8 0
BBX 4 11 1 -2
BITMAP
10
20
20
20
40
80
40
20
20
20
10
ENDCHAR
STARTCHAR F76D
ENCODING 63341
SWIDTH 500 0
DWIDTH 8 0
BBX 4 11 2 -2
BITMAP
80
40
40
40
20
10
20
40
40
40
80
ENDCHAR
STARTCHAR F76E
ENCODING 63342
SWIDTH 500 0
DWIDTH 8 0
BBX 2 4 3 5
BITMAP
40
80
C0
C0
ENDCHAR
STARTCHAR F76F
ENCODING 63343
SWIDTH 500 0
DWIDTH 8 0
BBX 2 4 3 5
BITMAP
C0
C0
40
80
ENDCHAR
STARTCHAR F770
ENCODING 63344
SWIDTH 500 0
DWIDTH 8 0
BBX 7 9 1 0
BITMAP
10
10
28
28
28
7C
44
44
EE
ENDCHAR
STARTCHAR F771
ENCODING 63345
SWIDTH 500 0
DWIDTH 8 0
BBX 6 9 1 0
BITMAP
F8
44
44
44
78
44
44
44
F8
ENDCHAR
STARTCHAR F772
ENCODING 63346
SWIDTH 500 0
DWIDTH 8 0
BBX 5 9 2 0
BITMAP
78
88
88
80
80
80
88
88
70
ENDCHAR
STARTCHAR F773
ENCODING 63347
SWIDTH 500 0
DWIDTH 8 0
BBX 6 9 1 0
BITMAP
F0
48
44
44
44
44
44
48
F0
ENDCHAR
STARTCHAR F774
ENCODING 63348
SWIDTH 500 0
DWIDTH 8 0
BBX 6 9 1 0
BITMAP
FC
44
40
48
78
48
40
44
FC
ENDCHAR
STARTCHAR F775
ENCODING 63349
SWIDTH 500 0
DWIDTH 8 0
BBX 6 9 1 0
BITMAP
FC
44
40
48
78
48
40
40
E0
ENDCHAR
STARTCHAR F776
ENCODING 63350
SWIDTH 500 0
DWIDTH 8 0
BBX 6 9 1 0
BITMAP
78
88
88
80
80
9C
88
88
78
ENDCHAR
STARTCHAR F777
ENCODING 63351
SWIDTH 500 0
DWIDTH 8 0
BBX 7 9 1 0
BITMAP
EE
44
44
44
7C
44
44
44
EE
ENDCHAR
STARTCHAR F778
ENCODING 63352
SWIDTH 500 0
DWIDTH 8 0
BBX 5 9 2 0
BITMAP
F8
20
20
20
20
20
20
20
F8
ENDCHAR
STARTCHAR F779
ENCODING 63353
SWIDTH 500 0
DWIDTH 8 0
BBX 5 9 2 0
BITMAP
F8
88
08
08
08
08
88
88
70
ENDCHAR
STARTCHAR F77A
ENCODING 63354
SWIDTH 500 0
DWIDTH 8 0
BBX 7 9 1 0
BITMAP
E6
44
48
48
70
48
48
44
E6
ENDCHAR
STARTCHAR F77B
ENCODING 63355
SWIDTH 500 0
DWIDTH 8 0
BBX 6 9 1 0
BITMAP
E0
40
40
40
40
40
40
44
FC
ENDCHAR
STARTCHAR F77C
ENCODING 63356
SWIDTH 500 0
DWIDTH 8 0
BBX 7 9 1 0
BITMAP
C6
44
6C
6C
54
54
44
44
EE
ENDCHAR
STARTCHAR F77D
ENCODING 63357
SWIDTH 500 0
DWIDTH 8 0
BBX 7 9 1 0
BITMAP
CE
64
64
54
54
4C
4C
44
E4
ENDCHAR
STARTCHAR F77E
ENCODING 63358
SWIDTH 500 0
DWIDTH 8 0
BBX 5 9 2 0
BITMAP
70
88
88
88
88
88
88
88
70
ENDCHAR
STARTCHAR F77F
ENCODING 63359
SWIDTH 500 0
DWIDTH 8 0
BBX 6 9 1 0
BITMAP
F8
44
44
44
78
40
40
40
E0
ENDCHAR
STARTCHAR F780
ENCODING 63360
SWIDTH 500 0
DWIDTH 8 0
BBX 6 11 2 -2
BITMAP
70
88
88
88
88
88
88
88
70
10
0C
ENDCHAR
STARTCHAR F781
ENCODING 63361
SWIDTH 500 0
DWIDTH 8 0
BBX 7 9 1 0
BITMAP
F8
44
44
44
78
48
44
44
E6
ENDCHAR
STARTCHAR F782
ENCODING 63362
SWIDTH 500 0
DWIDTH 8 0
BBX 5 9 2 0
BITMAP
78
88
80
40
20
10
08
88
F0
ENDCHAR
STARTCHAR F783
ENCODING 63363
SWIDTH 500 0
DWIDTH 8 0
BBX 7 9 1 0
BITMAP
FE
92
10
10
10
10
10
10
38
ENDCHAR
STARTCHAR F784
ENCODING 63364
SWIDTH 500 0
DWIDTH 8 0
BBX 7 9 1 0
BITMAP
EE
44
44
44
44
44
44
44
38
ENDCHAR
STARTCHAR F785
ENCODING 63365
SWIDTH 500 0
DWIDTH 8 0
BBX 7 9 1 0
BITMAP
EE
44
44
44
28
28
28
10
10
ENDCHAR
STARTCHAR F786
ENCODING 63366
SWIDTH 500 0
DWIDTH 8 0
BBX 7 9 1 0
BITMAP
EE
44
44
54
54
54
28
28
28
ENDCHAR
STARTCHAR F787
ENCODING 63367
SWIDTH 500 0
DWIDTH 8 0
BBX 7 9 1 0
BITMAP
EE
44
28
28
10
28
28
44
EE
ENDCHAR
STARTCHAR F788
ENCODING 63368
SWIDTH 500 0
DWIDTH 8 0
BBX 7 9 1 0
BITMAP
EE
44
44
28
28
10
10
10
38
ENDCHAR
STARTCHAR F789
ENCODING 63369
SWIDTH 500 0
DWIDTH 8 0
BBX 5 9 2 0
BITMAP
F8
88
08
10
20
40
80
88
F8
ENDCHAR
STARTCHAR F78A
ENCODING 63370
SWIDTH 500 0
DWIDTH 8 0
BBX 7 11 1 0
BITMAP
28
00
10
10
28
28
28
7C
44
44
EE
ENDCHAR
STARTCHAR F78B
ENCODING 63371
SWIDTH 500 0
DWIDTH 8 0
BBX 5 11 2 0
BITMAP
50
00
70
88
88
88
88
88
88
88
70
ENDCHAR
STARTCHAR F78C
ENCODING 63372
SWIDTH 500 0
DWIDTH 8 0
BBX 7 11 1 0
BITMAP
28
00
EE
44
44
44
44
44
44
44
38
ENDCHAR
STARTCHAR F78D
ENCODING 63373
SWIDTH 500 0
DWIDTH 8 0
BBX 5 12 2 -3
BITMAP
78
88
88
80
80
80
88
88
70
20
10
60
ENDCHAR
STARTCHAR F78E
ENCODING 63374
SWIDTH 500 0
DWIDTH 8 0
BBX 5 4 2 5
BITMAP
48
90
D8
D8
ENDCHAR
STARTCHAR F78F
ENCODING 63375
SWIDTH 500 0
DWIDTH 8 0
BBX 5 4 2 5
BITMAP
D8
D8
48
90
ENDCHAR
STARTCHAR F790
ENCODING 63376
SWIDTH 500 0
DWIDTH 8 0
BBX 5 7 2 0
BITMAP
70
08
08
78
88
98
68
ENDCHAR
STARTCHAR F791
ENCODING 63377
SWIDTH 500 0
DWIDTH 8 0
BBX 6 9 1 0
BITMAP
C0
40
58
64
44
44
44
64
D8
ENDCHAR
STARTCHAR F792
ENCODING 63378
SWIDTH 500 0
DWIDTH 8 0
BBX 5 7 2 0
BITMAP
78
88
80
80
80
88
70
ENDCHAR
STARTCHAR F793
ENCODING 63379
SWIDTH 500 0
DWIDTH 8 0
BBX 6 9 1 0
BITMAP
18
08
68
98
88
88
88
98
6C
ENDCHAR
STARTCHAR F794
ENCODING 63380
SWIDTH 500 0
DWIDTH 8 0
BBX 5 7 2 0
BITMAP
70
88
88
F8
80
80
70
ENDCHAR
STARTCHAR F795
ENCODING 63381
SWIDTH 500 0
DWIDTH 8 0
BBX 5 9 2 0
BITMAP
38
40
40
40
F0
40
40
40
E0
ENDCHAR
STARTCHAR F796
ENCODING 63382
SWIDTH 500 0
DWIDTH 8 0
BBX 6 10 1 -3
BITMAP
7C
88
88
88
70
40
78
84
84
78
ENDCHAR
STARTCHAR F797
ENCODING 63383
SWIDTH 500 0
DWIDTH 8 0
BBX 7 9 1 0
BITMAP
C0
40
58
64
44
44
44
44
EE
ENDCHAR
STARTCHAR F798
ENCODING 63384
SWIDTH 500 0
DWIDTH 8 0
BBX 5 10 2 0
BITMAP
20
20
00
E0
20
20
20
20
20
F8
ENDCHAR
STARTCHAR F799
ENCODING 63385
SWIDTH 500 0
DWIDTH 8 0
BBX 4 13 2 -3
BITMAP
10
10
00
70
10
10
10
10
10
10
10
10
E0
ENDCHAR
STARTCHAR F79A
ENCODING 63386
SWIDTH 500 0
DWIDTH 8 0
BBX 7 9 1 0
BITMAP
C0
40
4E
48
50
70
48
44
E6
ENDCHAR
STARTCHAR F79B
ENCODING 63387
SWIDTH 500 0
DWIDTH 8 0
BBX 5 9 2 0
BITMAP
E0
20
20
20
20
20
20
20
F8
ENDCHAR
STARTCHAR F79C
ENCODING 63388
SWIDTH 500 0
DWIDTH 8 0
BBX 7 7 1 0
BITMAP
F8
54
54
54
54
54
FE
ENDCHAR
STARTCHAR F79D
ENCODING 63389
SWIDTH 500 0
DWIDTH 8 0
BBX 7 7 1 0
BITMAP
D8
64
44
44
44
44
EE
ENDCHAR
STARTCHAR F79E
ENCODING 63390
SWIDTH 500 0
DWIDTH 8 0
BBX 5 7 2 0
BITMAP
70
88
88
88
88
88
70
ENDCHAR
STARTCHAR F79F
ENCODING 63391
SWIDTH 500 0
DWIDTH 8 0
BBX 6 10 1 -3
BITMAP
D8
64
44
44
44
64
58
40
40
E0
ENDCHAR
STARTCHAR F7A0
ENCODING 63392
SWIDTH 500 0
DWIDTH 8 0
BBX 6 10 1 -3
BITMAP
6C
98
88
88
88
98
68
08
08
1C
ENDCHAR
STARTCHAR F7A1
ENCODING 63393
SWIDTH 500 0
DWIDTH 8 0
BBX 6 7 1 0
BITMAP
DC
64
40
40
40
40
E0
ENDCHAR
STARTCHAR F7A2
ENCODING 63394
SWIDTH 500 0
DWIDTH 8 0
BBX 5 7 2 0
BITMAP
78
88
80
70
08
88
F0
ENDCHAR
STARTCHAR F7A3
ENCODING 63395
SWIDTH 500 0
DWIDTH 8 0
BBX 5 9 1 0
BITMAP
40
40
F8
40
40
40
40
40
38
ENDCHAR
STARTCHAR F7A4
ENCODING 63396
SWIDTH 500 0
DWIDTH 8 0
BBX 6 7 1 0
BITMAP
CC
44
44
44
44
4C
34
ENDCHAR
STARTCHAR F7A5
ENCODING 63397
SWIDTH 500 0
DWIDTH 8 0
BBX 7 7 1 0
BITMAP
EE
44
44
28
28
10
10
ENDCHAR
STARTCHAR F7A6
ENCODING 63398
SWIDTH 500 0
DWIDTH 8 0
BBX 7 7 1 0
BITMAP
EE
54
54
54
54
28
28
ENDCHAR
STARTCHAR F7A7
ENCODING 63399
SWIDTH 500 0
DWIDTH 8 0
BBX 7 7 1 0
BITMAP
EE
44
28
10
28
44
EE
ENDCHAR
STARTCHAR F7A8
ENCODING 63400
SWIDTH 500 0
DWIDTH 8 0
BBX 7 10 1 -3
BITMAP
EE
44
44
28
28
10
10
10
20
C0
ENDCHAR
STARTCHAR F7A9
ENCODING 63401
SWIDTH 500 0
DWIDTH 8 0
BBX 5 7 2 0
BITMAP
F8
88
10
20
40
88
F8
ENDCHAR
STARTCHAR F7AA
ENCODING 63402
SWIDTH 500 0
DWIDTH 8 0
BBX 5 9 2 0
BITMAP
50
00
70
08
08
78
88
98
68
ENDCHAR
STARTCHAR F7AB
ENCODING 63403
SWIDTH 500 0
DWIDTH 8 0
BBX 5 9 2 0
BITMAP
50
00
70
88
88
88
88
88
70
ENDCHAR
STARTCHAR F7AC
ENCODING 63404
SWIDTH 500 0
DWIDTH 8 0
BBX 6 9 1 0
BITMAP
28
00
CC
44
44
44
44
4C
34
ENDCHAR
STARTCHAR F7AD
ENCODING 63405
SWIDTH 500 0
DWIDTH 8 0
BBX 5 10 2 -3
BITMAP
78
88
80
80
80
88
70
20
10
60
ENDCHAR
STARTCHAR F7AE
ENCODING 63406
SWIDTH 500 0
DWIDTH 8 0
BBX 5 10 2 -1
BITMAP
80
80
40
40
20
20
10
10
08
08
ENDCHAR
STARTCHAR F7AF
ENCODING 63407
SWIDTH 500 0
DWIDTH 8 0
BBX 6 9 1 0
BITMAP
30
48
48
58
44
44
44
44
D8
ENDCHAR
STARTCHAR F7B0
ENCODING 63408
SWIDTH 500 0
DWIDTH 8 0
BBX 7 12 1 0
BITMAP
08
10
00
10
10
28
28
28
7C
44
44
EE
ENDCHAR
STARTCHAR F7B1
ENCODING 63409
SWIDTH 500 0
DWIDTH 8 0
BBX 5 11 2 0
BITMAP
18
10
20
00
70
08
08
78
88
98
68
ENDCHAR
STARTCHAR F7B2
ENCODING 63410
SWIDTH 500 0
DWIDTH 8 0
BBX 6 12 1 0
BITMAP
08
10
00
FC
44
40
48
78
48
40
44
FC
ENDCHAR
STARTCHAR F7B3
ENCODING 63411
SWIDTH 500 0
DWIDTH 8 0
BBX 5 11 2 0
BITMAP
18
10
20
00
70
88
88
F8
80
80
70
ENDCHAR
STARTCHAR F7B4
ENCODING 63412
SWIDTH 500 0
DWIDTH 8 0
BBX 5 12 2 0
BITMAP
10
20
00
F8
20
20
20
20
20
20
20
F8
ENDCHAR
STARTCHAR F7B5
ENCODING 63413
SWIDTH 500 0
DWIDTH 8 0
BBX 5 11 2 0
BITMAP
18
10
20
00
E0
20
20
20
20
20
F8
ENDCHAR
STARTCHAR F7B6
ENCODING 63414
SWIDTH 500 0
DWIDTH 8 0
BBX 5 12 2 0
BITMAP
10
20
00
70
88
88
88
88
88
88
88
70
ENDCHAR
STARTCHAR F7B7
ENCODING 63415
SWIDTH 500 0
DWIDTH 8 0
BBX 5 11 2 0
BITMAP
18
10
20
00
70
88
88
88
88
88
70
ENDCHAR
STARTCHAR F7B8
ENCODING 63416
SWIDTH 500 0
DWIDTH 8 0
BBX 7 12 1 0
BITMAP
08
10
00
EE
44
44
44
44
44
44
44
38
ENDCHAR
STARTCHAR F7B9
ENCODING 63417
SWIDTH 500 0
DWIDTH 8 0
BBX 6 11 1 0
BITMAP
0C
08
10
00
CC
44
44
44
44
4C
34
ENDCHAR
STARTCHAR F7BA
ENCODING 63418
SWIDTH 500 0
DWIDTH 8 0
BBX 7 12 1 0
BITMAP
10
28
10
10
10
28
28
28
7C
44
44
EE
ENDCHAR
STARTCHAR F7BB
ENCODING 63419
SWIDTH 500 0
DWIDTH 8 0
BBX 5 11 2 0
BITMAP
20
50
20
00
70
08
08
78
88
98
68
ENDCHAR
STARTCHAR F7BC
ENCODING 63420
SWIDTH 500 0
DWIDTH 8 0
BBX 8 9 0 0
BITMAP
1F
19
28
28
2E
78
48
49
EF
ENDCHAR
STARTCHAR F7BD
ENCODING 63421
SWIDTH 500 0
DWIDTH 8 0
BBX 7 7 1 0
BITMAP
6C
12
12
7E
90
90
6E
ENDCHAR
STARTCHAR F7BE
ENCODING 63422
SWIDTH 500 0
DWIDTH 8 0
BBX 7 12 1 0
BITMAP
72
8C
00
CE
64
64
54
54
4C
4C
44
E4
ENDCHAR
STARTCHAR F7BF
ENCODING 63423
SWIDTH 500 0
DWIDTH 8 0
BBX 7 10 1 0
BITMAP
64
98
00
D8
64
44
44
44
44
EE
ENDCHAR
STARTCHAR F7C0
ENCODING 63424
SWIDTH 750 0
DWIDTH 12 0
BBX 10 10 1 0
BITMAP
00C0
3B80
7D80
8D80
8D80
4980
1180
3180
7EC0
9CC0
ENDCHAR
STARTCHAR F7C1
ENCODING 63425
SWIDTH 750 0
DWIDTH 12 0
BBX 10 12 1 0
BITMAP
0500
0A00
00C0
3B80
7D80
8D80
8D80
4980
1180
3180
7EC0
9CC0
ENDCHAR
STARTCHAR F7C2
ENCODING 63426
SWIDTH 750 0
DWIDTH 12 0
BBX 10 9 1 0
BITMAP
7700
9980
D8C0
5980
9F80
10C0
20C0
7880
9F00
ENDCHAR
STARTCHAR F7C3
ENCODING 63427
SWIDTH 687 0
DWIDTH 11 0
BBX 9 10 1 0
BITMAP
1B00
2780
4900
D800
CC00
CC00
D800
6080
7F00
3E00
ENDCHAR
STARTCHAR F7C4
ENCODING 63428
SWIDTH 750 0
DWIDTH 12 0
BBX 10 10 1 0
BITMAP
3C00
7F00
9B80
3080
3040
1840
9840
7040
7C80
8F00
ENDCHAR
STARTCHAR F7C5
ENCODING 63429
SWIDTH 687 0
DWIDTH 11 0
BBX 10 10 1 0
BITMAP
1AC0
2780
4900
D800
CF80
CD00
D800
6080
7F00
3E00
ENDCHAR
STARTCHAR F7C6
ENCODING 63430
SWIDTH 687 0
DWIDTH 11 0
BBX 10 13 1 -3
BITMAP
7C00
FF00
8BC0
9180
5000
1B00
DE00
6C00
6C00
C600
C600
4600
3C00
ENDCHAR
STARTCHAR F7C7
ENCODING 63431
SWIDTH 750 0
DWIDTH 12 0
BBX 10 10 1 0
BITMAP
1A00
2780
4900
CC80
C7C0
D6C0
CCC0
60C0
7180
3E00
ENDCHAR
STARTCHAR F7C8
ENCODING 63432
SWIDTH 687 0
DWIDTH 11 0
BBX 10 13 0 -3
BITMAP
0E00
1700
3200
3100
3B80
1CC0
18C0
58C0
D0C0
6280
0700
0400
0300
ENDCHAR
STARTCHAR F7C9
ENCODING 63433
SWIDTH 625 0
DWIDTH 10 0
BBX 8 10 1 0
BITMAP
72
FE
9D
82
46
06
07
03
72
9C
ENDCHAR
STARTCHAR F7CA
ENCODING 63434
SWIDTH 625 0
DWIDTH 10 0
BBX 9 12 0 -3
BITMAP
3900
7F00
4E80
4100
2300
0300
0300
0380
0180
0180
7900
9E00
ENDCHAR
STARTCHAR F7CB
ENCODING 63435
SWIDTH 687 0
DWIDTH 11 0
BBX 10 10 0 0
BITMAP
1E00
2100
6E80
7300
7200
3E00
3300
1300
91C0
6180
ENDCHAR
STARTCHAR F7CC
ENCODING 63436
SWIDTH 562 0
DWIDTH 9 0
BBX 7 9 1 0
BITMAP
3C
66
66
34
30
10
20
7A
9C
ENDCHAR
STARTCHAR F7CD
ENCODING 63437
SWIDTH 1000 0
DWIDTH 16 0
BBX 14 9 1 0
BITMAP
7770
9998
D98C
5988
9998
1198
2198
719C
9B08
ENDCHAR
STARTCHAR F7CE
ENCODING 63438
SWIDTH 750 0
DWIDTH 12 0
BBX 10 9 1 0
BITMAP
7700
9980
D8C0
5880
9980
1180
2180
71C0
9880
ENDCHAR
STARTCHAR F7CF
ENCODING 63439
SWIDTH 750 0
DWIDTH 12 0
BBX 10 10 1 0
BITMAP
3C00
7F00
8380
C080
E040
6040
4040
B040
7C80
8F00
ENDCHAR
STARTCHAR F7D0
ENCODING 63440
SWIDTH 750 0
DWIDTH 12 0
BBX 10 13 1 0
BITMAP
0500
0A00
0000
3C00
7F00
8380
C080
E040
6040
4040
B040
7C80
8F00
ENDCHAR
STARTCHAR F7D1
ENCODING 63441
SWIDTH 750 0
DWIDTH 12 0
BBX 10 12 1 -3
BITMAP
7700
9980
D8C0
5880
9980
19C0
18C0
7880
9F00
1800
1800
1000
ENDCHAR
STARTCHAR F7D2
ENCODING 63442
SWIDTH 875 0
DWIDTH 14 0
BBX 13 10 1 0
BITMAP
3C00
7F00
8380
C080
E040
6040
4040
B040
7CE8
8F70
ENDCHAR
STARTCHAR F7D3
ENCODING 63443
SWIDTH 750 0
DWIDTH 12 0
BBX 10 9 1 0
BITMAP
7700
9980
D8C0
5880
9B00
1300
2180
71C0
9880
ENDCHAR
STARTCHAR F7D4
ENCODING 63444
SWIDTH 750 0
DWIDTH 12 0
BBX 10 10 1 0
BITMAP
1E00
2740
4380
C800
D180
DFC0
CE40
6040
7880
1F00
ENDCHAR
STARTCHAR F7D5
ENCODING 63445
SWIDTH 750 0
DWIDTH 12 0
BBX 10 10 1 0
BITMAP
7C00
FF00
8BC0
9180
5800
0C00
C400
F840
BF80
0F00
ENDCHAR
STARTCHAR F7D6
ENCODING 63446
SWIDTH 750 0
DWIDTH 12 0
BBX 10 9 1 0
BITMAP
72C0
9980
D980
5980
9980
1180
2180
7AC0
9CC0
ENDCHAR
STARTCHAR F7D7
ENCODING 63447
SWIDTH 750 0
DWIDTH 12 0
BBX 10 12 1 0
BITMAP
0500
0A00
0000
72C0
9980
D980
5980
9980
1180
2180
7AC0
9CC0
ENDCHAR
STARTCHAR F7D8
ENCODING 63448
SWIDTH 750 0
DWIDTH 12 0
BBX 10 9 1 0
BITMAP
7700
9980
D8C0
5880
9980
11C0
20C0
7880
9F00
ENDCHAR
STARTCHAR F7D9
ENCODING 63449
SWIDTH 1000 0
DWIDTH 16 0
BBX 14 9 1 0
BITMAP
7670
9B98
D98C
5988
9998
119C
210C
7B88
9DF0
ENDCHAR
STARTCHAR F7DA
ENCODING 63450
SWIDTH 625 0
DWIDTH 10 0
BBX 8 9 1 0
BITMAP
63
B6
18
18
7E
18
18
6D
C6
ENDCHAR
STARTCHAR F7DB
ENCODING 63451
SWIDTH 750 0
DWIDTH 12 0
BBX 10 12 1 -3
BITMAP
72C0
9980
D980
5980
9980
1180
2180
7B80
9D80
0180
3900
4E00
ENDCHAR
STARTCHAR F7DC
ENCODING 63452
SWIDTH 625 0
DWIDTH 10 0
BBX 9 13 0 -3
BITMAP
1E00
3F00
4380
0180
2100
1E00
1F00
2380
0180
6180
F100
9A00
4C00
ENDCHAR
STARTCHAR F7DD
ENCODING 63453
SWIDTH 312 0
DWIDTH 5 0
BBX 3 3 1 -1
BITMAP
40
E0
40
ENDCHAR
STARTCHAR F7DE
ENCODING 63454
SWIDTH 312 0
DWIDTH 5 0
BBX 3 4 1 -2
BITMAP
40
E0
60
C0
ENDCHAR
STARTCHAR F7DF
ENCODING 63455
SWIDTH 312 0
DWIDTH 5 0
BBX 3 4 1 5
BITMAP
40
E0
60
C0
ENDCHAR
STARTCHAR F7E0
ENCODING 63456
SWIDTH 500 0
DWIDTH 8 0
BBX 6 7 1 0
BITMAP
34
58
D8
D8
D8
DC
68
ENDCHAR
STARTCHAR F7E1
ENCODING 63457
SWIDTH 500 0
DWIDTH 8 0
BBX 6 10 1 0
BITMAP
28
50
00
34
58
D8
D8
D8
DC
68
ENDCHAR
STARTCHAR F7E2
ENCODING 63458
SWIDTH 437 0
DWIDTH 7 0
BBX 5 9 1 0
BITMAP
A0
C0
D0
F8
D8
D8
D8
D0
60
ENDCHAR
STARTCHAR F7E3
ENCODING 63459
SWIDTH 437 0
DWIDTH 7 0
BBX 5 7 1 0
BITMAP
30
58
C0
C0
C0
F0
60
ENDCHAR
STARTCHAR F7E4
ENCODING 63460
SWIDTH 437 0
DWIDTH 7 0
BBX 5 10 1 0
BITMAP
60
C0
E0
70
58
D8
D8
D8
D0
60
ENDCHAR
STARTCHAR F7E5
ENCODING 63461
SWIDTH 437 0
DWIDTH 7 0
BBX 5 7 1 0
BITMAP
30
58
D0
E0
C0
F0
60
ENDCHAR
STARTCHAR F7E6
ENCODING 63462
SWIDTH 375 0
DWIDTH 6 0
BBX 5 12 1 -3
BITMAP
38
70
40
60
F0
60
60
60
60
60
40
80
ENDCHAR
STARTCHAR F7E7
ENCODING 63463
SWIDTH 500 0
DWIDTH 8 0
BBX 6 10 1 -3
BITMAP
34
58
D8
D8
D8
F8
4C
0C
C8
70
ENDCHAR
STARTCHAR F7E8
ENCODING 63464
SWIDTH 437 0
DWIDTH 7 0
BBX 5 12 1 -3
BITMAP
A0
C0
D0
F8
D8
D8
D8
D8
58
18
10
60
ENDCHAR
STARTCHAR F7E9
ENCODING 63465
SWIDTH 375 0
DWIDTH 6 0
BBX 4 11 1 0
BITMAP
20
60
40
00
40
E0
60
60
60
70
20
ENDCHAR
STARTCHAR F7EA
ENCODING 63466
SWIDTH 312 0
DWIDTH 5 0
BBX 3 14 1 -3
BITMAP
20
60
40
00
40
E0
60
60
60
60
60
60
40
80
ENDCHAR
STARTCHAR F7EB
ENCODING 63467
SWIDTH 437 0
DWIDTH 7 0
BBX 5 9 1 0
BITMAP
50
60
78
68
F0
60
60
70
20
ENDCHAR
STARTCHAR F7EC
ENCODING 63468
SWIDTH 312 0
DWIDTH 5 0
BBX 3 9 1 0
BITMAP
A0
C0
C0
C0
C0
C0
C0
E0
40
ENDCHAR
STARTCHAR F7ED
ENCODING 63469
SWIDTH 750 0
DWIDTH 12 0
BBX 10 7 1 0
BITMAP
5B00
EDC0
6D80
6D80
6D80
6DC0
2480
ENDCHAR
STARTCHAR F7EE
ENCODING 63470
SWIDTH 562 0
DWIDTH 9 0
BBX 7 7 1 0
BITMAP
58
EE
6C
6C
6C
6E
24
ENDCHAR
STARTCHAR F7EF
ENCODING 63471
SWIDTH 437 0
DWIDTH 7 0
BBX 5 7 1 0
BITMAP
30
58
D8
D8
D8
D0
60
ENDCHAR
STARTCHAR F7F0
ENCODING 63472
SWIDTH 437 0
DWIDTH 7 0
BBX 5 10 1 0
BITMAP
28
50
00
30
58
D8
D8
D8
D0
60
ENDCHAR
STARTCHAR F7F1
ENCODING 63473
SWIDTH 500 0
DWIDTH 8 0
BBX 6 10 1 -3
BITMAP
58
EC
6C
6C
6C
E8
70
60
60
40
ENDCHAR
STARTCHAR F7F2
ENCODING 63474
SWIDTH 500 0
DWIDTH 8 0
BBX 6 10 1 -3
BITMAP
34
58
D8
D8
D8
F8
58
18
10
20
ENDCHAR
STARTCHAR F7F3
ENCODING 63475
SWIDTH 500 0
DWIDTH 8 0
BBX 6 7 1 0
BITMAP
68
FC
68
60
60
70
20
ENDCHAR
STARTCHAR F7F4
ENCODING 63476
SWIDTH 375 0
DWIDTH 6 0
BBX 5 12 1 -3
BITMAP
38
70
40
60
E0
60
60
60
60
60
40
80
ENDCHAR
STARTCHAR F7F5
ENCODING 63477
SWIDTH 375 0
DWIDTH 6 0
BBX 4 9 1 0
BITMAP
20
60
F0
60
60
60
60
70
20
ENDCHAR
STARTCHAR F7F6
ENCODING 63478
SWIDTH 562 0
DWIDTH 9 0
BBX 7 7 1 0
BITMAP
48
EE
6C
6C
6C
6E
34
ENDCHAR
STARTCHAR F7F7
ENCODING 63479
SWIDTH 562 0
DWIDTH 9 0
BBX 7 10 1 0
BITMAP
14
28
00
48
EE
6C
6C
6C
6E
34
ENDCHAR
STARTCHAR F7F8
ENCODING 63480
SWIDTH 500 0
DWIDTH 8 0
BBX 6 7 1 0
BITMAP
58
EC
6C
6C
6C
68
30
ENDCHAR
STARTCHAR F7F9
ENCODING 63481
SWIDTH 687 0
DWIDTH 11 0
BBX 9 7 1 0
BITMAP
5B00
ED80
6D80
6D80
6D80
6D80
3600
ENDCHAR
STARTCHAR F7FA
ENCODING 63482
SWIDTH 500 0
DWIDTH 8 0
BBX 6 7 1 0
BITMAP
68
FC
34
78
30
7C
D8
ENDCHAR
STARTCHAR F7FB
ENCODING 63483
SWIDTH 562 0
DWIDTH 9 0
BBX 7 10 1 -3
BITMAP
48
EE
6C
6C
6C
7C
26
06
64
38
ENDCHAR
STARTCHAR F7FC
ENCODING 63484
SWIDTH 437 0
DWIDTH 7 0
BBX 5 10 1 -3
BITMAP
70
F8
10
20
70
38
58
D8
D0
60
ENDCHAR
STARTCHAR F7FD
ENCODING 63485
SWIDTH 437 0
DWIDTH 7 0
BBX 5 9 1 0
BITMAP
30
08
78
88
D0
F8
58
88
70
ENDCHAR
STARTCHAR F7FE
ENCODING 63486
SWIDTH 625 0
DWIDTH 10 0
BBX 8 12 1 -3
BITMAP
38
70
46
6F
F2
64
6E
67
63
72
4C
80
ENDCHAR
STARTCHAR F7FF
ENCODING 63487
SWIDTH 375 0
DWIDTH 6 0
BBX 4 4 1 2
BITMAP
30
C0
30
C0
ENDCHAR
STARTCHAR F800
ENCODING 63488
SWIDTH 500 0
DWIDTH 8 0
BBX 2 9 3 0
BITMAP
C0
C0
C0
C0
C0
C0
C0
C0
C0
ENDCHAR
STARTCHAR F801
ENCODING 63489
SWIDTH 500 0
DWIDTH 8 0
BBX 5 9 2 0
BITMAP
C0
C0
C0
C0
F8
C0
C0
C0
C0
ENDCHAR
STARTCHAR F802
ENCODING 63490
SWIDTH 500 0
DWIDTH 8 0
BBX 6 9 1 0
BITMAP
FC
CC
CC
CC
CC
CC
CC
CC
CC
ENDCHAR
STARTCHAR F803
ENCODING 63491
SWIDTH 500 0
DWIDTH 8 0
BBX 6 9 1 0
BITMAP
FC
C0
C0
C0
FC
C0
C0
C0
FC
ENDCHAR
STARTCHAR F804
ENCODING 63492
SWIDTH 500 0
DWIDTH 8 0
BBX 6 9 1 0
BITMAP
FC
CC
CC
CC
CC
CC
CC
CC
FC
ENDCHAR
STARTCHAR F805
ENCODING 63493
SWIDTH 500 0
DWIDTH 8 0
BBX 6 9 1 0
BITMAP
3C
30
30
30
3C
30
30
30
FC
ENDCHAR
STARTCHAR F806
ENCODING 63494
SWIDTH 500 0
DWIDTH 8 0
BBX 6 9 1 0
BITMAP
FC
30
30
30
3C
30
30
30
F0
ENDCHAR
STARTCHAR F807
ENCODING 63495
SWIDTH 500 0
DWIDTH 8 0
BBX 6 9 1 0
BITMAP
3C
30
30
30
F0
30
30
30
30
ENDCHAR
STARTCHAR F808
ENCODING 63496
SWIDTH 500 0
DWIDTH 8 0
BBX 6 9 1 0
BITMAP
FC
CC
CC
CC
00
30
30
30
FC
ENDCHAR
STARTCHAR F809
ENCODING 63497
SWIDTH 500 0
DWIDTH 8 0
BBX 6 9 1 0
BITMAP
FC
CC
CC
CC
00
CC
CC
CC
FC
ENDCHAR
STARTCHAR F80A
ENCODING 63498
SWIDTH 500 0
DWIDTH 8 0
BBX 6 9 1 0
BITMAP
3C
30
30
30
30
30
30
30
F0
ENDCHAR
STARTCHAR F80B
ENCODING 63499
SWIDTH 500 0
DWIDTH 8 0
BBX 5 9 1 0
BITMAP
18
18
18
18
18
18
18
18
F8
ENDCHAR
STARTCHAR F80C
ENCODING 63500
SWIDTH 500 0
DWIDTH 8 0
BBX 6 9 1 0
BITMAP
FC
30
30
30
F0
30
30
30
30
ENDCHAR
STARTCHAR F80D
ENCODING 63501
SWIDTH 500 0
DWIDTH 8 0
BBX 6 9 1 0
BITMAP
FC
30
30
30
FC
C0
C0
C0
FC
ENDCHAR
STARTCHAR F80E
ENCODING 63502
SWIDTH 500 0
DWIDTH 8 0
BBX 6 9 1 0
BITMAP
FC
30
30
30
FC
CC
CC
CC
CC
ENDCHAR
STARTCHAR F80F
ENCODING 63503
SWIDTH 500 0
DWIDTH 8 0
BBX 6 9 1 0
BITMAP
FC
30
30
30
30
30
30
30
30
ENDCHAR
STARTCHAR F810
ENCODING 63504
SWIDTH 500 0
DWIDTH 8 0
BBX 6 9 1 0
BITMAP
FC
0C
0C
0C
3C
30
30
30
FC
ENDCHAR
STARTCHAR F811
ENCODING 63505
SWIDTH 500 0
DWIDTH 8 0
BBX 6 9 1 0
BITMAP
FC
00
00
00
FC
C0
C0
C0
FC
ENDCHAR
STARTCHAR F812
ENCODING 63506
SWIDTH 500 0
DWIDTH 8 0
BBX 6 9 1 0
BITMAP
F0
30
30
30
3C
30
30
30
F0
ENDCHAR
STARTCHAR F813
ENCODING 63507
SWIDTH 500 0
DWIDTH 8 0
BBX 6 9 1 0
BITMAP
FC
C0
C0
C0
F0
30
30
30
3C
ENDCHAR
STARTCHAR F814
ENCODING 63508
SWIDTH 500 0
DWIDTH 8 0
BBX 6 9 1 0
BITMAP
FC
C0
C0
C0
FC
30
30
30
FC
ENDCHAR
STARTCHAR F815
ENCODING 63509
SWIDTH 500 0
DWIDTH 8 0
BBX 6 9 1 0
BITMAP
30
FC
30
30
FC
CC
CC
CC
CC
ENDCHAR
STARTCHAR F816
ENCODING 63510
SWIDTH 500 0
DWIDTH 8 0
BBX 6 9 1 0
BITMAP
FC
30
30
30
FC
00
00
00
FC
ENDCHAR
STARTCHAR F817
ENCODING 63511
SWIDTH 500 0
DWIDTH 8 0
BBX 6 9 1 0
BITMAP
CC
CC
CC
CC
FC
CC
CC
CC
CC
ENDCHAR
STARTCHAR F818
ENCODING 63512
SWIDTH 500 0
DWIDTH 8 0
BBX 6 9 1 0
BITMAP
CC
CC
CC
CC
FC
00
00
00
FC
ENDCHAR
STARTCHAR F819
ENCODING 63513
SWIDTH 500 0
DWIDTH 8 0
BBX 6 9 1 0
BITMAP
FC
0C
0C
0C
0C
0C
0C
0C
FC
ENDCHAR
STARTCHAR F81A
ENCODING 63514
SWIDTH 500 0
DWIDTH 8 0
BBX 6 9 1 0
BITMAP
FC
30
30
30
30
30
30
30
FC
ENDCHAR
STARTCHAR F81B
ENCODING 63515
SWIDTH 500 0
DWIDTH 8 0
BBX 6 9 1 0
BITMAP
0C
0C
0C
0C
FC
0C
0C
0C
FC
ENDCHAR
STARTCHAR F81C
ENCODING 63516
SWIDTH 500 0
DWIDTH 8 0
BBX 6 9 1 0
BITMAP
FC
0C
0C
0C
FC
C0
C0
C0
FC
ENDCHAR
STARTCHAR F81D
ENCODING 63517
SWIDTH 500 0
DWIDTH 8 0
BBX 6 9 1 0
BITMAP
30
30
30
30
FC
30
30
30
30
ENDCHAR
STARTCHAR F81E
ENCODING 63518
SWIDTH 500 0
DWIDTH 8 0
BBX 6 9 1 0
BITMAP
FC
CC
CC
CC
CC
FC
30
30
30
ENDCHAR
STARTCHAR F81F
ENCODING 63519
SWIDTH 500 0
DWIDTH 8 0
BBX 6 9 1 0
BITMAP
FC
CC
CC
CC
FC
30
30
30
FC
ENDCHAR
STARTCHAR F820
ENCODING 63520
SWIDTH 500 0
DWIDTH 8 0
BBX 6 9 1 0
BITMAP
FC
30
30
30
00
30
30
30
FC
ENDCHAR
STARTCHAR F821
ENCODING 63521
SWIDTH 500 0
DWIDTH 8 0
BBX 6 9 1 0
BITMAP
CC
CC
CC
CC
CC
FC
30
30
30
ENDCHAR
STARTCHAR F822
ENCODING 63522
SWIDTH 500 0
DWIDTH 8 0
BBX 6 9 1 0
BITMAP
3C
30
30
30
FC
30
30
30
F0
ENDCHAR
STARTCHAR F823
ENCODING 63523
SWIDTH 500 0
DWIDTH 8 0
BBX 6 9 1 0
BITMAP
FC
00
00
00
FC
00
00
00
FC
ENDCHAR
STARTCHAR F824
ENCODING 63524
SWIDTH 500 0
DWIDTH 8 0
BBX 6 9 1 0
BITMAP
FC
00
00
00
FC
CC
CC
CC
FC
ENDCHAR
STARTCHAR F825
ENCODING 63525
SWIDTH 500 0
DWIDTH 8 0
BBX 6 9 1 0
BITMAP
30
30
30
FC
CC
CC
CC
CC
FC
ENDCHAR
STARTCHAR F826
ENCODING 63526
SWIDTH 500 0
DWIDTH 8 0
BBX 6 9 1 0
BITMAP
0C
0C
0C
0C
3C
30
30
30
F0
ENDCHAR
STARTCHAR F827
ENCODING 63527
SWIDTH 500 0
DWIDTH 8 0
BBX 6 9 1 0
BITMAP
3C
30
F0
30
FC
CC
CC
CC
CC
ENDCHAR
STARTCHAR F828
ENCODING 63528
SWIDTH 500 0
DWIDTH 8 0
BBX 6 9 1 0
BITMAP
CC
CC
CC
FC
30
FC
CC
CC
CC
ENDCHAR
STARTCHAR F829
ENCODING 63529
SWIDTH 500 0
DWIDTH 8 0
BBX 6 9 1 0
BITMAP
3C
30
30
30
F0
C0
C0
C0
FC
ENDCHAR
STARTCHAR F82A
ENCODING 63530
SWIDTH 500 0
DWIDTH 8 0
BBX 6 9 1 0
BITMAP
F0
30
30
30
30
30
30
30
FC
ENDCHAR
STARTCHAR F82B
ENCODING 63531
SWIDTH 500 0
DWIDTH 8 0
BBX 6 9 1 0
BITMAP
FC
30
30
30
30
30
30
30
F0
ENDCHAR
STARTCHAR F82C
ENCODING 63532
SWIDTH 500 0
DWIDTH 8 0
BBX 6 9 1 0
BITMAP
30
30
30
30
30
30
30
00
FC
ENDCHAR
STARTCHAR F82D
ENCODING 63533
SWIDTH 500 0
DWIDTH 8 0
BBX 6 9 1 0
BITMAP
F0
30
30
30
FC
30
30
30
3C
ENDCHAR
STARTCHAR F82E
ENCODING 63534
SWIDTH 937 0
DWIDTH 15 0
BBX 13 13 1 0
BITMAP
0200
0200
0700
0700
0F80
0F80
1040
1040
38E0
38E0
7DF0
7DF0
FFF8
ENDCHAR
STARTCHAR F82F
ENCODING 63535
SWIDTH 1000 0
DWIDTH 16 0
BBX 14 14 1 -2
BITMAP
FFFC
BFF4
F07C
E73C
E73C
E73C
FE3C
FCFC
FCFC
FFFC
FCFC
FCFC
BFF4
FFFC
ENDCHAR
STARTCHAR F830
ENCODING 63536
SWIDTH 687 0
DWIDTH 11 0
BBX 9 8 1 0
BITMAP
0300
C580
6300
6300
3600
3600
1C00
1C00
ENDCHAR
STARTCHAR F831
ENCODING 63537
SWIDTH 687 0
DWIDTH 11 0
BBX 9 7 1 0
BITMAP
FF80
0180
0180
0780
0D80
0D80
0700
ENDCHAR
STARTCHAR F832
ENCODING 63538
SWIDTH 687 0
DWIDTH 11 0
BBX 10 7 1 0
BITMAP
1C00
1C00
3600
3600
6380
6340
C180
ENDCHAR
STARTCHAR F833
ENCODING 63539
SWIDTH 687 0
DWIDTH 11 0
BBX 10 7 1 0
BITMAP
3300
3700
3B00
7300
B380
B340
6180
ENDCHAR
STARTCHAR F834
ENCODING 63540
SWIDTH 687 0
DWIDTH 11 0
BBX 9 7 1 0
BITMAP
7F00
C180
C180
C780
CD80
CD80
C700
ENDCHAR
STARTCHAR F835
ENCODING 63541
SWIDTH 687 0
DWIDTH 11 0
BBX 9 7 1 0
BITMAP
7F00
C180
C380
C580
E580
D580
6300
ENDCHAR
STARTCHAR F836
ENCODING 63542
SWIDTH 687 0
DWIDTH 11 0
BBX 9 7 1 0
BITMAP
DF80
CD80
CD80
CD80
CD80
CD80
7980
ENDCHAR
STARTCHAR F837
ENCODING 63543
SWIDTH 687 0
DWIDTH 11 0
BBX 9 7 1 0
BITMAP
7980
CD80
C780
C380
C180
C180
C180
ENDCHAR
STARTCHAR F838
ENCODING 63544
SWIDTH 687 0
DWIDTH 11 0
BBX 9 7 1 0
BITMAP
6180
D180
E180
C180
C180
C180
7F00
ENDCHAR
STARTCHAR F839
ENCODING 63545
SWIDTH 687 0
DWIDTH 11 0
BBX 9 7 1 0
BITMAP
C180
C180
FF80
C180
C380
C580
C300
ENDCHAR
STARTCHAR F83A
ENCODING 63546
SWIDTH 687 0
DWIDTH 11 0
BBX 9 7 1 0
BITMAP
C180
C180
DD80
E380
C180
C180
C180
ENDCHAR
STARTCHAR F83B
ENCODING 63547
SWIDTH 687 0
DWIDTH 11 0
BBX 9 7 1 0
BITMAP
C700
DD80
D980
CD80
CD80
CD80
7980
ENDCHAR
STARTCHAR F83C
ENCODING 63548
SWIDTH 687 0
DWIDTH 11 0
BBX 9 7 1 0
BITMAP
C180
C180
F980
C180
C180
C180
FF80
ENDCHAR
STARTCHAR F83D
ENCODING 63549
SWIDTH 687 0
DWIDTH 11 0
BBX 9 8 1 0
BITMAP
4000
A180
C180
C980
C980
C980
C980
7700
ENDCHAR
STARTCHAR F83E
ENCODING 63550
SWIDTH 687 0
DWIDTH 11 0
BBX 9 7 1 0
BITMAP
FF00
C600
C600
C600
C700
C680
C300
ENDCHAR
STARTCHAR F83F
ENCODING 63551
SWIDTH 687 0
DWIDTH 11 0
BBX 9 8 1 0
BITMAP
0100
C280
C180
C980
C980
C980
C980
7700
ENDCHAR
STARTCHAR F840
ENCODING 63552
SWIDTH 687 0
DWIDTH 11 0
BBX 9 7 1 0
BITMAP
FD80
D980
D980
D980
D980
D980
CF00
ENDCHAR
STARTCHAR F841
ENCODING 63553
SWIDTH 687 0
DWIDTH 11 0
BBX 9 7 1 0
BITMAP
C980
C980
C980
C980
C980
C980
7700
ENDCHAR
STARTCHAR F842
ENCODING 63554
SWIDTH 687 0
DWIDTH 11 0
BBX 9 7 1 0
BITMAP
7F00
C980
C980
C980
C980
C980
7180
ENDCHAR
STARTCHAR F843
ENCODING 63555
SWIDTH 687 0
DWIDTH 11 0
BBX 9 7 1 0
BITMAP
D980
DF80
CD80
CD80
CD80
CD80
7980
ENDCHAR
STARTCHAR F844
ENCODING 63556
SWIDTH 687 0
DWIDTH 11 0
BBX 9 7 1 0
BITMAP
6180
6180
6180
6180
C180
E180
3F00
ENDCHAR
STARTCHAR F845
ENCODING 63557
SWIDTH 687 0
DWIDTH 11 0
BBX 9 8 1 -1
BITMAP
1C00
1C00
3600
3600
6300
6300
D780
6000
ENDCHAR
STARTCHAR F846
ENCODING 63558
SWIDTH 687 0
DWIDTH 11 0
BBX 9 7 1 0
BITMAP
7F00
C180
C180
C780
0D80
0D80
0700
ENDCHAR
STARTCHAR F847
ENCODING 63559
SWIDTH 687 0
DWIDTH 11 0
BBX 9 7 1 0
BITMAP
C300
C680
C700
C600
C600
C600
7C00
ENDCHAR
STARTCHAR F848
ENCODING 63560
SWIDTH 687 0
DWIDTH 11 0
BBX 9 7 1 0
BITMAP
FF80
1800
1800
1E00
1B00
1B00
0E00
ENDCHAR
STARTCHAR F849
ENCODING 63561
SWIDTH 687 0
DWIDTH 11 0
BBX 9 8 1 0
BITMAP
0180
7F80
3180
3180
3180
7180
B180
6180
ENDCHAR
STARTCHAR F84A
ENCODING 63562
SWIDTH 687 0
DWIDTH 11 0
BBX 9 7 1 0
BITMAP
7E00
C300
C780
C000
C300
C300
7E00
ENDCHAR
STARTCHAR F84B
ENCODING 63563
SWIDTH 687 0
DWIDTH 11 0
BBX 9 7 1 0
BITMAP
CF00
D980
F180
E180
C180
C180
C180
ENDCHAR
STARTCHAR F84C
ENCODING 63564
SWIDTH 687 0
DWIDTH 11 0
BBX 9 7 1 0
BITMAP
1C00
1C00
3600
3600
7F00
6300
C180
ENDCHAR
STARTCHAR F84D
ENCODING 63565
SWIDTH 687 0
DWIDTH 11 0
BBX 9 7 1 0
BITMAP
C180
6300
7F00
3600
3600
1C00
1C00
ENDCHAR
STARTCHAR F84E
ENCODING 63566
SWIDTH 687 0
DWIDTH 11 0
BBX 9 7 1 0
BITMAP
CF00
D980
D980
D980
D980
D980
FD80
ENDCHAR
STARTCHAR F84F
ENCODING 63567
SWIDTH 687 0
DWIDTH 11 0
BBX 9 7 1 0
BITMAP
C180
C300
C600
CC00
FE00
E300
C180
ENDCHAR
STARTCHAR F850
ENCODING 63568
SWIDTH 687 0
DWIDTH 11 0
BBX 9 7 1 0
BITMAP
C180
C180
C180
C180
FF80
0180
0180
ENDCHAR
STARTCHAR F851
ENCODING 63569
SWIDTH 687 0
DWIDTH 11 0
BBX 9 7 1 0
BITMAP
C180
C180
FF80
C180
C180
C180
7F00
ENDCHAR
STARTCHAR F852
ENCODING 63570
SWIDTH 687 0
DWIDTH 11 0
BBX 9 7 1 0
BITMAP
6300
6300
7F00
6300
6300
E380
C180
ENDCHAR
STARTCHAR F853
ENCODING 63571
SWIDTH 687 0
DWIDTH 11 0
BBX 9 7 1 0
BITMAP
7700
C980
C980
C980
C980
C980
C980
ENDCHAR
STARTCHAR F854
ENCODING 63572
SWIDTH 687 0
DWIDTH 11 0
BBX 9 7 1 0
BITMAP
E380
E380
F780
D580
DD80
C980
C980
ENDCHAR
STARTCHAR F855
ENCODING 63573
SWIDTH 687 0
DWIDTH 11 0
BBX 9 7 1 0
BITMAP
7180
D980
D980
1F80
D980
D980
7180
ENDCHAR
STARTCHAR F856
ENCODING 63574
SWIDTH 687 0
DWIDTH 11 0
BBX 9 7 1 0
BITMAP
C780
C600
C600
C600
C600
C600
7C00
ENDCHAR
STARTCHAR F857
ENCODING 63575
SWIDTH 687 0
DWIDTH 11 0
BBX 9 7 1 0
BITMAP
C780
C600
C780
C600
C600
C600
7C00
ENDCHAR
STARTCHAR F858
ENCODING 63576
SWIDTH 687 0
DWIDTH 11 0
BBX 9 7 1 0
BITMAP
FF80
C000
C000
FE00
C000
C000
FF80
ENDCHAR
STARTCHAR F859
ENCODING 63577
SWIDTH 687 0
DWIDTH 11 0
BBX 9 7 1 0
BITMAP
FF00
C680
C700
C600
C600
C600
C600
ENDCHAR
STARTCHAR F85A
ENCODING 63578
SWIDTH 687 0
DWIDTH 11 0
BBX 9 7 1 0
BITMAP
7F00
C180
C180
0180
FF80
C180
C180
ENDCHAR
STARTCHAR F85B
ENCODING 63579
SWIDTH 687 0
DWIDTH 11 0
BBX 9 7 1 0
BITMAP
FF00
C180
C180
FF00
C600
C300
C180
ENDCHAR
STARTCHAR F85C
ENCODING 63580
SWIDTH 687 0
DWIDTH 11 0
BBX 9 8 1 0
BITMAP
0180
CB00
C980
C980
C980
C980
C980
7700
ENDCHAR
STARTCHAR F85D
ENCODING 63581
SWIDTH 687 0
DWIDTH 11 0
BBX 9 7 1 0
BITMAP
FF80
C000
C000
C600
C600
C600
7C00
ENDCHAR
STARTCHAR F85E
ENCODING 63582
SWIDTH 0 0
DWIDTH 0 0
BBX 3 2 -7 10
BITMAP
E0
E0
ENDCHAR
STARTCHAR F85F
ENCODING 63583
SWIDTH 0 0
DWIDTH 0 0
BBX 5 3 -8 9
BITMAP
F8
70
20
ENDCHAR
STARTCHAR F860
ENCODING 63584
SWIDTH 0 0
DWIDTH 0 0
BBX 7 1 -9 10
BITMAP
FE
ENDCHAR
STARTCHAR F861
ENCODING 63585
SWIDTH 0 0
DWIDTH 0 0
BBX 5 3 -8 10
BITMAP
20
70
D8
ENDCHAR
STARTCHAR F862
ENCODING 63586
SWIDTH 0 0
DWIDTH 0 0
BBX 7 4 -9 9
BITMAP
38
38
00
FE
ENDCHAR
STARTCHAR F863
ENCODING 63587
SWIDTH 0 0
DWIDTH 0 0
BBX 7 4 -9 9
BITMAP
7C
38
10
FE
ENDCHAR
STARTCHAR F864
ENCODING 63588
SWIDTH 0 0
DWIDTH 0 0
BBX 7 2 -9 10
BITMAP
EE
EE
ENDCHAR
STARTCHAR F865
ENCODING 63589
SWIDTH 687 0
DWIDTH 11 0
BBX 8 7 1 0
BITMAP
7E
18
DB
DB
DB
C3
7E
ENDCHAR
STARTCHAR F866
ENCODING 63590
SWIDTH 687 0
DWIDTH 11 0
BBX 9 7 1 0
BITMAP
F800
1800
FF80
1980
1980
1980
1980
ENDCHAR
STARTCHAR F867
ENCODING 63591
SWIDTH 687 0
DWIDTH 11 0
BBX 8 6 1 0
BITMAP
E0
E0
07
07
E0
E0
ENDCHAR
STARTCHAR F868
ENCODING 63592
SWIDTH 687 0
DWIDTH 11 0
BBX 8 7 1 0
BITMAP
7F
C6
C6
0C
CC
D8
18
ENDCHAR
STARTCHAR F869
ENCODING 63593
SWIDTH 687 0
DWIDTH 11 0
BBX 8 8 1 0
BITMAP
30
58
58
3C
B6
63
73
DE
ENDCHAR
STARTCHAR F86A
ENCODING 63594
SWIDTH 687 0
DWIDTH 11 0
BBX 9 7 1 0
BITMAP
CF00
7980
3980
1B00
1800
1800
FF80
ENDCHAR
STARTCHAR F86B
ENCODING 63595
SWIDTH 687 0
DWIDTH 11 0
BBX 7 7 2 0
BITMAP
FC
C0
FC
06
C6
FC
C0
ENDCHAR
STARTCHAR F86C
ENCODING 63596
SWIDTH 687 0
DWIDTH 11 0
BBX 8 7 1 0
BITMAP
7E
18
7E
C3
C3
C3
C3
ENDCHAR
STARTCHAR F86D
ENCODING 63597
SWIDTH 687 0
DWIDTH 11 0
BBX 9 7 1 0
BITMAP
CF00
D980
D980
F980
D980
D980
CF00
ENDCHAR
STARTCHAR F86E
ENCODING 63598
SWIDTH 687 0
DWIDTH 11 0
BBX 8 7 1 0
BITMAP
FF
1C
1E
1B
19
18
FF
ENDCHAR
STARTCHAR F86F
ENCODING 63599
SWIDTH 687 0
DWIDTH 11 0
BBX 8 10 1 0
BITMAP
18
18
00
FF
18
18
18
18
18
18
ENDCHAR
STARTCHAR F870
ENCODING 63600
SWIDTH 687 0
DWIDTH 11 0
BBX 7 7 2 0
BITMAP
7C
C6
C6
C6
C6
C6
7C
ENDCHAR
STARTCHAR F871
ENCODING 63601
SWIDTH 687 0
DWIDTH 11 0
BBX 7 7 2 0
BITMAP
C6
C6
C6
C6
CE
76
06
ENDCHAR
STARTCHAR F872
ENCODING 63602
SWIDTH 687 0
DWIDTH 11 0
BBX 7 7 2 0
BITMAP
7C
C6
06
0C
06
C6
7C
ENDCHAR
STARTCHAR F873
ENCODING 63603
SWIDTH 687 0
DWIDTH 11 0
BBX 9 7 1 0
BITMAP
7700
C980
C980
D580
C180
C180
6300
ENDCHAR
STARTCHAR F874
ENCODING 63604
SWIDTH 687 0
DWIDTH 11 0
BBX 9 8 1 0
BITMAP
3000
5800
5980
3F00
3600
2B00
6B00
C600
ENDCHAR
STARTCHAR F875
ENCODING 63605
SWIDTH 687 0
DWIDTH 11 0
BBX 7 7 2 0
BITMAP
7C
C6
16
1C
16
C6
7C
ENDCHAR
STARTCHAR F876
ENCODING 63606
SWIDTH 687 0
DWIDTH 11 0
BBX 7 7 2 0
BITMAP
76
CE
C6
C0
C0
C6
7C
ENDCHAR
STARTCHAR F877
ENCODING 63607
SWIDTH 687 0
DWIDTH 11 0
BBX 7 8 2 0
BITMAP
0C
D6
C6
CC
D8
F8
EC
C6
ENDCHAR
STARTCHAR F878
ENCODING 63608
SWIDTH 687 0
DWIDTH 11 0
BBX 7 7 2 0
BITMAP
C6
CC
D8
FC
E6
C6
DC
ENDCHAR
STARTCHAR F879
ENCODING 63609
SWIDTH 687 0
DWIDTH 11 0
BBX 7 7 2 0
BITMAP
C6
CC
D8
F0
D8
CC
C6
ENDCHAR
STARTCHAR F87A
ENCODING 63610
SWIDTH 687 0
DWIDTH 11 0
BBX 2 9 5 0
BITMAP
C0
C0
C0
C0
C0
C0
C0
C0
C0
ENDCHAR
STARTCHAR F87B
ENCODING 63611
SWIDTH 687 0
DWIDTH 11 0
BBX 9 8 1 0
BITMAP
0100
C280
6700
6F00
7B00
7300
A300
4180
ENDCHAR
STARTCHAR F87C
ENCODING 63612
SWIDTH 687 0
DWIDTH 11 0
BBX 9 7 1 0
BITMAP
6300
B680
3600
3E00
3600
B680
6300
ENDCHAR
STARTCHAR F87D
ENCODING 63613
SWIDTH 687 0
DWIDTH 11 0
BBX 9 7 1 0
BITMAP
6180
B180
3180
3180
3D80
B580
6300
ENDCHAR
STARTCHAR F87E
ENCODING 63614
SWIDTH 687 0
DWIDTH 11 0
BBX 10 7 1 0
BITMAP
3300
E1C0
3300
1E00
0C00
0C00
3F00
ENDCHAR
STARTCHAR F87F
ENCODING 63615
SWIDTH 687 0
DWIDTH 11 0
BBX 8 7 2 0
BITMAP
63
D7
EF
DB
F3
E3
C3
ENDCHAR
STARTCHAR F880
ENCODING 63616
SWIDTH 687 0
DWIDTH 11 0
BBX 9 7 1 0
BITMAP
D780
D600
D600
D780
D600
D600
D600
ENDCHAR
STARTCHAR F881
ENCODING 63617
SWIDTH 687 0
DWIDTH 11 0
BBX 5 6 3 0
BITMAP
08
08
F8
88
F8
F8
ENDCHAR
STARTCHAR F882
ENCODING 63618
SWIDTH 687 0
DWIDTH 11 0
BBX 5 6 3 0
BITMAP
F8
F8
08
08
08
08
ENDCHAR
STARTCHAR F883
ENCODING 63619
SWIDTH 687 0
DWIDTH 11 0
BBX 5 6 3 0
BITMAP
F8
F8
18
F8
C0
C0
ENDCHAR
STARTCHAR F884
ENCODING 63620
SWIDTH 687 0
DWIDTH 11 0
BBX 5 6 3 0
BITMAP
C0
C0
F8
C0
C0
C0
ENDCHAR
STARTCHAR F888
ENCODING 63624
SWIDTH 687 0
DWIDTH 11 0
BBX 3 8 2 -2
BITMAP
E0
E0
00
00
E0
E0
60
C0
ENDCHAR
STARTCHAR F889
ENCODING 63625
SWIDTH 687 0
DWIDTH 11 0
BBX 3 6 2 0
BITMAP
E0
E0
00
00
E0
E0
ENDCHAR
STARTCHAR F88A
ENCODING 63626
SWIDTH 687 0
DWIDTH 11 0
BBX 3 4 2 -2
BITMAP
E0
E0
60
C0
ENDCHAR
STARTCHAR F88B
ENCODING 63627
SWIDTH 687 0
DWIDTH 11 0
BBX 3 2 2 0
BITMAP
E0
E0
ENDCHAR
STARTCHAR F88C
ENCODING 63628
SWIDTH 687 0
DWIDTH 11 0
BBX 4 7 2 0
BITMAP
60
F0
F0
60
60
00
60
ENDCHAR
STARTCHAR F88D
ENCODING 63629
SWIDTH 687 0
DWIDTH 11 0
BBX 6 7 2 0
BITMAP
78
CC
0C
18
30
00
30
ENDCHAR
STARTCHAR F88E
ENCODING 63630
SWIDTH 687 0
DWIDTH 11 0
BBX 10 7 1 0
BITMAP
CF80
D8C0
D8C0
DBC0
C6C0
C6C0
C380
ENDCHAR
STARTCHAR F88F
ENCODING 63631
SWIDTH 687 0
DWIDTH 11 0
BBX 10 7 1 0
BITMAP
D980
DB40
DB80
DB00
DB00
DB00
CE00
ENDCHAR
STARTCHAR F890
ENCODING 63632
SWIDTH 500 0
DWIDTH 8 0
BBX 6 9 1 -2
BITMAP
70
18
6C
CC
CC
CC
DC
C0
80
ENDCHAR
STARTCHAR F891
ENCODING 63633
SWIDTH 500 0
DWIDTH 8 0
BBX 7 7 0 0
BITMAP
EC
66
66
7C
66
66
7C
ENDCHAR
STARTCHAR F892
ENCODING 63634
SWIDTH 500 0
DWIDTH 8 0
BBX 7 7 1 0
BITMAP
FE
66
60
60
60
60
70
ENDCHAR
STARTCHAR F893
ENCODING 63635
SWIDTH 500 0
DWIDTH 8 0
BBX 7 8 1 -1
BITMAP
C0
60
30
18
0C
8E
98
70
ENDCHAR
STARTCHAR F894
ENCODING 63636
SWIDTH 500 0
DWIDTH 8 0
BBX 7 7 1 0
BITMAP
3C
66
C0
F8
C0
66
3C
ENDCHAR
STARTCHAR F895
ENCODING 63637
SWIDTH 500 0
DWIDTH 8 0
BBX 8 7 0 0
BITMAP
EE
66
66
66
66
66
3F
ENDCHAR
STARTCHAR F896
ENCODING 63638
SWIDTH 500 0
DWIDTH 8 0
BBX 6 9 1 -1
BITMAP
C0
7C
0C
18
30
60
C0
F8
0C
ENDCHAR
STARTCHAR F897
ENCODING 63639
SWIDTH 500 0
DWIDTH 8 0
BBX 8 8 0 0
BITMAP
E0
60
7C
66
66
66
66
77
ENDCHAR
STARTCHAR F898
ENCODING 63640
SWIDTH 500 0
DWIDTH 8 0
BBX 8 10 0 -2
BITMAP
38
18
5A
DB
DB
DB
7E
3C
18
18
ENDCHAR
STARTCHAR F899
ENCODING 63641
SWIDTH 500 0
DWIDTH 8 0
BBX 4 7 2 0
BITMAP
E0
60
60
60
60
60
70
ENDCHAR
STARTCHAR F89A
ENCODING 63642
SWIDTH 500 0
DWIDTH 8 0
BBX 7 7 0 0
BITMAP
EC
66
66
7C
6C
66
66
ENDCHAR
STARTCHAR F89B
ENCODING 63643
SWIDTH 500 0
DWIDTH 8 0
BBX 8 7 0 0
BITMAP
38
0C
0E
36
66
66
E7
ENDCHAR
STARTCHAR F89C
ENCODING 63644
SWIDTH 500 0
DWIDTH 8 0
BBX 8 7 0 0
BITMAP
E3
77
6B
63
63
63
73
ENDCHAR
STARTCHAR F89D
ENCODING 63645
SWIDTH 500 0
DWIDTH 8 0
BBX 8 7 0 0
BITMAP
E7
73
7B
6F
67
63
73
ENDCHAR
STARTCHAR F89E
ENCODING 63646
SWIDTH 500 0
DWIDTH 8 0
BBX 7 9 1 -2
BITMAP
3C
66
C0
C0
C6
66
3E
06
04
ENDCHAR
STARTCHAR F89F
ENCODING 63647
SWIDTH 500 0
DWIDTH 8 0
BBX 8 7 0 0
BITMAP
FC
66
66
66
66
66
77
ENDCHAR
STARTCHAR F8A0
ENCODING 63648
SWIDTH 500 0
DWIDTH 8 0
BBX 8 7 0 0
BITMAP
FE
66
66
66
66
66
77
ENDCHAR
STARTCHAR F8A1
ENCODING 63649
SWIDTH 500 0
DWIDTH 8 0
BBX 8 9 0 -2
BITMAP
EE
66
66
66
66
66
3E
06
07
ENDCHAR
STARTCHAR F8A2
ENCODING 63650
SWIDTH 500 0
DWIDTH 8 0
BBX 7 9 0 -2
BITMAP
EC
66
66
7C
6C
66
66
60
40
ENDCHAR
STARTCHAR F8A3
ENCODING 63651
SWIDTH 500 0
DWIDTH 8 0
BBX 6 7 1 0
BITMAP
7C
CC
C0
78
0C
CC
F8
ENDCHAR
STARTCHAR F8A4
ENCODING 63652
SWIDTH 500 0
DWIDTH 8 0
BBX 6 7 1 0
BITMAP
FC
B4
30
30
30
30
38
ENDCHAR
STARTCHAR F8A5
ENCODING 63653
SWIDTH 500 0
DWIDTH 8 0
BBX 7 9 1 -2
BITMAP
CE
C6
6C
6C
38
18
18
18
10
ENDCHAR
STARTCHAR F8A6
ENCODING 63654
SWIDTH 500 0
DWIDTH 8 0
BBX 7 9 1 -2
BITMAP
E0
7E
66
60
7E
66
60
60
40
ENDCHAR
STARTCHAR F8A7
ENCODING 63655
SWIDTH 500 0
DWIDTH 8 0
BBX 7 7 1 0
BITMAP
EE
6C
38
10
38
6C
EE
ENDCHAR
STARTCHAR F8A8
ENCODING 63656
SWIDTH 500 0
DWIDTH 8 0
BBX 7 7 1 0
BITMAP
7C
C6
C6
D6
C6
C6
7C
ENDCHAR
STARTCHAR F8A9
ENCODING 63657
SWIDTH 500 0
DWIDTH 8 0
BBX 6 8 1 -1
BITMAP
78
CC
CC
CC
CC
CC
78
CC
ENDCHAR
STARTCHAR F8AA
ENCODING 63658
SWIDTH 500 0
DWIDTH 8 0
BBX 6 10 1 -3
BITMAP
30
78
B4
30
30
30
30
30
30
38
ENDCHAR
STARTCHAR FB00
ENCODING 64256
SWIDTH 500 0
DWIDTH 8 0
BBX 8 9 0 0
BITMAP
3F
6C
6C
6C
FF
6C
6C
6C
6C
ENDCHAR
STARTCHAR FB01
ENCODING 64257
SWIDTH 500 0
DWIDTH 8 0
BBX 8 9 0 0
BITMAP
3C
66
60
FE
66
66
66
66
6F
ENDCHAR
STARTCHAR FB02
ENCODING 64258
SWIDTH 500 0
DWIDTH 8 0
BBX 8 9 0 0
BITMAP
3E
66
66
66
FE
66
66
66
6F
ENDCHAR
STARTCHAR FB03
ENCODING 64259
SWIDTH 500 0
DWIDTH 8 0
BBX 8 9 0 0
BITMAP
7E
DB
D8
FF
DB
DB
DB
DB
DB
ENDCHAR
STARTCHAR FB04
ENCODING 64260
SWIDTH 500 0
DWIDTH 8 0
BBX 8 9 0 0
BITMAP
7F
DB
DB
FF
DB
DB
DB
DB
DB
ENDCHAR
STARTCHAR FB05
ENCODING 64261
SWIDTH 500 0
DWIDTH 8 0
BBX 7 10 1 0
BITMAP
78
CC
CC
DE
CC
CC
CC
CC
CC
C6
ENDCHAR
STARTCHAR FB06
ENCODING 64262
SWIDTH 500 0
DWIDTH 8 0
BBX 8 9 0 0
BITMAP
06
06
7F
C6
C6
66
36
36
E3
ENDCHAR
STARTCHAR FB13
ENCODING 64275
SWIDTH 1000 0
DWIDTH 16 0
BBX 14 10 1 0
BITMAP
0700
2C00
1F80
CCCC
CCCC
CCCC
CCCC
CCCC
CCCC
7C7C
ENDCHAR
STARTCHAR FB14
ENCODING 64276
SWIDTH 1000 0
DWIDTH 16 0
BBX 14 10 1 0
BITMAP
0780
0CC0
0CC0
CCFC
CCC0
CCC0
CCC0
CCCC
CCCC
7C7C
ENDCHAR
STARTCHAR FB15
ENCODING 64277
SWIDTH 1000 0
DWIDTH 16 0
BBX 14 13 1 -3
BITMAP
07C0
0CC0
0CC0
CCF8
CCCC
CCCC
CCCC
CCCC
CCCC
7CCC
00C0
00C0
00C0
ENDCHAR
STARTCHAR FB16
ENCODING 64278
SWIDTH 1000 0
DWIDTH 16 0
BBX 14 13 1 -3
BITMAP
0C00
2C00
1F80
CCCC
CCCC
CCCC
CCCC
CCCC
CCCC
7C7C
0C00
0C00
0E00
ENDCHAR
STARTCHAR FB17
ENCODING 64279
SWIDTH 1000 0
DWIDTH 16 0
BBX 14 13 1 -3
BITMAP
0780
0D80
0D80
CDEC
CDAC
CDAC
CDAC
CDAC
CDAC
7D9C
0180
0180
0180
ENDCHAR
STARTCHAR FB51
ENCODING 64337
SWIDTH 687 0
DWIDTH 11 0
BBX 7 13 4 0
BITMAP
18
24
F8
00
20
20
20
20
20
20
20
3E
1E
ENDCHAR
STARTCHAR FB53
ENCODING 64339
SWIDTH 687 0
DWIDTH 11 0
BBX 10 8 1 -3
BITMAP
8000
8080
8080
FFC0
7F40
0800
0000
0800
ENDCHAR
STARTCHAR FB54
ENCODING 64340
SWIDTH 687 0
DWIDTH 11 0
BBX 7 8 0 -3
BITMAP
02
02
02
FE
FC
02
00
02
ENDCHAR
STARTCHAR FB55
ENCODING 64341
SWIDTH 687 0
DWIDTH 11 0
BBX 11 7 0 -3
BITMAP
0400
0400
FFE0
FBE0
0400
0000
0400
ENDCHAR
STARTCHAR FB57
ENCODING 64343
SWIDTH 687 0
DWIDTH 11 0
BBX 10 7 1 -2
BITMAP
8000
8080
8080
FFC0
7F40
0000
2A00
ENDCHAR
STARTCHAR FB58
ENCODING 64344
SWIDTH 687 0
DWIDTH 11 0
BBX 8 7 0 -2
BITMAP
02
02
02
FE
FC
00
15
ENDCHAR
STARTCHAR FB59
ENCODING 64345
SWIDTH 687 0
DWIDTH 11 0
BBX 11 6 0 -2
BITMAP
0400
0400
FFE0
FBE0
0000
1500
ENDCHAR
STARTCHAR FB5B
ENCODING 64347
SWIDTH 687 0
DWIDTH 11 0
BBX 10 8 1 -3
BITMAP
8000
8080
8080
FFC0
7F40
1400
0000
1400
ENDCHAR
STARTCHAR FB5C
ENCODING 64348
SWIDTH 687 0
DWIDTH 11 0
BBX 9 8 0 -3
BITMAP
0200
0200
0200
FE00
FC00
0280
0000
0280
ENDCHAR
STARTCHAR FB5D
ENCODING 64349
SWIDTH 687 0
DWIDTH 11 0
BBX 11 7 0 -3
BITMAP
0400
0400
FFE0
FBE0
0A00
0000
0A00
ENDCHAR
STARTCHAR FB5F
ENCODING 64351
SWIDTH 687 0
DWIDTH 11 0
BBX 10 8 1 0
BITMAP
0800
0000
0800
8000
8080
8080
FFC0
7F40
ENDCHAR
STARTCHAR FB60
ENCODING 64352
SWIDTH 687 0
DWIDTH 11 0
BBX 7 9 0 0
BITMAP
02
00
02
00
02
02
02
FE
FC
ENDCHAR
STARTCHAR FB61
ENCODING 64353
SWIDTH 687 0
DWIDTH 11 0
BBX 11 8 0 0
BITMAP
0400
0000
0400
0000
0400
0400
FFE0
FBE0
ENDCHAR
STARTCHAR FB63
ENCODING 64355
SWIDTH 687 0
DWIDTH 11 0
BBX 10 8 1 0
BITMAP
1400
0000
1400
8000
8080
8080
FFC0
7F40
ENDCHAR
STARTCHAR FB64
ENCODING 64356
SWIDTH 687 0
DWIDTH 11 0
BBX 8 9 0 0
BITMAP
05
00
05
00
02
02
02
FE
FC
ENDCHAR
STARTCHAR FB65
ENCODING 64357
SWIDTH 687 0
DWIDTH 11 0
BBX 11 8 0 0
BITMAP
0A00
0000
0A00
0000
0400
0400
FFE0
FBE0
ENDCHAR
STARTCHAR FB67
ENCODING 64359
SWIDTH 687 0
DWIDTH 11 0
BBX 10 9 1 0
BITMAP
1000
1C00
1200
3C00
8000
8080
8080
FFC0
7F40
ENDCHAR
STARTCHAR FB68
ENCODING 64360
SWIDTH 687 0
DWIDTH 11 0
BBX 9 10 0 0
BITMAP
0400
0700
0480
0F00
0000
0200
0200
0200
FE00
FC00
ENDCHAR
STARTCHAR FB69
ENCODING 64361
SWIDTH 687 0
DWIDTH 11 0
BBX 11 9 0 0
BITMAP
0800
0E00
0900
1E00
0000
0400
0400
FFE0
FBE0
ENDCHAR
STARTCHAR FB6B
ENCODING 64363
SWIDTH 687 0
DWIDTH 11 0
BBX 11 11 0 0
BITMAP
0100
0000
0280
0000
0380
07C0
0440
86C0
8380
FFE0
7C60
ENDCHAR
STARTCHAR FB6C
ENCODING 64364
SWIDTH 687 0
DWIDTH 11 0
BBX 9 12 0 0
BITMAP
0200
0000
0500
0000
0700
0F80
0880
0F80
0780
0180
FF00
FE00
ENDCHAR
STARTCHAR FB6D
ENCODING 64365
SWIDTH 687 0
DWIDTH 11 0
BBX 11 11 0 0
BITMAP
0400
0000
0A00
0000
0E00
1F00
1100
1B00
0E00
FFE0
F1E0
ENDCHAR
STARTCHAR FB6F
ENCODING 64367
SWIDTH 687 0
DWIDTH 11 0
BBX 11 11 0 0
BITMAP
0280
0000
0280
0000
0380
07C0
0440
86C0
8380
FFE0
7C60
ENDCHAR
STARTCHAR FB70
ENCODING 64368
SWIDTH 687 0
DWIDTH 11 0
BBX 9 12 0 0
BITMAP
0500
0000
0500
0000
0700
0F80
0880
0F80
0780
0180
FF00
FE00
ENDCHAR
STARTCHAR FB71
ENCODING 64369
SWIDTH 687 0
DWIDTH 11 0
BBX 11 11 0 0
BITMAP
0A00
0000
0A00
0000
0E00
1F00
1100
1B00
0E00
FFE0
F1E0
ENDCHAR
STARTCHAR FB73
ENCODING 64371
SWIDTH 687 0
DWIDTH 11 0
BBX 10 11 1 -3
BITMAP
3C00
6600
0300
3F80
7F00
C180
88C0
8040
C800
6100
3E00
ENDCHAR
STARTCHAR FB74
ENCODING 64372
SWIDTH 687 0
DWIDTH 11 0
BBX 9 8 0 -3
BITMAP
1E00
3300
0180
FF80
FF00
0400
0000
0400
ENDCHAR
STARTCHAR FB75
ENCODING 64373
SWIDTH 687 0
DWIDTH 11 0
BBX 11 8 0 -3
BITMAP
1E00
3300
0180
FFE0
FEE0
0400
0000
0400
ENDCHAR
STARTCHAR FB77
ENCODING 64375
SWIDTH 687 0
DWIDTH 11 0
BBX 10 10 1 -3
BITMAP
3C00
6600
0300
3F80
7F00
C1C0
94C0
C000
7F00
3E00
ENDCHAR
STARTCHAR FB78
ENCODING 64376
SWIDTH 687 0
DWIDTH 11 0
BBX 9 7 0 -2
BITMAP
1E00
3300
0180
FF80
FF00
0000
0A00
ENDCHAR
STARTCHAR FB79
ENCODING 64377
SWIDTH 687 0
DWIDTH 11 0
BBX 11 7 0 -2
BITMAP
1E00
3300
0180
FFE0
FEE0
0000
0A00
ENDCHAR
STARTCHAR FB7B
ENCODING 64379
SWIDTH 687 0
DWIDTH 11 0
BBX 10 10 1 -3
BITMAP
3C00
6600
0300
3F80
7F00
C1C0
AAC0
C000
7F00
3E00
ENDCHAR
STARTCHAR FB7C
ENCODING 64380
SWIDTH 687 0
DWIDTH 11 0
BBX 9 7 0 -2
BITMAP
1E00
3300
0180
FF80
FF00
0000
1500
ENDCHAR
STARTCHAR FB7D
ENCODING 64381
SWIDTH 687 0
DWIDTH 11 0
BBX 11 7 0 -2
BITMAP
1E00
3300
0180
FFE0
FEE0
0000
1500
ENDCHAR
STARTCHAR FB7F
ENCODING 64383
SWIDTH 687 0
DWIDTH 11 0
BBX 10 11 1 -3
BITMAP
3C00
6600
0300
3F80
7F00
C180
94C0
8040
D400
6100
3E00
ENDCHAR
STARTCHAR FB80
ENCODING 64384
SWIDTH 687 0
DWIDTH 11 0
BBX 9 8 0 -3
BITMAP
1E00
3300
0180
FF80
FF00
0A00
0000
0A00
ENDCHAR
STARTCHAR FB81
ENCODING 64385
SWIDTH 687 0
DWIDTH 11 0
BBX 11 8 0 -3
BITMAP
1E00
3300
0180
FFE0
FEE0
0A00
0000
0A00
ENDCHAR
STARTCHAR FB83
ENCODING 64387
SWIDTH 687 0
DWIDTH 11 0
BBX 9 8 2 -2
BITMAP
6000
7000
1800
0C00
FF80
FB80
0000
5000
ENDCHAR
STARTCHAR FB85
ENCODING 64389
SWIDTH 687 0
DWIDTH 11 0
BBX 9 8 2 0
BITMAP
5000
0000
6000
7000
1800
0C00
FF80
FB80
ENDCHAR
STARTCHAR FB87
ENCODING 64391
SWIDTH 687 0
DWIDTH 11 0
BBX 9 10 2 0
BITMAP
2000
0000
5000
0000
6000
7000
1800
0C00
FF80
FB80
ENDCHAR
STARTCHAR FB89
ENCODING 64393
SWIDTH 687 0
DWIDTH 11 0
BBX 9 11 2 0
BITMAP
4000
7000
4800
F000
0000
6000
7000
1800
0C00
FF80
FB80
ENDCHAR
STARTCHAR FB8B
ENCODING 64395
SWIDTH 687 0
DWIDTH 11 0
BBX 9 12 2 -3
BITMAP
1000
0000
2800
0000
1000
1000
1800
1F80
3780
2000
E000
C000
ENDCHAR
STARTCHAR FB8D
ENCODING 64397
SWIDTH 687 0
DWIDTH 11 0
BBX 9 13 2 -3
BITMAP
2000
3800
2400
7800
0000
1000
1000
1800
1F80
3780
2000
E000
C000
ENDCHAR
STARTCHAR FB8F
ENCODING 64399
SWIDTH 687 0
DWIDTH 11 0
BBX 11 10 0 0
BITMAP
0080
0180
0300
0600
0400
0600
8300
8180
FFE0
7F60
ENDCHAR
STARTCHAR FB90
ENCODING 64400
SWIDTH 687 0
DWIDTH 11 0
BBX 8 10 0 0
BITMAP
01
03
06
0C
08
0C
06
03
FF
FE
ENDCHAR
STARTCHAR FB91
ENCODING 64401
SWIDTH 687 0
DWIDTH 11 0
BBX 11 10 0 0
BITMAP
0100
0300
0600
0C00
0800
0C00
0600
0300
FFE0
FEE0
ENDCHAR
STARTCHAR FB93
ENCODING 64403
SWIDTH 687 0
DWIDTH 11 0
BBX 11 11 0 0
BITMAP
0100
0280
0580
0B00
0600
0400
0600
8300
8180
FFE0
7F60
ENDCHAR
STARTCHAR FB94
ENCODING 64404
SWIDTH 687 0
DWIDTH 11 0
BBX 8 11 0 0
BITMAP
02
05
0B
16
0C
08
0C
06
03
FF
FE
ENDCHAR
STARTCHAR FB95
ENCODING 64405
SWIDTH 687 0
DWIDTH 11 0
BBX 11 11 0 0
BITMAP
0200
0500
0B00
1600
0C00
0800
0C00
0600
0300
FFE0
FEE0
ENDCHAR
STARTCHAR FB97
ENCODING 64407
SWIDTH 687 0
DWIDTH 11 0
BBX 11 14 0 -3
BITMAP
0100
0280
0580
0B00
0600
0400
0600
8300
8180
FFE0
7F60
0800
0000
0800
ENDCHAR
STARTCHAR FB98
ENCODING 64408
SWIDTH 687 0
DWIDTH 11 0
BBX 8 14 0 -3
BITMAP
02
05
0B
16
0C
08
0C
06
03
FF
FE
10
00
10
ENDCHAR
STARTCHAR FB99
ENCODING 64409
SWIDTH 687 0
DWIDTH 11 0
BBX 11 14 0 -3
BITMAP
0200
0500
0B00
1600
0C00
0800
0C00
0600
0300
FFE0
FEE0
0400
0000
0400
ENDCHAR
STARTCHAR FB9B
ENCODING 64411
SWIDTH 687 0
DWIDTH 11 0
BBX 11 11 0 0
BITMAP
2900
0280
0580
0B00
0600
0400
0600
8300
8180
FFE0
7F60
ENDCHAR
STARTCHAR FB9C
ENCODING 64412
SWIDTH 687 0
DWIDTH 11 0
BBX 8 11 0 0
BITMAP
52
05
0B
16
0C
08
0C
06
03
FF
FE
ENDCHAR
STARTCHAR FB9D
ENCODING 64413
SWIDTH 687 0
DWIDTH 11 0
BBX 11 12 0 0
BITMAP
2800
0200
0500
0B00
1600
0C00
0800
0C00
0600
0300
FFE0
FEE0
ENDCHAR
STARTCHAR FB9F
ENCODING 64415
SWIDTH 687 0
DWIDTH 11 0
BBX 10 6 1 -2
BITMAP
8080
8080
80C0
C1C0
7F00
3E00
ENDCHAR
STARTCHAR FBA1
ENCODING 64417
SWIDTH 687 0
DWIDTH 11 0
BBX 10 11 1 -2
BITMAP
1000
1C00
1200
3C00
0000
8080
8080
80C0
C1C0
7F00
3E00
ENDCHAR
STARTCHAR FBA2
ENCODING 64418
SWIDTH 687 0
DWIDTH 11 0
BBX 9 10 0 0
BITMAP
0400
0700
0480
0F00
0000
0200
0200
0200
FE00
FC00
ENDCHAR
STARTCHAR FBA3
ENCODING 64419
SWIDTH 687 0
DWIDTH 11 0
BBX 11 9 0 0
BITMAP
0800
0E00
0900
1E00
0000
0400
0400
FFE0
FBE0
ENDCHAR
STARTCHAR FBA5
ENCODING 64421
SWIDTH 687 0
DWIDTH 11 0
BBX 9 12 2 0
BITMAP
3000
4000
7000
0000
0800
7800
F800
8800
F800
6800
0F80
0780
ENDCHAR
STARTCHAR FBA7
ENCODING 64423
SWIDTH 687 0
DWIDTH 11 0
BBX 8 5 3 -1
BITMAP
20
30
7F
CF
80
ENDCHAR
STARTCHAR FBA8
ENCODING 64424
SWIDTH 687 0
DWIDTH 11 0
BBX 7 8 0 -3
BITMAP
02
02
06
FC
FA
04
06
06
ENDCHAR
STARTCHAR FBAB
ENCODING 64427
SWIDTH 687 0
DWIDTH 11 0
BBX 10 8 1 0
BITMAP
1000
1800
0C00
1E00
3F00
2500
7FC0
FEC0
ENDCHAR
STARTCHAR FBAD
ENCODING 64429
SWIDTH 687 0
DWIDTH 11 0
BBX 11 8 0 0
BITMAP
0800
0C00
0600
0F00
1F80
1280
FFE0
FF60
ENDCHAR
STARTCHAR FBAF
ENCODING 64431
SWIDTH 687 0
DWIDTH 11 0
BBX 10 5 1 -3
BITMAP
7FC0
FFC0
8000
FF80
7F80
ENDCHAR
STARTCHAR FBB1
ENCODING 64433
SWIDTH 687 0
DWIDTH 11 0
BBX 10 9 1 -3
BITMAP
3000
4000
7000
0000
7FC0
FFC0
8000
FF80
7F80
ENDCHAR
STARTCHAR FBD4
ENCODING 64468
SWIDTH 687 0
DWIDTH 11 0
BBX 9 12 2 0
BITMAP
1000
0000
2800
0200
1200
2200
1200
2200
0200
8200
FF80
7D80
ENDCHAR
STARTCHAR FBD5
ENCODING 64469
SWIDTH 687 0
DWIDTH 11 0
BBX 8 13 0 0
BITMAP
08
00
14
01
03
06
0C
08
0C
06
03
FF
FE
ENDCHAR
STARTCHAR FBD6
ENCODING 64470
SWIDTH 687 0
DWIDTH 11 0
BBX 11 13 0 0
BITMAP
0800
0000
1400
0100
0300
0600
0C00
0800
0C00
0600
0300
FFE0
FEE0
ENDCHAR
STARTCHAR FBD8
ENCODING 64472
SWIDTH 687 0
DWIDTH 11 0
BBX 8 14 3 -3
BITMAP
20
50
30
10
20
00
70
F8
88
FF
7F
10
70
60
ENDCHAR
STARTCHAR FBDA
ENCODING 64474
SWIDTH 687 0
DWIDTH 11 0
BBX 8 12 3 -3
BITMAP
50
50
20
00
70
F8
88
FF
7F
10
70
60
ENDCHAR
STARTCHAR FBDC
ENCODING 64476
SWIDTH 687 0
DWIDTH 11 0
BBX 8 12 3 -3
BITMAP
20
20
20
00
70
F8
88
FF
7F
10
70
60
ENDCHAR
STARTCHAR FBDF
ENCODING 64479
SWIDTH 687 0
DWIDTH 11 0
BBX 8 12 3 -3
BITMAP
20
00
50
00
70
F8
88
FF
7F
10
70
60
ENDCHAR
STARTCHAR FBE1
ENCODING 64481
SWIDTH 687 0
DWIDTH 11 0
BBX 10 8 1 -3
BITMAP
1C00
3E00
2200
3FC0
DFC0
6400
3C00
F800
ENDCHAR
STARTCHAR FBE3
ENCODING 64483
SWIDTH 687 0
DWIDTH 11 0
BBX 8 11 3 -3
BITMAP
20
50
00
70
F8
88
FF
7F
10
70
60
ENDCHAR
STARTCHAR FBE5
ENCODING 64485
SWIDTH 687 0
DWIDTH 11 0
BBX 11 10 0 -3
BITMAP
0600
0F00
0980
8CC0
8660
FE20
7C00
1000
0000
1000
ENDCHAR
STARTCHAR FBE8
ENCODING 64488
SWIDTH 687 0
DWIDTH 11 0
BBX 7 5 0 0
BITMAP
02
02
02
FE
FC
ENDCHAR
STARTCHAR FBE9
ENCODING 64489
SWIDTH 687 0
DWIDTH 11 0
BBX 11 4 0 0
BITMAP
0400
0400
FFE0
FBE0
ENDCHAR
STARTCHAR FD3E
ENCODING 64830
SWIDTH 687 0
DWIDTH 11 0
BBX 9 15 1 -3
BITMAP
0380
0600
0A00
1400
3600
5700
7F00
D580
7F00
5500
3600
1400
0A00
0600
0380
ENDCHAR
STARTCHAR FD3F
ENCODING 64831
SWIDTH 687 0
DWIDTH 11 0
BBX 9 15 1 -3
BITMAP
E000
3000
2800
1400
3600
5500
7F00
D580
7F00
5500
3600
1400
2800
3000
E000
ENDCHAR
STARTCHAR FDF2
ENCODING 65010
SWIDTH 687 0
DWIDTH 11 0
BBX 9 13 1 0
BITMAP
0800
0800
2200
2A00
1480
0280
0A80
2A80
6A80
AA80
EA80
7E80
1480
ENDCHAR
STARTCHAR FDFC
ENCODING 65020
SWIDTH 687 0
DWIDTH 11 0
BBX 11 14 0 -3
BITMAP
0200
0200
0A00
0A00
0A00
0A80
0AA0
0BA0
0920
0820
8AA0
D860
71C0
0180
ENDCHAR
STARTCHAR FE56
ENCODING 65110
SWIDTH 500 0
DWIDTH 8 0
BBX 6 7 1 0
BITMAP
78
CC
18
30
00
30
30
ENDCHAR
STARTCHAR FE57
ENCODING 65111
SWIDTH 500 0
DWIDTH 8 0
BBX 4 7 2 0
BITMAP
60
F0
60
60
00
60
60
ENDCHAR
STARTCHAR FE60
ENCODING 65120
SWIDTH 500 0
DWIDTH 8 0
BBX 7 7 1 0
BITMAP
78
CC
C0
7E
CC
CC
76
ENDCHAR
STARTCHAR FE62
ENCODING 65122
SWIDTH 500 0
DWIDTH 8 0
BBX 6 5 1 1
BITMAP
30
30
FC
30
30
ENDCHAR
STARTCHAR FE63
ENCODING 65123
SWIDTH 500 0
DWIDTH 8 0
BBX 6 1 1 3
BITMAP
FC
ENDCHAR
STARTCHAR FE64
ENCODING 65124
SWIDTH 500 0
DWIDTH 8 0
BBX 5 7 2 0
BITMAP
18
30
60
C0
60
30
18
ENDCHAR
STARTCHAR FE65
ENCODING 65125
SWIDTH 500 0
DWIDTH 8 0
BBX 5 7 2 0
BITMAP
C0
60
30
18
30
60
C0
ENDCHAR
STARTCHAR FE66
ENCODING 65126
SWIDTH 500 0
DWIDTH 8 0
BBX 6 3 1 2
BITMAP
FC
00
FC
ENDCHAR
STARTCHAR FE69
ENCODING 65129
SWIDTH 500 0
DWIDTH 8 0
BBX 6 11 1 -2
BITMAP
30
30
78
CC
C0
78
0C
CC
78
30
30
ENDCHAR
STARTCHAR FE6A
ENCODING 65130
SWIDTH 500 0
DWIDTH 8 0
BBX 8 7 0 0
BITMAP
73
DE
DC
7E
3B
7B
CE
ENDCHAR
STARTCHAR FE6B
ENCODING 65131
SWIDTH 500 0
DWIDTH 8 0
BBX 7 7 1 0
BITMAP
7C
C6
DE
F6
DE
C0
7E
ENDCHAR
STARTCHAR FE82
ENCODING 65154
SWIDTH 687 0
DWIDTH 11 0
BBX 10 12 1 0
BITMAP
4800
B000
0000
2000
2000
2000
2000
2000
2000
2000
3FC0
1FC0
ENDCHAR
STARTCHAR FE84
ENCODING 65156
SWIDTH 687 0
DWIDTH 11 0
BBX 9 13 2 0
BITMAP
6000
8000
E000
0000
4000
4000
4000
4000
4000
4000
4000
7F80
3F80
ENDCHAR
STARTCHAR FE86
ENCODING 65158
SWIDTH 687 0
DWIDTH 11 0
BBX 8 12 3 -3
BITMAP
30
40
70
00
70
F8
88
FF
7F
10
70
60
ENDCHAR
STARTCHAR FE88
ENCODING 65160
SWIDTH 687 0
DWIDTH 11 0
BBX 9 12 2 -3
BITMAP
4000
4000
4000
4000
4000
4000
6000
3F80
1F80
6000
8000
E000
ENDCHAR
STARTCHAR FE8A
ENCODING 65162
SWIDTH 687 0
DWIDTH 11 0
BBX 11 8 0 -1
BITMAP
3000
4300
7780
04C0
8660
8320
FF00
7E00
ENDCHAR
STARTCHAR FE8B
ENCODING 65163
SWIDTH 687 0
DWIDTH 11 0
BBX 8 9 0 0
BITMAP
03
04
07
00
02
02
02
FE
FC
ENDCHAR
STARTCHAR FE8C
ENCODING 65164
SWIDTH 687 0
DWIDTH 11 0
BBX 11 8 0 0
BITMAP
0600
0800
0E00
0000
0400
0400
FFE0
FBE0
ENDCHAR
STARTCHAR FE8E
ENCODING 65166
SWIDTH 687 0
DWIDTH 11 0
BBX 8 9 3 0
BITMAP
80
80
80
80
80
80
80
FF
7F
ENDCHAR
STARTCHAR FE90
ENCODING 65168
SWIDTH 687 0
DWIDTH 11 0
BBX 10 7 1 -2
BITMAP
8000
8080
8080
FFC0
7F40
0000
0800
ENDCHAR
STARTCHAR FE91
ENCODING 65169
SWIDTH 687 0
DWIDTH 11 0
BBX 7 7 0 -2
BITMAP
02
02
02
FE
FC
00
02
ENDCHAR
STARTCHAR FE92
ENCODING 65170
SWIDTH 687 0
DWIDTH 11 0
BBX 11 6 0 -2
BITMAP
0400
0400
FFE0
FBE0
0000
0400
ENDCHAR
STARTCHAR FE94
ENCODING 65172
SWIDTH 687 0
DWIDTH 11 0
BBX 9 10 2 0
BITMAP
2800
0000
0800
7800
F800
8800
F800
6800
0F80
0780
ENDCHAR
STARTCHAR FE96
ENCODING 65174
SWIDTH 687 0
DWIDTH 11 0
BBX 10 6 1 0
BITMAP
1400
8000
8080
8080
FFC0
7F40
ENDCHAR
STARTCHAR FE97
ENCODING 65175
SWIDTH 687 0
DWIDTH 11 0
BBX 8 7 0 0
BITMAP
05
00
02
02
02
FE
FC
ENDCHAR
STARTCHAR FE98
ENCODING 65176
SWIDTH 687 0
DWIDTH 11 0
BBX 11 6 0 0
BITMAP
0A00
0000
0400
0400
FFE0
FBE0
ENDCHAR
STARTCHAR FE9A
ENCODING 65178
SWIDTH 687 0
DWIDTH 11 0
BBX 10 8 1 0
BITMAP
0800
0000
1400
8000
8080
8080
FFC0
7F40
ENDCHAR
STARTCHAR FE9B
ENCODING 65179
SWIDTH 687 0
DWIDTH 11 0
BBX 8 9 0 0
BITMAP
02
00
05
00
02
02
02
FE
FC
ENDCHAR
STARTCHAR FE9C
ENCODING 65180
SWIDTH 687 0
DWIDTH 11 0
BBX 11 8 0 0
BITMAP
0400
0000
0A00
0000
0400
0400
FFE0
FBE0
ENDCHAR
STARTCHAR FE9E
ENCODING 65182
SWIDTH 687 0
DWIDTH 11 0
BBX 10 10 1 -3
BITMAP
3C00
6600
0300
3F80
7F00
C1C0
88C0
C000
7F00
3E00
ENDCHAR
STARTCHAR FE9F
ENCODING 65183
SWIDTH 687 0
DWIDTH 11 0
BBX 9 7 0 -2
BITMAP
1E00
3300
0180
FF80
FF00
0000
0400
ENDCHAR
STARTCHAR FEA0
ENCODING 65184
SWIDTH 687 0
DWIDTH 11 0
BBX 11 7 0 -2
BITMAP
1E00
3300
0180
FFE0
FEE0
0000
0400
ENDCHAR
STARTCHAR FEA2
ENCODING 65186
SWIDTH 687 0
DWIDTH 11 0
BBX 10 10 1 -3
BITMAP
3C00
6600
0300
3F80
7F00
C1C0
80C0
C000
7F00
3E00
ENDCHAR
STARTCHAR FEA3
ENCODING 65187
SWIDTH 687 0
DWIDTH 11 0
BBX 9 5 0 0
BITMAP
1E00
3300
0180
FF80
FF00
ENDCHAR
STARTCHAR FEA4
ENCODING 65188
SWIDTH 687 0
DWIDTH 11 0
BBX 11 5 0 0
BITMAP
1E00
3300
0180
FFE0
FEE0
ENDCHAR
STARTCHAR FEA6
ENCODING 65190
SWIDTH 687 0
DWIDTH 11 0
BBX 10 12 1 -3
BITMAP
0800
0000
3C00
6600
0300
3F80
7F00
C1C0
80C0
C000
7F00
3E00
ENDCHAR
STARTCHAR FEA7
ENCODING 65191
SWIDTH 687 0
DWIDTH 11 0
BBX 9 7 0 0
BITMAP
0400
0000
1E00
3300
0180
FF80
FF00
ENDCHAR
STARTCHAR FEA8
ENCODING 65192
SWIDTH 687 0
DWIDTH 11 0
BBX 11 7 0 0
BITMAP
0400
0000
1E00
3300
0180
FFE0
FEE0
ENDCHAR
STARTCHAR FEAA
ENCODING 65194
SWIDTH 687 0
DWIDTH 11 0
BBX 9 6 2 0
BITMAP
6000
7000
1800
0C00
FF80
FB80
ENDCHAR
STARTCHAR FEAC
ENCODING 65196
SWIDTH 687 0
DWIDTH 11 0
BBX 9 8 2 0
BITMAP
2000
0000
6000
7000
1800
0C00
FF80
FB80
ENDCHAR
STARTCHAR FEAE
ENCODING 65198
SWIDTH 687 0
DWIDTH 11 0
BBX 9 8 2 -3
BITMAP
1000
1000
1800
1F80
3780
2000
E000
C000
ENDCHAR
STARTCHAR FEB0
ENCODING 65200
SWIDTH 687 0
DWIDTH 11 0
BBX 9 10 2 -3
BITMAP
1000
0000
1000
1000
1800
1F80
3780
2000
E000
C000
ENDCHAR
STARTCHAR FEB2
ENCODING 65202
SWIDTH 687 0
DWIDTH 11 0
BBX 11 8 0 -3
BITMAP
0020
1120
1920
0FE0
8EC0
8800
F800
7000
ENDCHAR
STARTCHAR FEB3
ENCODING 65203
SWIDTH 687 0
DWIDTH 11 0
BBX 10 5 0 0
BITMAP
0040
1240
1240
FFC0
ED80
ENDCHAR
STARTCHAR FEB4
ENCODING 65204
SWIDTH 687 0
DWIDTH 11 0
BBX 11 5 0 0
BITMAP
0040
1240
1240
FFE0
EDA0
ENDCHAR
STARTCHAR FEB6
ENCODING 65206
SWIDTH 687 0
DWIDTH 11 0
BBX 11 12 0 -3
BITMAP
0100
0000
0280
0000
0020
1120
1920
0FE0
8EC0
8800
F800
7000
ENDCHAR
STARTCHAR FEB7
ENCODING 65207
SWIDTH 687 0
DWIDTH 11 0
BBX 10 9 0 0
BITMAP
0200
0000
0500
0000
0040
1240
1240
FFC0
ED80
ENDCHAR
STARTCHAR FEB8
ENCODING 65208
SWIDTH 687 0
DWIDTH 11 0
BBX 11 9 0 0
BITMAP
0200
0000
0500
0000
0040
1240
1240
FFE0
EDA0
ENDCHAR
STARTCHAR FEBA
ENCODING 65210
SWIDTH 687 0
DWIDTH 11 0
BBX 11 9 0 -3
BITMAP
01C0
03E0
1620
1C20
0FE0
8FC0
8800
F800
7000
ENDCHAR
STARTCHAR FEBB
ENCODING 65211
SWIDTH 687 0
DWIDTH 11 0
BBX 10 6 0 0
BITMAP
0380
07C0
2C40
3840
FFC0
DF80
ENDCHAR
STARTCHAR FEBC
ENCODING 65212
SWIDTH 687 0
DWIDTH 11 0
BBX 11 6 0 0
BITMAP
0380
07C0
2C40
3840
FFE0
DFA0
ENDCHAR
STARTCHAR FEBE
ENCODING 65214
SWIDTH 687 0
DWIDTH 11 0
BBX 11 11 0 -3
BITMAP
0100
0000
01C0
03E0
1620
1C20
0FE0
8FC0
8800
F800
7000
ENDCHAR
STARTCHAR FEBF
ENCODING 65215
SWIDTH 687 0
DWIDTH 11 0
BBX 10 8 0 0
BITMAP
0200
0000
0380
07C0
2C40
3840
FFC0
DF80
ENDCHAR
STARTCHAR FEC0
ENCODING 65216
SWIDTH 687 0
DWIDTH 11 0
BBX 11 8 0 0
BITMAP
0200
0000
0380
07C0
2C40
3840
FFE0
DFA0
ENDCHAR
STARTCHAR FEC2
ENCODING 65218
SWIDTH 687 0
DWIDTH 11 0
BBX 10 9 1 0
BITMAP
2000
2000
2000
2700
2F80
3880
3080
FFC0
FF40
ENDCHAR
STARTCHAR FEC3
ENCODING 65219
SWIDTH 687 0
DWIDTH 11 0
BBX 10 9 0 0
BITMAP
1000
1000
1000
1380
17C0
1C40
1840
FFC0
FF80
ENDCHAR
STARTCHAR FEC4
ENCODING 65220
SWIDTH 687 0
DWIDTH 11 0
BBX 11 9 0 0
BITMAP
1000
1000
1000
1380
17C0
1C40
1840
FFE0
FFA0
ENDCHAR
STARTCHAR FEC6
ENCODING 65222
SWIDTH 687 0
DWIDTH 11 0
BBX 10 9 1 0
BITMAP
2000
2400
2000
2700
2F80
3880
3080
FFC0
FF40
ENDCHAR
STARTCHAR FEC7
ENCODING 65223
SWIDTH 687 0
DWIDTH 11 0
BBX 10 9 0 0
BITMAP
1000
1200
1000
1380
17C0
1C40
1840
FFC0
FF80
ENDCHAR
STARTCHAR FEC8
ENCODING 65224
SWIDTH 687 0
DWIDTH 11 0
BBX 11 9 0 0
BITMAP
1000
1200
1000
1380
17C0
1C40
1840
FFE0
FFA0
ENDCHAR
STARTCHAR FECA
ENCODING 65226
SWIDTH 687 0
DWIDTH 11 0
BBX 9 10 2 -3
BITMAP
7000
F800
8800
F800
7C00
C780
8380
C400
FC00
7800
ENDCHAR
STARTCHAR FECB
ENCODING 65227
SWIDTH 687 0
DWIDTH 11 0
BBX 8 5 0 0
BITMAP
0E
1F
10
FF
EE
ENDCHAR
STARTCHAR FECC
ENCODING 65228
SWIDTH 687 0
DWIDTH 11 0
BBX 11 6 0 0
BITMAP
1F00
1F00
1100
0A00
FFE0
FBE0
ENDCHAR
STARTCHAR FECE
ENCODING 65230
SWIDTH 687 0
DWIDTH 11 0
BBX 9 12 2 -3
BITMAP
2000
0000
7000
F800
8800
F800
7C00
C780
8380
C400
FC00
7800
ENDCHAR
STARTCHAR FECF
ENCODING 65231
SWIDTH 687 0
DWIDTH 11 0
BBX 8 7 0 0
BITMAP
04
00
0E
1F
10
FF
EE
ENDCHAR
STARTCHAR FED0
ENCODING 65232
SWIDTH 687 0
DWIDTH 11 0
BBX 11 8 0 0
BITMAP
0400
0000
1F00
1F00
1100
0A00
FFE0
FBE0
ENDCHAR
STARTCHAR FED2
ENCODING 65234
SWIDTH 687 0
DWIDTH 11 0
BBX 11 9 0 0
BITMAP
0100
0000
0380
07C0
0440
86C0
8380
FFE0
7C60
ENDCHAR
STARTCHAR FED3
ENCODING 65235
SWIDTH 687 0
DWIDTH 11 0
BBX 9 10 0 0
BITMAP
0200
0000
0700
0F80
0880
0F80
0780
0180
FF00
FE00
ENDCHAR
STARTCHAR FED4
ENCODING 65236
SWIDTH 687 0
DWIDTH 11 0
BBX 11 9 0 0
BITMAP
0400
0000
0E00
1F00
1100
1B00
0E00
FFE0
F1E0
ENDCHAR
STARTCHAR FED6
ENCODING 65238
SWIDTH 687 0
DWIDTH 11 0
BBX 9 10 2 -3
BITMAP
0A00
0000
0E00
1F00
1100
9F80
8F80
C300
7E00
3C00
ENDCHAR
STARTCHAR FED7
ENCODING 65239
SWIDTH 687 0
DWIDTH 11 0
BBX 9 10 0 0
BITMAP
0500
0000
0700
0F80
0880
0F80
0780
0180
FF00
FE00
ENDCHAR
STARTCHAR FED8
ENCODING 65240
SWIDTH 687 0
DWIDTH 11 0
BBX 11 9 0 0
BITMAP
0A00
0000
0E00
1F00
1100
1B00
0E00
FFE0
F1E0
ENDCHAR
STARTCHAR FEDA
ENCODING 65242
SWIDTH 687 0
DWIDTH 11 0
BBX 9 9 2 0
BITMAP
0200
1200
2200
1200
2200
0200
8200
FF80
7D80
ENDCHAR
STARTCHAR FEDB
ENCODING 65243
SWIDTH 687 0
DWIDTH 11 0
BBX 8 10 0 0
BITMAP
01
03
06
0C
08
0C
06
03
FF
FE
ENDCHAR
STARTCHAR FEDC
ENCODING 65244
SWIDTH 687 0
DWIDTH 11 0
BBX 11 10 0 0
BITMAP
0100
0300
0600
0C00
0800
0C00
0600
0300
FFE0
FEE0
ENDCHAR
STARTCHAR FEDE
ENCODING 65246
SWIDTH 687 0
DWIDTH 11 0
BBX 9 12 2 -3
BITMAP
0200
0200
0200
0200
0200
0200
0200
8380
8380
C600
7C00
3800
ENDCHAR
STARTCHAR FEDF
ENCODING 65247
SWIDTH 687 0
DWIDTH 11 0
BBX 7 9 0 0
BITMAP
02
02
02
02
02
02
02
FE
FC
ENDCHAR
STARTCHAR FEE0
ENCODING 65248
SWIDTH 687 0
DWIDTH 11 0
BBX 11 9 0 0
BITMAP
0400
0400
0400
0400
0400
0400
0400
FFE0
FBE0
ENDCHAR
STARTCHAR FEE2
ENCODING 65250
SWIDTH 687 0
DWIDTH 11 0
BBX 8 8 3 -3
BITMAP
60
F0
98
7F
F7
80
80
80
ENDCHAR
STARTCHAR FEE3
ENCODING 65251
SWIDTH 687 0
DWIDTH 11 0
BBX 8 5 0 0
BITMAP
0C
1E
13
FF
EE
ENDCHAR
STARTCHAR FEE4
ENCODING 65252
SWIDTH 687 0
DWIDTH 11 0
BBX 11 5 0 0
BITMAP
0C00
1E00
1300
FFE0
EEE0
ENDCHAR
STARTCHAR FEE6
ENCODING 65254
SWIDTH 687 0
DWIDTH 11 0
BBX 10 8 1 -2
BITMAP
0800
0000
8080
8080
80C0
C1C0
7F00
3E00
ENDCHAR
STARTCHAR FEE7
ENCODING 65255
SWIDTH 687 0
DWIDTH 11 0
BBX 7 7 0 0
BITMAP
02
00
02
02
02
FE
FC
ENDCHAR
STARTCHAR FEE8
ENCODING 65256
SWIDTH 687 0
DWIDTH 11 0
BBX 11 6 0 0
BITMAP
0400
0000
0400
0400
FFE0
FBE0
ENDCHAR
STARTCHAR FEEA
ENCODING 65258
SWIDTH 687 0
DWIDTH 11 0
BBX 9 8 2 0
BITMAP
0800
7800
F800
8800
F800
6800
0F80
0780
ENDCHAR
STARTCHAR FEEB
ENCODING 65259
SWIDTH 687 0
DWIDTH 11 0
BBX 9 8 0 0
BITMAP
0800
0C00
0600
0F00
1F80
1280
FF80
FF00
ENDCHAR
STARTCHAR FEEC
ENCODING 65260
SWIDTH 687 0
DWIDTH 11 0
BBX 11 9 0 -3
BITMAP
0600
0F00
0900
0A00
FFE0
FBE0
0900
0F00
0600
ENDCHAR
STARTCHAR FEEE
ENCODING 65262
SWIDTH 687 0
DWIDTH 11 0
BBX 8 8 3 -3
BITMAP
70
F8
88
FF
7F
10
70
60
ENDCHAR
STARTCHAR FEF0
ENCODING 65264
SWIDTH 687 0
DWIDTH 11 0
BBX 11 7 0 -1
BITMAP
0300
0780
04C0
8660
8320
FF00
7E00
ENDCHAR
STARTCHAR FEF2
ENCODING 65266
SWIDTH 687 0
DWIDTH 11 0
BBX 11 9 0 -3
BITMAP
0300
0780
04C0
8660
8320
FF00
7E00
0000
2800
ENDCHAR
STARTCHAR FEF3
ENCODING 65267
SWIDTH 687 0
DWIDTH 11 0
BBX 8 7 0 -2
BITMAP
02
02
02
FE
FC
00
05
ENDCHAR
STARTCHAR FEF4
ENCODING 65268
SWIDTH 687 0
DWIDTH 11 0
BBX 11 6 0 -2
BITMAP
0400
0400
FFE0
FBE0
0000
0A00
ENDCHAR
STARTCHAR FEF5
ENCODING 65269
SWIDTH 687 0
DWIDTH 11 0
BBX 7 12 1 0
BITMAP
48
B0
00
22
22
12
12
0A
0A
06
3E
3C
ENDCHAR
STARTCHAR FEF6
ENCODING 65270
SWIDTH 687 0
DWIDTH 11 0
BBX 10 12 1 0
BITMAP
4800
B000
0000
2200
2200
1200
1200
0A00
0A00
0600
3FC0
3DC0
ENDCHAR
STARTCHAR FEF7
ENCODING 65271
SWIDTH 687 0
DWIDTH 11 0
BBX 6 13 2 0
BITMAP
60
80
E0
00
44
44
24
24
14
14
0C
7C
78
ENDCHAR
STARTCHAR FEF8
ENCODING 65272
SWIDTH 687 0
DWIDTH 11 0
BBX 9 13 2 0
BITMAP
6000
8000
E000
0000
4400
4400
2400
2400
1400
1400
0C00
7F80
7B80
ENDCHAR
STARTCHAR FEF9
ENCODING 65273
SWIDTH 687 0
DWIDTH 11 0
BBX 5 12 3 -3
BITMAP
88
88
48
48
28
28
18
F0
E0
18
20
38
ENDCHAR
STARTCHAR FEFA
ENCODING 65274
SWIDTH 687 0
DWIDTH 11 0
BBX 8 12 3 -3
BITMAP
88
88
48
48
28
28
18
FF
E7
18
20
38
ENDCHAR
STARTCHAR FEFB
ENCODING 65275
SWIDTH 687 0
DWIDTH 11 0
BBX 5 9 3 0
BITMAP
88
88
48
48
28
28
18
F8
F0
ENDCHAR
STARTCHAR FEFC
ENCODING 65276
SWIDTH 687 0
DWIDTH 11 0
BBX 8 9 3 0
BITMAP
88
88
48
48
28
28
18
FF
F7
ENDCHAR
STARTCHAR FF10
ENCODING 65296
SWIDTH 500 0
DWIDTH 8 0
BBX 6 7 1 0
BITMAP
78
CC
DC
CC
EC
CC
78
ENDCHAR
STARTCHAR FF11
ENCODING 65297
SWIDTH 500 0
DWIDTH 8 0
BBX 4 7 2 0
BITMAP
30
70
F0
30
30
30
30
ENDCHAR
STARTCHAR FF12
ENCODING 65298
SWIDTH 500 0
DWIDTH 8 0
BBX 6 7 1 0
BITMAP
78
CC
0C
38
60
C0
FC
ENDCHAR
STARTCHAR FF13
ENCODING 65299
SWIDTH 500 0
DWIDTH 8 0
BBX 6 8 1 -1
BITMAP
78
CC
0C
38
0C
0C
CC
78
ENDCHAR
STARTCHAR FF14
ENCODING 65300
SWIDTH 500 0
DWIDTH 8 0
BBX 7 8 1 -1
BITMAP
60
6C
6C
6C
CC
FE
0C
0C
ENDCHAR
STARTCHAR FF15
ENCODING 65301
SWIDTH 500 0
DWIDTH 8 0
BBX 6 8 1 -1
BITMAP
FC
C0
C0
F8
0C
0C
CC
78
ENDCHAR
STARTCHAR FF16
ENCODING 65302
SWIDTH 500 0
DWIDTH 8 0
BBX 6 8 1 0
BITMAP
38
60
C0
F8
CC
CC
CC
78
ENDCHAR
STARTCHAR FF17
ENCODING 65303
SWIDTH 500 0
DWIDTH 8 0
BBX 6 8 1 -1
BITMAP
FC
0C
18
30
30
60
60
60
ENDCHAR
STARTCHAR FF18
ENCODING 65304
SWIDTH 500 0
DWIDTH 8 0
BBX 6 8 1 0
BITMAP
78
CC
CC
78
CC
CC
CC
78
ENDCHAR
STARTCHAR FF19
ENCODING 65305
SWIDTH 500 0
DWIDTH 8 0
BBX 6 8 1 -1
BITMAP
78
CC
CC
CC
7C
0C
18
70
ENDCHAR
STARTCHAR FF21
ENCODING 65313
SWIDTH 500 0
DWIDTH 8 0
BBX 6 7 1 0
BITMAP
30
78
CC
CC
FC
CC
CC
ENDCHAR
STARTCHAR FF22
ENCODING 65314
SWIDTH 500 0
DWIDTH 8 0
BBX 6 7 1 0
BITMAP
F8
CC
CC
F8
CC
CC
F8
ENDCHAR
STARTCHAR FF23
ENCODING 65315
SWIDTH 500 0
DWIDTH 8 0
BBX 6 7 1 0
BITMAP
78
CC
CC
C0
CC
CC
78
ENDCHAR
STARTCHAR FF24
ENCODING 65316
SWIDTH 500 0
DWIDTH 8 0
BBX 6 7 1 0
BITMAP
F8
CC
CC
CC
CC
CC
F8
ENDCHAR
STARTCHAR FF25
ENCODING 65317
SWIDTH 500 0
DWIDTH 8 0
BBX 6 7 1 0
BITMAP
FC
C0
C0
F8
C0
C0
FC
ENDCHAR
STARTCHAR FF26
ENCODING 65318
SWIDTH 500 0
DWIDTH 8 0
BBX 6 7 1 0
BITMAP
FC
C0
C0
F8
C0
C0
C0
ENDCHAR
STARTCHAR FF27
ENCODING 65319
SWIDTH 500 0
DWIDTH 8 0
BBX 6 7 1 0
BITMAP
78
CC
C0
DC
CC
CC
7C
ENDCHAR
STARTCHAR FF28
ENCODING 65320
SWIDTH 500 0
DWIDTH 8 0
BBX 6 7 1 0
BITMAP
CC
CC
CC
FC
CC
CC
CC
ENDCHAR
STARTCHAR FF29
ENCODING 65321
SWIDTH 500 0
DWIDTH 8 0
BBX 4 7 2 0
BITMAP
F0
60
60
60
60
60
F0
ENDCHAR
STARTCHAR FF2A
ENCODING 65322
SWIDTH 500 0
DWIDTH 8 0
BBX 6 7 1 0
BITMAP
0C
0C
0C
0C
CC
CC
78
ENDCHAR
STARTCHAR FF2B
ENCODING 65323
SWIDTH 500 0
DWIDTH 8 0
BBX 6 7 1 0
BITMAP
CC
CC
D8
F0
D8
CC
CC
ENDCHAR
STARTCHAR FF2C
ENCODING 65324
SWIDTH 500 0
DWIDTH 8 0
BBX 6 7 1 0
BITMAP
C0
C0
C0
C0
C0
C0
FC
ENDCHAR
STARTCHAR FF2D
ENCODING 65325
SWIDTH 500 0
DWIDTH 8 0
BBX 7 7 1 0
BITMAP
C6
EE
D6
D6
C6
C6
C6
ENDCHAR
STARTCHAR FF2E
ENCODING 65326
SWIDTH 500 0
DWIDTH 8 0
BBX 7 7 1 0
BITMAP
C6
E6
F6
DE
CE
C6
C6
ENDCHAR
STARTCHAR FF2F
ENCODING 65327
SWIDTH 500 0
DWIDTH 8 0
BBX 6 7 1 0
BITMAP
78
CC
CC
CC
CC
CC
78
ENDCHAR
STARTCHAR FF30
ENCODING 65328
SWIDTH 500 0
DWIDTH 8 0
BBX 6 7 1 0
BITMAP
F8
CC
CC
F8
C0
C0
C0
ENDCHAR
STARTCHAR FF31
ENCODING 65329
SWIDTH 500 0
DWIDTH 8 0
BBX 6 9 1 -2
BITMAP
78
CC
CC
CC
CC
CC
78
18
0C
ENDCHAR
STARTCHAR FF32
ENCODING 65330
SWIDTH 500 0
DWIDTH 8 0
BBX 6 7 1 0
BITMAP
F8
CC
CC
F8
CC
CC
CC
ENDCHAR
STARTCHAR FF33
ENCODING 65331
SWIDTH 500 0
DWIDTH 8 0
BBX 6 7 1 0
BITMAP
78
CC
C0
78
0C
CC
78
ENDCHAR
STARTCHAR FF34
ENCODING 65332
SWIDTH 500 0
DWIDTH 8 0
BBX 6 7 1 0
BITMAP
FC
30
30
30
30
30
30
ENDCHAR
STARTCHAR FF35
ENCODING 65333
SWIDTH 500 0
DWIDTH 8 0
BBX 6 7 1 0
BITMAP
CC
CC
CC
CC
CC
CC
78
ENDCHAR
STARTCHAR FF36
ENCODING 65334
SWIDTH 500 0
DWIDTH 8 0
BBX 6 7 1 0
BITMAP
CC
CC
CC
CC
CC
78
30
ENDCHAR
STARTCHAR FF37
ENCODING 65335
SWIDTH 500 0
DWIDTH 8 0
BBX 7 7 1 0
BITMAP
C6
C6
D6
D6
D6
7C
6C
ENDCHAR
STARTCHAR FF38
ENCODING 65336
SWIDTH 500 0
DWIDTH 8 0
BBX 6 7 1 0
BITMAP
CC
CC
78
30
78
CC
CC
ENDCHAR
STARTCHAR FF39
ENCODING 65337
SWIDTH 500 0
DWIDTH 8 0
BBX 6 7 1 0
BITMAP
CC
CC
CC
78
30
30
30
ENDCHAR
STARTCHAR FF3A
ENCODING 65338
SWIDTH 500 0
DWIDTH 8 0
BBX 6 7 1 0
BITMAP
FC
0C
18
30
60
C0
FC
ENDCHAR
STARTCHAR FF5E
ENCODING 65374
SWIDTH 1000 0
DWIDTH 16 0
BBX 14 3 1 2
BITMAP
3E0C
F7BC
C1F0
ENDCHAR
STARTCHAR FFFC
ENCODING 65532
SWIDTH 1500 0
DWIDTH 24 0
BBX 21 9 2 0
BITMAP
FFFFF8
FFFFF8
E30F98
C92798
C90F98
C92498
E30E38
FFFFF8
FFFFF8
ENDCHAR
STARTCHAR FFFD
ENCODING 65533
SWIDTH 500 0
DWIDTH 8 0
BBX 8 11 0 -1
BITMAP
FF
C3
99
99
F3
E7
E7
FF
E7
E7
FF
ENDCHAR
ENDFONT
